Gene	CN4_1_abs	CN4_2_abs	CN4_3_abs	CN22_1_abs	CN22_2_abs	CN22_3_abs	CN38_1_abs	CN38_2_abs	CN38_3_abs	CN75_1_abs	CN75_2_abs	CN75_3_abs	CN_hGR_1_abs	CN_hGR_2_abs	CN_hGR_3_abs	CN_hGR_4_abs
YNL083W	NA	NA	NA	NA	NA	NA	NA	NA	NA	NA	NA	NA	NA	NA	NA	NA
YPL228W	2.56E-07	2.04E-07	2.48E-07	2.80E-07	2.75E-07	3.87E-07	2.05E-07	1.33E-07	1.91E-07	1.24E-07	1.85E-07	NA	1.10E-07	1.46E-07	1.83E-07	1.35E-07
YPL081W	1.39E-06	1.45E-06	1.63E-06	1.69E-06	1.58E-06	1.62E-06	1.13E-06	1.06E-06	1.12E-06	8.30E-07	1.01E-06	8.95E-07	1.12E-06	1.04E-06	1.05E-06	1.11E-06
YDR204W	2.25E-07	2.60E-07	1.38E-07	1.63E-07	NA	1.57E-07	1.34E-07	1.62E-07	1.13E-07	1.49E-07	1.30E-07	1.45E-07	NA	NA	9.81E-08	NA
YLR390W-A	NA	2.89E-08	NA	NA	2.28E-08	NA	2.02E-08	NA	NA	NA	1.22E-08	NA	NA	NA	2.38E-08	2.42E-08
YPR089W	NA	NA	NA	NA	NA	NA	NA	NA	NA	NA	NA	NA	NA	NA	NA	NA
YPL249C-A	3.90E-05	3.97E-05	4.13E-05	3.64E-05	3.53E-05	3.82E-05	2.01E-05	2.19E-05	2.21E-05	1.91E-05	1.88E-05	1.93E-05	4.31E-05	4.35E-05	4.19E-05	4.02E-05
YOR298C-A	3.25E-05	3.75E-05	3.95E-05	3.94E-05	3.87E-05	3.94E-05	2.30E-05	2.31E-05	2.25E-05	1.83E-05	1.97E-05	1.80E-05	1.84E-05	1.92E-05	1.76E-05	1.72E-05
YBR085C-A	3.76E-07	3.28E-07	4.23E-07	4.10E-07	4.47E-07	4.26E-07	3.06E-07	3.69E-07	3.48E-07	2.64E-07	2.83E-07	2.93E-07	1.90E-07	1.90E-07	2.10E-07	1.67E-07
YEL020W-A	7.17E-07	8.45E-07	6.77E-07	8.82E-07	8.16E-07	8.76E-07	5.30E-07	5.40E-07	5.43E-07	4.06E-07	4.19E-07	4.84E-07	9.68E-07	9.83E-07	9.54E-07	9.43E-07
YDL045W-A	8.53E-07	6.96E-07	7.76E-07	5.65E-07	4.67E-07	6.38E-07	3.76E-07	4.06E-07	3.16E-07	3.03E-07	NA	3.59E-07	1.28E-06	1.15E-06	1.39E-06	1.32E-06
YDR363W-A	NA	NA	4.67E-08	NA	NA	4.81E-08	NA	NA	NA	NA	NA	NA	NA	NA	NA	NA
YFR033C	2.55E-06	1.95E-06	2.05E-06	1.72E-06	1.68E-06	1.66E-06	1.16E-06	1.33E-06	1.51E-06	8.69E-07	9.98E-07	8.88E-07	1.90E-06	1.98E-06	2.47E-06	1.96E-06
YDR529C	1.05E-05	1.03E-05	8.79E-06	9.98E-06	9.94E-06	1.09E-05	7.61E-06	7.49E-06	7.82E-06	5.59E-06	5.66E-06	5.90E-06	9.13E-06	8.39E-06	9.73E-06	9.23E-06
YML054C	7.56E-06	7.70E-06	7.22E-06	2.42E-06	2.09E-06	2.41E-06	3.53E-07	3.32E-07	3.18E-07	2.65E-07	2.68E-07	3.00E-07	5.23E-06	5.03E-06	6.18E-06	5.51E-06
YOL086C	6.14E-05	5.19E-05	6.18E-05	0.000133069	0.000124516	0.000130563	9.41E-05	9.22E-05	8.80E-05	7.48E-05	7.62E-05	7.71E-05	6.17E-05	5.94E-05	6.93E-05	6.61E-05
YMR303C	0.000257858	0.000283842	0.000197939	5.65E-05	5.17E-05	5.27E-05	2.11E-05	7.43E-06	2.18E-05	1.69E-05	1.73E-05	2.12E-05	3.78E-06	6.77E-06	7.44E-06	1.43E-05
YGR192C	0.000288871	0.000320875	0.000323868	0.000351752	0.00032452	0.000344332	0.00022318	0.000231375	0.000217897	0.000181459	0.000189213	0.000175611	0.000181614	0.000177107	0.000190363	0.000182562
YJL052W	1.58E-05	1.68E-05	3.50E-05	3.57E-05	3.02E-05	3.57E-05	1.34E-05	1.34E-05	1.33E-05	7.66E-06	6.80E-06	5.75E-06	4.62E-06	3.72E-06	5.72E-06	4.73E-06
YHR051W	2.11E-06	2.11E-06	1.80E-06	1.73E-06	1.85E-06	1.95E-06	1.50E-06	1.44E-06	1.25E-06	9.57E-07	9.29E-07	9.86E-07	1.54E-06	1.46E-06	1.73E-06	1.55E-06
YKR066C	1.03E-06	1.07E-06	9.82E-07	1.31E-06	1.20E-06	1.28E-06	6.45E-07	7.00E-07	6.97E-07	5.26E-07	6.28E-07	6.18E-07	3.76E-07	3.65E-07	4.36E-07	3.95E-07
YJR104C	6.19E-05	6.76E-05	8.54E-05	6.46E-05	6.44E-05	6.99E-05	5.66E-05	5.88E-05	5.93E-05	4.55E-05	5.05E-05	4.92E-05	5.37E-05	5.02E-05	5.83E-05	5.48E-05
YHR008C	9.74E-06	1.05E-05	1.13E-05	9.11E-06	8.66E-06	9.43E-06	7.27E-06	6.72E-06	6.91E-06	4.78E-06	5.40E-06	5.06E-06	6.13E-06	6.43E-06	7.80E-06	6.85E-06
YER055C	5.10E-06	5.40E-06	4.91E-06	8.25E-06	7.75E-06	8.96E-06	4.46E-06	4.45E-06	4.15E-06	3.74E-06	3.95E-06	4.35E-06	4.78E-06	5.08E-06	4.31E-06	4.09E-06
YBR160W	8.66E-07	7.53E-07	8.54E-07	6.95E-07	6.47E-07	7.37E-07	4.44E-07	4.58E-07	4.36E-07	3.73E-07	3.88E-07	4.34E-07	4.18E-07	3.53E-07	4.37E-07	3.60E-07
YAL038W	6.07E-05	5.67E-05	5.69E-05	8.51E-05	8.73E-05	8.37E-05	7.40E-05	7.65E-05	7.18E-05	6.34E-05	6.36E-05	6.64E-05	3.59E-05	3.69E-05	3.50E-05	3.39E-05
YCR012W	0.00020257	0.00021396	0.000211213	0.000235663	0.000212396	0.00023187	0.000138683	0.000139609	0.000134776	0.000108181	0.000113581	0.000104437	9.15E-05	8.88E-05	0.00010085	9.55E-05
YMR297W	2.39E-06	2.59E-06	2.31E-06	3.40E-06	3.42E-06	3.52E-06	2.23E-06	2.19E-06	2.14E-06	1.97E-06	1.79E-06	1.66E-06	5.72E-07	5.64E-07	6.83E-07	5.92E-07
YPL111W	2.41E-07	2.54E-07	4.25E-07	2.78E-07	2.44E-07	2.79E-07	8.66E-08	8.76E-08	8.67E-08	5.93E-08	6.50E-08	6.32E-08	1.34E-07	1.51E-07	1.44E-07	1.25E-07
YCL030C	7.20E-06	6.52E-06	7.30E-06	6.89E-06	6.68E-06	6.70E-06	5.34E-06	5.53E-06	5.64E-06	5.12E-06	4.98E-06	5.30E-06	9.67E-06	9.84E-06	8.92E-06	9.22E-06
YBR011C	2.96E-05	2.93E-05	2.92E-05	2.77E-05	2.97E-05	2.96E-05	1.97E-05	2.02E-05	1.96E-05	1.67E-05	1.79E-05	1.76E-05	2.01E-05	2.02E-05	2.15E-05	2.10E-05
YJR121W	4.60E-05	4.30E-05	3.97E-05	3.94E-05	3.90E-05	3.91E-05	3.38E-05	2.82E-05	3.12E-05	1.91E-05	1.78E-05	1.98E-05	4.03E-05	3.74E-05	4.60E-05	4.12E-05
YNR001C	3.01E-05	2.79E-05	2.85E-05	1.82E-05	2.04E-05	1.97E-05	1.10E-05	1.07E-05	1.06E-05	7.05E-06	6.09E-06	7.07E-06	2.89E-05	2.62E-05	3.39E-05	3.09E-05
YER090W	1.81E-06	1.84E-06	1.92E-06	1.67E-06	1.75E-06	1.74E-06	9.25E-07	9.48E-07	9.63E-07	7.66E-07	8.10E-07	8.32E-07	1.54E-06	1.60E-06	1.66E-06	1.59E-06
YGR254W	9.84E-05	0.000112312	0.000122205	9.21E-05	8.60E-05	9.07E-05	6.68E-05	6.33E-05	6.36E-05	5.44E-05	5.74E-05	4.78E-05	2.26E-05	2.09E-05	2.58E-05	2.40E-05
YHR174W	0.000196494	0.000192224	0.000194647	0.000225538	0.00021108	0.000214019	0.000147875	0.000147578	0.000146079	0.000126185	0.000109941	0.000104914	0.000144622	0.000145546	0.0001364	0.000138605
YER086W	3.33E-06	3.36E-06	3.35E-06	3.32E-06	3.47E-06	3.43E-06	2.08E-06	2.01E-06	2.00E-06	1.87E-06	1.66E-06	1.85E-06	2.75E-06	2.82E-06	2.81E-06	2.55E-06
YGL026C	7.10E-06	6.88E-06	7.18E-06	8.09E-06	7.98E-06	7.94E-06	4.67E-06	4.59E-06	4.75E-06	4.04E-06	3.76E-06	3.96E-06	7.09E-06	7.03E-06	6.77E-06	6.88E-06
YKL211C	1.91E-06	1.92E-06	2.09E-06	1.86E-06	2.04E-06	2.09E-06	1.19E-06	1.12E-06	1.17E-06	9.84E-07	9.77E-07	1.04E-06	1.55E-06	1.55E-06	1.60E-06	1.53E-06
YDR050C	0.000110296	0.000112525	0.000119288	0.00012211	0.000114523	0.000126186	8.66E-05	8.81E-05	8.38E-05	7.27E-05	7.58E-05	7.49E-05	6.27E-05	6.13E-05	6.56E-05	6.58E-05
YKL152C	0.00011157	0.00011937	0.000124568	0.000167831	0.000151575	0.000161485	8.89E-05	9.86E-05	8.97E-05	7.42E-05	7.84E-05	7.63E-05	5.05E-05	4.96E-05	5.31E-05	4.86E-05
YGR264C	1.08E-06	1.00E-06	1.13E-06	1.07E-06	1.09E-06	1.12E-06	8.57E-07	8.09E-07	8.70E-07	7.27E-07	6.87E-07	7.78E-07	1.45E-06	1.51E-06	1.35E-06	1.43E-06
YMR174C	2.30E-07	3.17E-07	3.80E-07	2.53E-07	2.31E-07	2.19E-07	9.60E-08	9.28E-08	9.04E-08	7.95E-08	8.06E-08	6.10E-08	NA	NA	NA	1.83E-08
YDL181W	2.37E-05	2.16E-05	2.49E-05	1.64E-05	1.68E-05	1.76E-05	1.30E-05	1.21E-05	1.35E-05	NA	NA	8.26E-06	1.27E-05	1.17E-05	1.56E-05	1.33E-05
YDL130W-A	NA	1.65E-05	1.70E-05	1.08E-05	1.06E-05	1.13E-05	5.73E-06	5.55E-06	6.10E-06	4.07E-06	5.80E-06	4.77E-06	7.69E-06	5.31E-06	NA	6.64E-06
YOR101W	8.99E-08	NA	NA	NA	1.06E-07	1.78E-07	1.10E-07	8.62E-08	9.84E-08	7.01E-08	NA	7.14E-08	5.19E-08	5.87E-08	4.08E-08	NA
YNL098C	3.24E-06	3.66E-06	4.39E-06	3.46E-06	3.43E-06	3.64E-06	1.76E-06	1.90E-06	1.99E-06	1.60E-06	1.78E-06	1.72E-06	1.65E-06	1.61E-06	1.74E-06	1.64E-06
YFL038C	7.49E-06	7.29E-06	8.23E-06	9.11E-06	8.55E-06	8.21E-06	6.11E-06	5.55E-06	6.18E-06	4.59E-06	4.87E-06	5.26E-06	4.59E-06	4.14E-06	5.59E-06	6.55E-06
YBR009C	4.76E-05	5.02E-05	4.51E-05	7.98E-05	8.59E-05	8.60E-05	5.77E-05	6.40E-05	6.11E-05	5.26E-05	5.35E-05	5.24E-05	3.37E-05	3.31E-05	3.41E-05	3.38E-05
YDR382W	5.48E-06	5.65E-06	5.59E-06	5.09E-06	4.68E-06	5.27E-06	3.11E-06	3.03E-06	2.85E-06	2.35E-06	2.78E-06	2.85E-06	5.69E-06	5.93E-06	5.57E-06	5.64E-06
YGL103W	3.91E-05	4.13E-05	3.78E-05	3.61E-05	3.49E-05	3.94E-05	2.34E-05	2.26E-05	2.19E-05	1.74E-05	1.71E-05	1.85E-05	3.91E-05	3.86E-05	3.81E-05	3.79E-05
YFL037W	8.87E-06	9.03E-06	7.88E-06	1.01E-05	1.03E-05	9.87E-06	5.96E-06	6.11E-06	5.65E-06	5.21E-06	5.28E-06	5.76E-06	5.09E-06	4.60E-06	5.19E-06	5.26E-06
YPL240C	3.52E-06	3.63E-06	5.67E-06	4.50E-06	4.46E-06	4.24E-06	2.95E-06	2.96E-06	2.96E-06	2.24E-06	2.20E-06	1.78E-06	1.76E-06	1.71E-06	1.79E-06	1.70E-06
YOR187W	5.11E-06	5.02E-06	5.81E-06	4.56E-06	4.69E-06	4.76E-06	3.71E-06	3.51E-06	3.39E-06	2.47E-06	2.43E-06	2.76E-06	9.36E-06	8.92E-06	9.72E-06	9.10E-06
YPR080W	0.000242815	0.000252042	0.000233758	0.000206734	0.000199948	0.000208996	0.00014332	0.000134122	0.000140079	0.000113541	0.000111036	0.000117263	0.000205973	0.000193184	0.000207994	0.00020084
YHL038C	8.00E-08	7.12E-08	8.24E-08	NA	7.06E-08	8.88E-08	4.02E-08	4.51E-08	4.12E-08	NA	2.87E-08	NA	9.45E-08	1.02E-07	1.28E-07	1.00E-07
YEL021W	9.23E-07	9.57E-07	8.17E-07	9.94E-07	1.01E-06	9.86E-07	5.93E-07	7.25E-07	6.54E-07	5.54E-07	5.41E-07	5.36E-07	6.86E-07	6.65E-07	7.06E-07	6.89E-07
YJR109C	3.92E-06	3.98E-06	4.81E-06	5.82E-06	5.52E-06	5.82E-06	3.36E-06	3.29E-06	3.47E-06	3.58E-06	3.80E-06	3.54E-06	4.53E-06	4.61E-06	4.26E-06	4.84E-06
YGL187C	7.80E-07	8.49E-07	7.00E-07	8.03E-07	7.49E-07	7.88E-07	5.62E-07	5.49E-07	5.82E-07	3.73E-07	4.00E-07	4.27E-07	5.71E-07	5.11E-07	5.79E-07	5.76E-07
YLR395C	3.42E-06	NA	3.58E-06	2.89E-06	NA	3.12E-06	3.13E-06	2.91E-06	2.90E-06	1.67E-06	NA	1.94E-06	2.14E-06	1.85E-06	2.05E-06	2.42E-06
YMR300C	3.67E-06	3.22E-06	3.13E-06	3.62E-06	3.77E-06	4.08E-06	2.21E-06	2.34E-06	2.39E-06	1.85E-06	1.92E-06	2.07E-06	3.70E-06	3.69E-06	3.65E-06	3.66E-06
YDL140C	6.20E-07	6.16E-07	6.89E-07	7.29E-07	7.37E-07	7.67E-07	5.03E-07	4.94E-07	5.40E-07	4.04E-07	4.37E-07	4.21E-07	5.71E-07	5.87E-07	5.90E-07	6.57E-07
YOR116C	8.89E-08	9.64E-08	1.21E-07	1.35E-07	9.21E-08	1.08E-07	7.69E-08	8.41E-08	6.99E-08	7.69E-08	6.24E-08	5.52E-08	8.42E-08	1.00E-07	1.06E-07	1.00E-07
YHR018C	3.12E-06	3.09E-06	3.97E-06	8.95E-06	9.14E-06	9.15E-06	6.65E-06	6.40E-06	6.39E-06	5.54E-06	5.13E-06	5.54E-06	4.03E-06	3.94E-06	4.04E-06	4.32E-06
YER165W	1.46E-05	1.48E-05	1.40E-05	1.39E-05	1.42E-05	1.43E-05	8.88E-06	8.74E-06	8.73E-06	7.09E-06	7.64E-06	8.08E-06	1.24E-05	1.25E-05	1.23E-05	1.22E-05
YDR408C	2.16E-06	1.86E-06	2.45E-06	1.14E-06	1.25E-06	1.27E-06	7.23E-07	8.20E-07	7.66E-07	8.23E-07	7.55E-07	7.38E-07	1.68E-06	1.69E-06	1.58E-06	1.48E-06
YCL018W	1.48E-05	1.51E-05	1.63E-05	1.29E-05	1.33E-05	1.37E-05	9.27E-06	8.80E-06	8.36E-06	6.92E-06	7.13E-06	7.01E-06	1.08E-05	1.04E-05	1.13E-05	1.09E-05
YGL031C	7.03E-05	6.26E-05	5.55E-05	5.84E-05	5.71E-05	5.47E-05	3.18E-05	3.29E-05	3.22E-05	2.61E-05	2.89E-05	3.06E-05	6.18E-05	6.30E-05	5.94E-05	6.03E-05
YOL127W	5.70E-05	5.88E-05	5.71E-05	5.63E-05	6.04E-05	5.97E-05	3.22E-05	3.29E-05	3.02E-05	2.59E-05	2.75E-05	2.95E-05	6.57E-05	6.55E-05	6.50E-05	6.32E-05
YJL189W	4.38E-05	4.59E-05	4.25E-05	4.17E-05	4.08E-05	4.16E-05	2.49E-05	2.36E-05	1.90E-05	1.90E-05	1.88E-05	2.19E-05	3.99E-05	5.15E-05	4.40E-05	4.59E-05
YOL006C	1.28E-07	1.16E-07	2.51E-07	1.65E-07	1.79E-07	2.93E-07	1.90E-07	1.30E-07	2.54E-07	1.04E-07	1.40E-07	1.48E-07	1.66E-07	1.47E-07	2.07E-07	1.61E-07
YIL078W	4.93E-06	4.65E-06	4.67E-06	4.09E-06	4.31E-06	4.40E-06	2.65E-06	2.68E-06	2.75E-06	2.23E-06	2.14E-06	2.38E-06	4.84E-06	4.95E-06	4.72E-06	4.59E-06
YLL018C	1.17E-05	1.11E-05	1.12E-05	9.69E-06	9.30E-06	9.78E-06	5.30E-06	5.29E-06	5.46E-06	4.49E-06	4.31E-06	4.61E-06	7.16E-06	6.92E-06	7.56E-06	7.16E-06
YDR268W	6.99E-08	9.71E-08	1.23E-07	9.87E-08	9.43E-08	9.42E-08	6.02E-08	6.31E-08	7.40E-08	3.37E-08	4.48E-08	5.00E-08	6.11E-08	7.40E-08	7.52E-08	7.39E-08
YFR053C	4.67E-05	4.49E-05	4.23E-05	2.67E-05	2.54E-05	2.59E-05	7.48E-06	6.81E-06	7.17E-06	4.38E-06	4.15E-06	4.40E-06	1.81E-05	1.77E-05	1.89E-05	1.88E-05
YGL253W	9.70E-06	9.00E-06	7.87E-06	1.13E-05	1.20E-05	1.21E-05	1.04E-05	1.00E-05	1.01E-05	8.09E-06	8.01E-06	8.28E-06	1.33E-05	1.41E-05	1.29E-05	1.32E-05
YLR310C	6.82E-07	5.25E-07	1.03E-06	9.72E-07	8.31E-07	1.16E-06	NA	7.99E-07	6.95E-07	4.77E-07	NA	6.20E-07	2.29E-07	NA	NA	NA
YNL055C	3.57E-05	3.62E-05	3.90E-05	3.18E-05	3.13E-05	3.34E-05	2.49E-05	2.62E-05	2.56E-05	1.90E-05	1.92E-05	2.11E-05	2.83E-05	2.79E-05	3.27E-05	3.01E-05
YJL088W	1.04E-05	1.14E-05	1.05E-05	1.30E-05	1.38E-05	1.28E-05	1.03E-05	1.00E-05	1.01E-05	8.39E-06	8.39E-06	8.43E-06	1.02E-05	9.77E-06	9.84E-06	9.65E-06
YLR340W	4.33E-05	4.29E-05	4.40E-05	4.32E-05	4.23E-05	4.14E-05	2.84E-05	2.70E-05	2.72E-05	2.32E-05	2.04E-05	2.13E-05	4.35E-05	4.07E-05	4.18E-05	3.99E-05
YOL039W	5.69E-06	5.64E-06	5.04E-06	4.48E-06	6.32E-06	4.63E-06	2.96E-06	2.84E-06	2.90E-06	2.28E-06	2.41E-06	2.44E-06	5.31E-06	5.27E-06	5.45E-06	5.24E-06
YGL040C	5.64E-06	5.89E-06	5.45E-06	3.53E-06	3.67E-06	3.60E-06	2.53E-06	2.57E-06	2.64E-06	1.98E-06	2.16E-06	2.16E-06	7.28E-06	6.57E-06	7.72E-06	7.52E-06
YGR157W	2.72E-07	2.38E-07	2.09E-07	4.37E-07	4.41E-07	4.52E-07	3.84E-07	3.38E-07	3.90E-07	2.62E-07	3.11E-07	3.54E-07	3.88E-07	3.22E-07	4.01E-07	5.76E-07
YJR073C	4.35E-07	2.82E-07	2.08E-07	4.18E-07	6.13E-07	3.28E-07	2.50E-07	4.19E-07	3.03E-07	2.81E-07	2.42E-07	2.69E-07	2.11E-07	2.25E-07	2.45E-07	3.36E-07
YDR172W	3.10E-06	3.01E-06	4.01E-06	2.92E-06	2.85E-06	2.96E-06	1.84E-06	1.77E-06	1.84E-06	1.40E-06	1.42E-06	1.53E-06	2.80E-06	2.60E-06	2.60E-06	2.91E-06
YPL078C	1.06E-05	9.60E-06	9.28E-06	1.09E-05	1.10E-05	9.98E-06	8.32E-06	7.68E-06	7.27E-06	5.79E-06	4.68E-06	4.71E-06	1.08E-05	1.02E-05	1.06E-05	1.01E-05
YER091C	5.07E-05	4.62E-05	4.74E-05	3.61E-05	3.88E-05	3.50E-05	3.28E-05	3.29E-05	3.32E-05	2.68E-05	2.57E-05	2.70E-05	0.000107618	0.000105972	0.000101272	0.000106638
YGL147C	8.31E-07	9.16E-07	6.97E-07	4.03E-07	4.01E-07	4.17E-07	2.00E-07	2.02E-07	2.00E-07	1.60E-07	1.66E-07	1.99E-07	1.32E-06	1.33E-06	1.18E-06	1.14E-06
YLR448W	2.49E-05	2.64E-05	2.34E-05	2.25E-05	2.28E-05	2.35E-05	1.36E-05	1.43E-05	1.37E-05	1.11E-05	1.12E-05	1.23E-05	2.68E-05	2.73E-05	2.66E-05	2.57E-05
YKL180W	6.36E-05	6.02E-05	7.24E-05	5.00E-05	5.36E-05	5.82E-05	3.29E-05	3.08E-05	3.79E-05	2.68E-05	2.73E-05	2.92E-05	6.88E-05	7.30E-05	6.97E-05	6.67E-05
YLR344W	9.91E-06	9.94E-06	1.06E-05	9.87E-06	1.18E-05	1.23E-05	9.52E-06	7.23E-06	8.41E-06	6.32E-06	5.64E-06	5.68E-06	8.09E-06	8.58E-06	8.65E-06	8.20E-06
YPL143W	2.40E-06	2.62E-06	2.40E-06	2.16E-06	2.15E-06	2.23E-06	1.24E-06	1.50E-06	1.30E-06	1.04E-06	1.28E-06	1.20E-06	2.55E-06	2.54E-06	2.50E-06	2.48E-06
YMR194W	1.31E-06	1.38E-06	1.19E-06	1.27E-06	1.31E-06	1.35E-06	6.95E-07	7.37E-07	7.10E-07	6.14E-07	6.20E-07	6.92E-07	1.44E-06	1.42E-06	1.32E-06	1.26E-06
YFR032C-A	6.04E-06	6.34E-06	5.96E-06	5.53E-06	5.02E-06	5.66E-06	3.22E-06	3.36E-06	3.05E-06	2.48E-06	2.74E-06	2.95E-06	7.20E-06	6.69E-06	6.05E-06	6.73E-06
YLR029C	4.49E-05	4.00E-05	3.66E-05	3.38E-05	3.50E-05	4.05E-05	2.28E-05	2.49E-05	2.06E-05	1.96E-05	1.74E-05	2.17E-05	4.11E-05	3.92E-05	4.24E-05	3.91E-05
YLR061W	2.75E-05	2.90E-05	2.60E-05	2.21E-05	2.24E-05	2.49E-05	1.47E-05	1.38E-05	1.50E-05	1.26E-05	1.38E-05	1.42E-05	3.27E-05	3.24E-05	3.04E-05	3.14E-05
YNL178W	2.12E-05	2.29E-05	2.08E-05	1.95E-05	2.00E-05	2.04E-05	1.29E-05	1.28E-05	1.22E-05	9.67E-06	1.02E-05	1.13E-05	2.31E-05	2.35E-05	2.24E-05	2.29E-05
YBR189W	3.76E-05	4.02E-05	3.84E-05	3.64E-05	3.43E-05	3.54E-05	1.98E-05	2.36E-05	2.18E-05	1.72E-05	1.99E-05	1.90E-05	4.25E-05	4.40E-05	4.26E-05	3.98E-05
YDR064W	2.30E-05	2.44E-05	2.28E-05	2.12E-05	2.16E-05	2.22E-05	1.39E-05	1.29E-05	1.33E-05	1.20E-05	1.16E-05	1.20E-05	2.51E-05	2.54E-05	2.38E-05	2.33E-05
YLR167W	2.38E-05	2.44E-05	2.43E-05	2.15E-05	2.09E-05	2.26E-05	1.69E-05	1.30E-05	1.42E-05	1.09E-05	1.19E-05	1.24E-05	2.26E-05	2.22E-05	2.26E-05	2.12E-05
YDL165W	9.50E-07	8.72E-07	8.93E-07	8.76E-07	8.15E-07	1.00E-06	5.64E-07	6.01E-07	5.57E-07	4.37E-07	5.37E-07	5.23E-07	4.36E-07	4.30E-07	4.66E-07	4.61E-07
YDR168W	1.44E-06	1.45E-06	1.95E-06	1.31E-06	1.34E-06	1.30E-06	7.32E-07	7.90E-07	7.60E-07	6.24E-07	6.58E-07	6.99E-07	5.08E-07	5.45E-07	5.44E-07	5.14E-07
YIL038C	4.71E-07	4.34E-07	4.36E-07	4.18E-07	3.52E-07	4.04E-07	3.07E-07	2.93E-07	2.86E-07	2.38E-07	2.40E-07	2.19E-07	3.00E-07	2.84E-07	3.03E-07	2.69E-07
YOR361C	3.74E-06	3.75E-06	3.47E-06	3.12E-06	3.45E-06	3.35E-06	2.02E-06	1.97E-06	2.07E-06	1.70E-06	1.71E-06	1.82E-06	4.17E-06	4.01E-06	4.16E-06	4.10E-06
YJL080C	3.21E-06	3.01E-06	3.71E-06	3.81E-06	3.87E-06	3.99E-06	2.42E-06	2.38E-06	2.38E-06	2.01E-06	1.95E-06	2.08E-06	4.28E-06	4.35E-06	4.16E-06	4.29E-06
YLR303W	0.000159453	0.000147679	0.000139355	0.00010714	0.000107337	0.00010863	7.47E-05	7.58E-05	7.31E-05	6.63E-05	6.06E-05	6.55E-05	0.000106737	0.000103729	0.000115782	0.000109381
YGR088W	4.02E-08	4.98E-08	5.80E-08	9.46E-08	6.38E-08	8.51E-08	3.36E-08	3.26E-08	3.32E-08	1.80E-08	1.79E-08	1.20E-08	NA	NA	NA	NA
YLR355C	8.81E-05	8.70E-05	6.71E-05	6.87E-05	6.62E-05	7.12E-05	3.55E-05	3.55E-05	3.43E-05	2.64E-05	2.73E-05	2.87E-05	5.53E-05	5.40E-05	6.01E-05	5.45E-05
YLR044C	5.89E-05	5.64E-05	8.10E-05	8.62E-05	8.74E-05	8.98E-05	8.81E-05	7.95E-05	8.13E-05	9.84E-05	8.72E-05	9.21E-05	5.74E-05	6.16E-05	5.06E-05	5.15E-05
YOR278W	1.16E-07	1.59E-07	1.61E-07	1.83E-07	1.43E-07	1.88E-07	1.29E-07	7.95E-08	7.90E-08	9.95E-08	9.13E-08	NA	7.91E-08	1.64E-08	NA	7.85E-08
YAL039C	5.19E-08	1.49E-07	1.43E-07	1.07E-07	1.52E-07	1.42E-07	1.06E-07	1.01E-07	1.02E-07	6.95E-08	5.88E-08	8.27E-08	1.30E-07	1.15E-07	1.37E-07	1.21E-07
YPR113W	NA	NA	4.48E-07	NA	7.84E-07	7.09E-07	6.03E-07	NA	6.89E-07	5.25E-07	4.91E-07	6.42E-07	NA	NA	4.18E-07	NA
YPL203W	2.78E-07	2.78E-07	2.86E-07	3.02E-07	3.02E-07	2.94E-07	2.31E-07	1.97E-07	2.04E-07	1.88E-07	1.54E-07	1.19E-07	9.60E-08	1.01E-07	9.90E-08	1.01E-07
YOR202W	1.59E-06	1.63E-06	1.61E-06	1.33E-06	1.40E-06	1.42E-06	8.12E-07	8.51E-07	8.11E-07	7.08E-07	8.38E-07	7.92E-07	1.01E-06	1.04E-06	9.89E-07	1.00E-06
YOR204W	8.27E-06	7.83E-06	6.39E-06	8.46E-06	9.49E-06	8.85E-06	6.42E-06	5.93E-06	6.13E-06	5.32E-06	5.05E-06	5.75E-06	1.10E-05	1.07E-05	1.01E-05	1.04E-05
YDL042C	NA	NA	NA	NA	NA	2.00E-08	1.33E-08	1.85E-08	1.00E-08	1.34E-08	1.15E-08	1.37E-08	1.29E-08	1.04E-08	NA	NA
YLR442C	2.13E-07	NA	1.69E-07	NA	2.67E-07	3.39E-07	2.48E-07	2.01E-07	2.18E-07	1.40E-07	NA	1.67E-07	1.01E-07	1.05E-07	NA	NA
YPR160W	1.52E-06	1.64E-06	1.78E-06	2.57E-06	2.43E-06	2.44E-06	2.06E-06	1.95E-06	2.03E-06	1.49E-06	1.52E-06	1.51E-06	8.07E-07	6.86E-07	9.66E-07	1.01E-06
YOR360C	NA	NA	NA	NA	4.75E-08	NA	NA	4.06E-08	3.90E-08	NA	NA	NA	NA	NA	NA	2.61E-08
YJR052W	3.69E-08	NA	NA	NA	NA	NA	NA	NA	NA	NA	NA	NA	NA	NA	NA	NA
YPR165W	1.00E-05	1.00E-05	9.52E-06	1.39E-05	1.39E-05	1.43E-05	9.84E-06	1.01E-05	1.14E-05	7.72E-06	8.35E-06	7.93E-06	3.48E-06	3.01E-06	2.47E-06	2.75E-06
YNL090W	6.59E-07	7.24E-07	8.76E-07	NA	8.35E-07	NA	NA	NA	NA	5.63E-07	NA	4.48E-07	NA	NA	NA	4.03E-07
YDR477W	5.15E-07	4.96E-07	5.42E-07	4.95E-07	4.69E-07	4.80E-07	3.51E-07	3.25E-07	3.08E-07	2.88E-07	2.46E-07	2.72E-07	5.24E-07	5.85E-07	5.67E-07	5.57E-07
YOR074C	9.55E-07	7.72E-07	7.04E-07	7.51E-07	9.25E-07	9.67E-07	5.90E-07	6.46E-07	6.42E-07	5.30E-07	6.02E-07	6.73E-07	8.20E-07	7.56E-07	8.01E-07	8.10E-07
YNL088W	1.00E-07	1.02E-07	9.81E-08	1.35E-07	1.37E-07	1.41E-07	9.02E-08	9.04E-08	8.79E-08	8.17E-08	7.51E-08	7.18E-08	8.69E-08	8.86E-08	9.47E-08	9.09E-08
YBR109C	6.16E-07	6.28E-07	6.45E-07	7.12E-07	7.51E-07	8.13E-07	4.90E-07	5.19E-07	4.64E-07	4.20E-07	4.40E-07	4.62E-07	3.25E-07	3.25E-07	3.55E-07	3.46E-07
YER171W	6.51E-08	2.46E-08	NA	8.50E-08	7.74E-08	7.40E-08	4.60E-08	NA	4.63E-08	3.66E-08	NA	3.58E-08	NA	NA	NA	5.71E-08
YOR065W	1.40E-06	1.39E-06	1.35E-06	1.54E-06	1.65E-06	1.50E-06	1.31E-06	1.29E-06	1.32E-06	9.19E-07	8.86E-07	8.70E-07	2.09E-06	1.95E-06	2.31E-06	2.18E-06
YKL182W	1.21E-05	1.18E-05	9.76E-06	1.42E-05	1.44E-05	1.47E-05	8.59E-06	8.67E-06	9.27E-06	6.31E-06	6.69E-06	7.14E-06	4.57E-06	4.21E-06	5.75E-06	6.74E-06
YDR226W	2.77E-05	2.77E-05	2.49E-05	1.55E-05	1.57E-05	1.62E-05	1.11E-05	1.08E-05	1.06E-05	8.59E-06	9.50E-06	9.26E-06	1.48E-05	1.42E-05	1.60E-05	1.50E-05
YIL116W	2.85E-06	2.76E-06	2.92E-06	3.62E-06	3.57E-06	3.54E-06	2.38E-06	2.51E-06	2.49E-06	2.26E-06	2.34E-06	2.44E-06	1.76E-06	1.77E-06	1.60E-06	1.70E-06
YNL121C	2.91E-06	2.83E-06	2.66E-06	2.23E-06	2.27E-06	2.28E-06	1.45E-06	1.47E-06	1.43E-06	1.17E-06	1.17E-06	1.24E-06	3.62E-06	3.64E-06	3.87E-06	3.80E-06
YKL194C	1.17E-07	9.21E-08	1.07E-07	NA	8.84E-08	1.41E-07	6.80E-08	4.98E-08	6.82E-08	4.73E-08	4.94E-08	4.91E-08	NA	2.14E-07	2.19E-07	1.49E-07
YGL234W	6.57E-06	5.55E-06	7.59E-06	6.66E-06	6.68E-06	6.66E-06	3.98E-06	3.76E-06	4.00E-06	3.63E-06	3.27E-06	3.53E-06	7.04E-06	6.98E-06	6.78E-06	7.22E-06
YGR204W	6.75E-06	6.27E-06	8.04E-06	5.95E-06	6.04E-06	5.98E-06	4.22E-06	4.29E-06	4.43E-06	3.84E-06	3.69E-06	4.33E-06	8.59E-06	8.59E-06	8.15E-06	8.44E-06
YMR083W	1.42E-05	1.37E-05	1.42E-05	1.23E-05	1.28E-05	1.28E-05	8.49E-06	8.63E-06	8.79E-06	6.92E-06	7.14E-06	7.53E-06	9.91E-06	9.45E-06	1.06E-05	1.02E-05
YDR216W	NA	NA	1.28E-08	1.49E-08	NA	1.39E-08	1.35E-08	1.20E-08	NA	NA	7.45E-09	9.11E-09	NA	NA	1.71E-08	NA
YDR173C	5.33E-08	4.41E-08	6.18E-08	NA	3.31E-08	NA	NA	NA	2.01E-08	NA	NA	NA	NA	NA	NA	NA
YBL099W	5.18E-05	4.79E-05	4.59E-05	3.90E-05	4.17E-05	4.16E-05	3.23E-05	3.10E-05	3.15E-05	2.21E-05	2.08E-05	2.30E-05	4.78E-05	4.48E-05	5.34E-05	5.10E-05
YBR120C	1.51E-06	1.40E-06	1.18E-06	9.57E-07	9.21E-07	9.87E-07	6.09E-07	5.88E-07	6.08E-07	4.69E-07	4.86E-07	5.05E-07	1.39E-06	1.40E-06	1.50E-06	1.42E-06
YDL067C	1.30E-05	1.31E-05	1.19E-05	1.21E-05	1.27E-05	1.26E-05	9.66E-06	9.89E-06	9.86E-06	7.03E-06	6.85E-06	7.32E-06	8.42E-06	7.51E-06	8.19E-06	8.03E-06
YBL045C	1.33E-05	1.28E-05	1.19E-05	9.66E-06	1.07E-05	1.04E-05	9.10E-06	8.38E-06	7.71E-06	5.64E-06	5.42E-06	5.59E-06	1.24E-05	1.17E-05	1.42E-05	1.29E-05
YPR191W	2.41E-05	2.33E-05	2.21E-05	1.84E-05	1.83E-05	1.92E-05	1.37E-05	1.30E-05	1.38E-05	9.55E-06	9.53E-06	1.01E-05	2.02E-05	1.94E-05	2.28E-05	2.12E-05
YOR303W	6.34E-07	6.27E-07	6.09E-07	4.82E-07	4.55E-07	4.60E-07	4.29E-07	4.11E-07	4.27E-07	4.32E-07	4.34E-07	4.42E-07	1.46E-06	1.63E-06	1.22E-06	1.26E-06
YJL130C	4.92E-06	4.73E-06	6.14E-06	7.82E-06	7.80E-06	7.74E-06	5.06E-06	5.04E-06	5.18E-06	4.24E-06	4.39E-06	4.84E-06	4.33E-06	4.26E-06	4.94E-06	6.01E-06
YOL139C	7.70E-06	7.75E-06	7.09E-06	7.80E-06	7.95E-06	8.28E-06	4.94E-06	5.21E-06	4.81E-06	3.96E-06	4.43E-06	4.64E-06	6.74E-06	6.52E-06	6.51E-06	6.68E-06
YOR375C	2.81E-05	2.61E-05	1.91E-05	8.10E-05	8.47E-05	8.64E-05	5.17E-05	5.55E-05	5.15E-05	3.70E-05	4.19E-05	4.10E-05	3.57E-05	3.33E-05	3.68E-05	3.68E-05
YGL009C	8.24E-06	8.03E-06	7.37E-06	6.90E-06	7.47E-06	7.19E-06	5.03E-06	4.72E-06	4.98E-06	4.09E-06	3.74E-06	3.94E-06	8.07E-06	7.94E-06	8.02E-06	7.99E-06
YIR021W	6.27E-08	5.62E-08	5.56E-08	5.22E-08	3.88E-08	4.12E-08	3.12E-08	2.58E-08	2.79E-08	1.69E-08	1.62E-08	1.94E-08	6.13E-08	5.15E-08	5.48E-08	6.16E-08
YPL154C	7.01E-06	7.86E-06	7.80E-06	1.39E-05	1.58E-05	1.46E-05	9.99E-06	1.06E-05	1.07E-05	8.89E-06	9.85E-06	9.87E-06	3.13E-06	2.90E-06	3.53E-06	3.14E-06
YDL106C	3.32E-07	3.32E-07	2.65E-07	NA	2.67E-07	2.88E-07	1.66E-07	2.06E-07	1.70E-07	1.92E-07	1.97E-07	NA	1.41E-07	1.44E-07	NA	1.29E-07
YGL043W	7.12E-07	7.16E-07	6.87E-07	7.83E-07	7.61E-07	8.63E-07	4.70E-07	4.88E-07	4.87E-07	3.88E-07	4.22E-07	4.79E-07	5.47E-07	5.38E-07	5.67E-07	5.33E-07
YOR122C	7.44E-06	8.00E-06	8.03E-06	7.50E-06	7.33E-06	6.82E-06	4.51E-06	4.65E-06	4.73E-06	3.41E-06	3.91E-06	3.99E-06	3.35E-06	3.25E-06	3.69E-06	3.52E-06
YHR037W	2.44E-06	2.30E-06	2.49E-06	5.63E-06	5.87E-06	5.70E-06	5.24E-06	5.17E-06	5.16E-06	4.49E-06	4.36E-06	4.69E-06	2.07E-06	1.92E-06	2.27E-06	2.09E-06
YMR208W	9.01E-07	9.62E-07	1.13E-06	1.18E-06	1.19E-06	1.13E-06	7.86E-07	8.47E-07	7.94E-07	6.05E-07	6.85E-07	6.78E-07	6.14E-07	5.35E-07	6.40E-07	6.84E-07
YIL033C	3.45E-06	3.62E-06	3.35E-06	2.95E-06	2.89E-06	2.95E-06	1.67E-06	1.70E-06	1.71E-06	1.46E-06	1.60E-06	1.49E-06	9.28E-07	8.44E-07	1.04E-06	9.23E-07
YOL121C	2.02E-07	2.44E-07	2.76E-07	2.36E-07	2.63E-07	2.94E-07	1.41E-07	1.52E-07	1.46E-07	1.10E-07	1.38E-07	1.18E-07	2.52E-07	3.12E-07	2.93E-07	2.52E-07
YNL302C	3.95E-05	4.09E-05	3.84E-05	3.67E-05	3.44E-05	3.81E-05	2.24E-05	2.10E-05	2.27E-05	1.76E-05	1.83E-05	1.92E-05	4.31E-05	4.28E-05	4.05E-05	4.11E-05
YFL045C	2.60E-06	2.63E-06	2.11E-06	3.20E-06	3.22E-06	3.30E-06	2.48E-06	2.55E-06	2.56E-06	1.99E-06	2.25E-06	2.68E-06	3.03E-06	2.92E-06	3.01E-06	2.85E-06
YDR023W	7.08E-06	7.08E-06	7.51E-06	4.91E-06	5.03E-06	5.05E-06	3.23E-06	3.23E-06	3.25E-06	2.68E-06	2.67E-06	3.07E-06	5.12E-06	5.08E-06	5.15E-06	5.10E-06
YDR354W	5.07E-07	5.44E-07	6.46E-07	4.64E-07	4.75E-07	4.92E-07	2.70E-07	2.65E-07	2.44E-07	2.03E-07	2.09E-07	2.17E-07	2.61E-07	2.40E-07	2.41E-07	2.30E-07
YMR108W	1.24E-05	1.26E-05	1.14E-05	1.04E-05	1.04E-05	1.05E-05	6.41E-06	6.03E-06	5.78E-06	5.20E-06	4.75E-06	5.40E-06	1.13E-05	1.12E-05	1.16E-05	1.13E-05
YHR013C	8.28E-07	8.40E-07	8.33E-07	8.29E-07	7.78E-07	8.60E-07	4.68E-07	4.83E-07	4.79E-07	4.15E-07	4.02E-07	4.41E-07	6.14E-07	5.91E-07	6.28E-07	5.97E-07
YFL005W	1.13E-06	9.43E-07	1.18E-06	1.56E-06	1.39E-06	1.40E-06	9.73E-07	8.75E-07	9.16E-07	7.33E-07	7.27E-07	7.91E-07	6.10E-07	6.10E-07	8.61E-07	8.38E-07
YBR115C	1.46E-06	1.45E-06	1.79E-06	1.72E-06	1.74E-06	1.75E-06	1.21E-06	1.10E-06	1.19E-06	8.73E-07	8.97E-07	9.01E-07	1.46E-06	1.41E-06	1.51E-06	1.77E-06
YPR110C	1.88E-06	1.94E-06	1.59E-06	1.69E-06	1.67E-06	1.82E-06	9.77E-07	1.00E-06	9.23E-07	8.15E-07	9.14E-07	9.06E-07	1.47E-06	1.42E-06	1.54E-06	1.48E-06
YLR438W	3.26E-06	3.49E-06	4.78E-06	3.44E-06	3.56E-06	3.60E-06	1.03E-06	1.04E-06	1.02E-06	9.12E-07	8.98E-07	8.83E-07	4.01E-07	3.46E-07	4.30E-07	4.05E-07
YJL128C	9.74E-08	1.24E-07	1.60E-07	1.40E-07	1.19E-07	1.45E-07	9.47E-08	9.18E-08	1.10E-07	8.13E-08	7.62E-08	1.00E-07	8.72E-08	1.16E-07	1.08E-07	1.13E-07
YEL024W	3.03E-06	3.39E-06	2.90E-06	2.87E-06	3.47E-06	3.45E-06	2.49E-06	2.31E-06	2.48E-06	1.57E-06	1.76E-06	2.05E-06	2.78E-06	2.72E-06	3.12E-06	3.37E-06
YPL262W	8.72E-06	9.43E-06	8.73E-06	7.21E-06	7.27E-06	7.35E-06	4.97E-06	4.77E-06	4.84E-06	3.17E-06	2.92E-06	3.18E-06	9.96E-06	9.50E-06	1.17E-05	1.06E-05
YPR047W	2.47E-07	1.58E-07	1.49E-07	1.48E-07	1.35E-07	1.91E-07	9.23E-08	1.35E-07	1.72E-07	6.57E-08	1.02E-07	7.87E-08	1.59E-07	1.67E-07	1.84E-07	1.71E-07
YNL277W	1.07E-06	9.76E-07	1.30E-06	9.10E-07	1.14E-06	1.00E-06	6.84E-07	8.31E-07	7.55E-07	6.36E-07	6.27E-07	6.78E-07	1.15E-06	9.11E-07	9.80E-07	8.01E-07
YJL208C	3.43E-07	2.95E-07	2.44E-07	2.49E-07	2.87E-07	2.39E-07	NA	1.17E-07	1.33E-07	8.75E-08	NA	9.56E-08	3.48E-07	2.91E-07	3.94E-07	4.26E-07
YOR151C	5.98E-07	5.65E-07	6.36E-07	6.25E-07	6.14E-07	6.00E-07	4.07E-07	4.14E-07	4.27E-07	3.13E-07	3.43E-07	3.61E-07	5.23E-07	5.59E-07	5.38E-07	6.09E-07
YJL167W	9.49E-06	9.69E-06	9.83E-06	1.58E-05	1.64E-05	1.69E-05	1.38E-05	1.29E-05	1.43E-05	1.11E-05	9.57E-06	1.13E-05	1.01E-05	9.46E-06	9.64E-06	1.02E-05
YJL166W	4.59E-06	4.64E-06	4.14E-06	4.16E-06	4.57E-06	4.32E-06	3.14E-06	3.53E-06	3.34E-06	2.33E-06	2.49E-06	2.46E-06	4.13E-06	3.83E-06	4.37E-06	4.22E-06
YJR010W	1.47E-05	1.43E-05	1.58E-05	1.14E-05	1.21E-05	1.15E-05	9.09E-06	8.70E-06	8.90E-06	7.75E-06	7.79E-06	7.91E-06	1.38E-05	1.23E-05	1.22E-05	1.22E-05
YHR005C	8.28E-07	7.29E-07	8.13E-07	8.95E-07	8.87E-07	9.58E-07	6.97E-07	6.42E-07	6.36E-07	5.46E-07	5.74E-07	6.11E-07	5.15E-07	4.25E-07	5.54E-07	5.53E-07
YDR127W	1.96E-06	1.80E-06	2.47E-06	1.92E-06	1.89E-06	1.91E-06	1.06E-06	1.05E-06	1.08E-06	8.07E-07	8.44E-07	8.61E-07	1.92E-06	1.84E-06	1.83E-06	2.17E-06
YPR134W	1.04E-08	NA	NA	NA	NA	NA	6.93E-09	NA	4.39E-09	3.23E-09	4.01E-09	NA	3.64E-09	NA	NA	NA
YJL005W	6.38E-08	6.21E-08	6.14E-08	8.47E-08	8.57E-08	NA	6.38E-08	6.88E-08	6.84E-08	5.85E-08	6.52E-08	6.81E-08	4.21E-08	3.78E-08	4.15E-08	4.40E-08
YCR005C	1.01E-06	8.77E-07	6.85E-07	4.25E-07	4.63E-07	4.73E-07	1.87E-07	1.60E-07	1.71E-07	1.31E-07	1.22E-07	1.58E-07	5.50E-07	5.11E-07	5.81E-07	5.62E-07
YOR260W	6.00E-07	5.62E-07	5.16E-07	4.76E-07	4.91E-07	3.80E-07	3.22E-07	3.44E-07	2.89E-07	2.85E-07	2.48E-07	2.83E-07	4.98E-07	4.77E-07	5.30E-07	4.85E-07
YPL237W	9.36E-07	1.08E-06	8.98E-07	7.81E-07	7.92E-07	9.95E-07	5.49E-07	5.26E-07	4.99E-07	3.93E-07	4.45E-07	4.40E-07	8.68E-07	9.16E-07	8.54E-07	8.88E-07
YLR377C	2.72E-06	2.29E-06	1.97E-06	NA	1.72E-06	NA	NA	NA	NA	NA	NA	NA	2.20E-07	NA	4.78E-07	3.58E-07
YEL060C	5.42E-06	6.13E-06	5.33E-06	1.05E-05	1.05E-05	1.07E-05	1.09E-05	1.22E-05	1.14E-05	6.98E-06	8.88E-06	7.27E-06	1.44E-06	1.31E-06	1.52E-06	1.38E-06
YLR142W	NA	NA	3.73E-08	3.11E-07	2.65E-07	2.46E-07	3.10E-07	2.50E-07	3.19E-07	3.73E-07	3.01E-07	3.20E-07	2.11E-08	NA	4.16E-08	3.20E-08
YBL075C	2.05E-08	2.58E-08	5.66E-08	3.44E-08	2.02E-08	2.67E-08	NA	1.43E-09	NA	NA	NA	NA	1.38E-09	1.31E-09	9.23E-10	NA
YBL076C	1.92E-06	1.97E-06	2.36E-06	2.14E-06	2.10E-06	2.20E-06	1.32E-06	1.33E-06	1.34E-06	9.82E-07	1.03E-06	1.12E-06	2.22E-06	2.12E-06	2.08E-06	2.64E-06
YBR084W	6.57E-07	5.67E-07	5.60E-07	5.63E-07	5.32E-07	5.60E-07	3.56E-07	3.56E-07	3.63E-07	3.02E-07	2.78E-07	3.05E-07	9.86E-07	9.93E-07	9.06E-07	9.52E-07
YDR298C	2.04E-05	2.06E-05	1.84E-05	1.83E-05	1.87E-05	1.84E-05	1.43E-05	1.37E-05	1.36E-05	8.80E-06	9.88E-06	9.99E-06	1.51E-05	1.44E-05	1.70E-05	1.55E-05
YPL016W	NA	NA	8.67E-10	NA	1.34E-08	1.52E-09	1.04E-09	1.21E-09	1.44E-09	NA	7.19E-10	8.73E-10	5.39E-10	4.27E-10	8.47E-10	NA
YGL203C	NA	NA	NA	1.00E-08	NA	1.13E-08	6.33E-09	4.69E-09	7.03E-09	4.51E-09	3.24E-09	6.35E-09	8.37E-09	NA	NA	NA
YFL018C	1.24E-05	1.20E-05	1.24E-05	1.18E-05	1.19E-05	1.17E-05	7.36E-06	7.25E-06	7.18E-06	5.48E-06	5.13E-06	5.39E-06	9.51E-06	8.96E-06	1.06E-05	9.98E-06
YML085C	8.00E-06	7.50E-06	6.54E-06	8.98E-06	9.78E-06	9.56E-06	5.79E-06	5.66E-06	5.89E-06	5.18E-06	5.17E-06	5.24E-06	4.29E-06	4.07E-06	4.49E-06	4.41E-06
YML124C	1.69E-06	1.73E-06	1.61E-06	1.61E-06	1.74E-06	1.82E-06	8.47E-07	9.66E-07	9.70E-07	9.59E-07	9.44E-07	9.29E-07	1.35E-06	1.23E-06	1.36E-06	1.24E-06
YJL087C	1.15E-07	8.55E-08	1.18E-07	1.19E-07	1.08E-07	1.17E-07	8.86E-08	9.47E-08	8.36E-08	6.50E-08	6.45E-08	5.74E-08	1.30E-07	1.10E-07	1.15E-07	1.05E-07
YJL026W	1.53E-05	1.52E-05	1.64E-05	3.70E-05	3.66E-05	3.83E-05	2.14E-05	2.11E-05	2.22E-05	1.79E-05	1.54E-05	1.47E-05	4.34E-06	4.01E-06	4.03E-06	3.92E-06
YDR232W	1.27E-07	1.42E-07	1.33E-07	9.45E-08	9.02E-08	9.51E-08	7.16E-08	6.02E-08	5.51E-08	4.71E-08	4.16E-08	6.10E-08	1.97E-07	2.21E-07	2.12E-07	2.11E-07
YLR182W	6.57E-09	NA	5.97E-09	8.02E-09	6.93E-09	8.83E-09	8.51E-09	5.11E-09	NA	4.48E-09	5.06E-09	4.64E-09	5.83E-09	5.38E-09	5.55E-09	5.40E-09
YLR264W	1.08E-06	NA	9.82E-07	8.00E-07	NA	NA	NA	4.94E-07	NA	NA	NA	4.76E-07	1.21E-06	1.30E-06	1.24E-06	NA
YDL075W	2.49E-05	2.71E-05	2.45E-05	2.23E-05	2.23E-05	2.43E-05	1.33E-05	1.32E-05	1.37E-05	1.09E-05	1.14E-05	1.22E-05	2.59E-05	2.71E-05	2.53E-05	2.47E-05
YLR406C	5.59E-06	5.28E-06	3.00E-06	4.28E-06	4.99E-06	5.53E-06	3.05E-06	2.71E-06	2.19E-06	2.77E-06	2.63E-06	2.24E-06	5.05E-06	5.01E-06	4.94E-06	3.69E-06
YLR256W	NA	NA	NA	NA	NA	NA	NA	NA	NA	NA	NA	NA	NA	NA	NA	NA
YNL015W	2.89E-05	2.98E-05	2.75E-05	3.08E-05	3.05E-05	3.01E-05	2.05E-05	1.99E-05	1.91E-05	1.52E-05	1.40E-05	1.42E-05	1.50E-05	1.35E-05	1.80E-05	1.62E-05
YHL034C	8.98E-06	9.33E-06	8.19E-06	9.55E-06	1.04E-05	1.07E-05	6.49E-06	6.75E-06	6.63E-06	5.32E-06	5.92E-06	6.12E-06	4.43E-06	4.41E-06	4.82E-06	4.46E-06
YKR059W	2.49E-05	2.45E-05	2.40E-05	2.62E-05	3.00E-05	2.71E-05	1.95E-05	1.87E-05	2.01E-05	1.61E-05	1.37E-05	1.47E-05	2.65E-05	2.57E-05	2.58E-05	2.68E-05
YER152C	1.87E-07	NA	1.44E-07	NA	NA	NA	NA	1.65E-07	1.94E-07	NA	NA	5.72E-08	1.67E-07	1.45E-07	1.21E-07	NA
YIR008C	4.49E-07	5.13E-07	3.82E-07	1.61E-07	1.47E-07	4.40E-07	2.88E-07	2.77E-07	2.73E-07	1.33E-07	2.81E-07	1.84E-07	2.38E-07	2.52E-07	NA	2.46E-07
YLR163C	5.05E-07	4.60E-07	4.37E-07	3.97E-07	4.34E-07	4.05E-07	2.74E-07	2.87E-07	2.75E-07	2.14E-07	2.26E-07	2.54E-07	5.13E-07	4.57E-07	5.39E-07	5.20E-07
YJL133W	3.30E-07	3.73E-07	3.11E-07	2.95E-07	3.22E-07	3.07E-07	1.98E-07	2.27E-07	1.99E-07	1.85E-07	1.91E-07	1.72E-07	1.94E-07	1.76E-07	1.68E-07	1.76E-07
YAL005C	2.65E-05	2.79E-05	2.90E-05	3.26E-05	3.02E-05	3.07E-05	2.24E-05	2.43E-05	2.36E-05	1.64E-05	1.67E-05	1.53E-05	1.40E-05	1.37E-05	1.52E-05	1.41E-05
YLL024C	4.35E-05	4.09E-05	4.29E-05	5.00E-05	4.83E-05	4.94E-05	3.95E-05	4.18E-05	4.22E-05	3.32E-05	3.23E-05	3.17E-05	5.47E-05	5.87E-05	4.89E-05	5.16E-05
YHR007C	1.81E-06	1.46E-06	1.27E-06	3.42E-06	4.04E-06	3.79E-06	2.05E-06	2.45E-06	2.46E-06	1.71E-06	1.84E-06	2.10E-06	1.12E-06	9.65E-07	1.36E-06	1.63E-06
YDL130W	5.20E-06	5.88E-06	4.65E-06	5.19E-06	4.04E-06	4.88E-06	2.95E-06	3.46E-06	3.25E-06	2.16E-06	2.43E-06	2.48E-06	4.70E-06	5.24E-06	4.87E-06	4.89E-06
YLR180W	4.92E-06	4.80E-06	3.90E-06	5.03E-06	5.12E-06	5.13E-06	4.61E-06	3.97E-06	4.16E-06	3.75E-06	3.97E-06	4.41E-06	8.65E-06	8.67E-06	7.79E-06	8.25E-06
YDR347W	4.07E-07	3.80E-07	3.54E-07	2.18E-07	2.16E-07	2.31E-07	1.48E-07	1.48E-07	1.40E-07	9.63E-08	9.78E-08	1.02E-07	5.34E-07	4.76E-07	6.11E-07	5.41E-07
YPR166C	3.17E-08	2.53E-08	NA	2.03E-08	2.34E-08	3.18E-08	1.26E-08	1.16E-08	NA	NA	9.35E-09	8.96E-09	3.82E-08	3.59E-08	3.81E-08	3.45E-08
YER020W	3.66E-07	4.12E-07	4.38E-07	4.19E-07	3.62E-07	4.25E-07	3.07E-07	2.91E-07	2.82E-07	2.39E-07	2.07E-07	2.03E-07	1.67E-07	1.61E-07	1.68E-07	1.78E-07
YGR222W	NA	NA	NA	7.85E-08	NA	NA	NA	NA	NA	NA	NA	1.78E-08	NA	NA	NA	NA
YDL044C	1.25E-07	1.51E-07	1.52E-07	1.16E-07	1.28E-07	1.13E-07	8.91E-08	8.03E-08	8.38E-08	6.72E-08	6.93E-08	6.62E-08	1.31E-07	1.24E-07	1.24E-07	1.40E-07
YER052C	2.84E-06	3.00E-06	3.38E-06	2.35E-06	2.33E-06	2.42E-06	1.21E-06	1.23E-06	1.19E-06	1.04E-06	9.35E-07	8.55E-07	3.98E-06	4.09E-06	3.79E-06	3.88E-06
YAL025C	6.18E-07	6.27E-07	5.72E-07	4.24E-07	3.65E-07	4.12E-07	1.97E-07	2.12E-07	2.16E-07	1.70E-07	1.98E-07	2.09E-07	6.08E-07	6.13E-07	6.28E-07	6.09E-07
YKR097W	1.64E-06	1.54E-06	1.15E-06	1.16E-06	1.29E-06	1.28E-06	1.95E-07	1.91E-07	1.88E-07	NA	NA	NA	6.32E-07	5.69E-07	8.66E-07	4.86E-07
YOR341W	6.07E-07	6.53E-07	5.91E-07	6.66E-07	6.58E-07	6.62E-07	3.68E-07	3.77E-07	3.98E-07	3.23E-07	3.06E-07	3.17E-07	6.35E-07	6.00E-07	6.34E-07	7.70E-07
YDR170C	2.17E-07	1.88E-07	2.35E-07	3.76E-07	3.17E-07	3.24E-07	2.28E-07	2.05E-07	2.10E-07	1.90E-07	1.75E-07	2.03E-07	1.01E-07	1.06E-07	1.29E-07	1.37E-07
YGL062W	2.17E-06	1.89E-06	2.11E-06	2.39E-06	2.27E-06	2.40E-06	1.74E-06	1.70E-06	1.70E-06	1.54E-06	1.51E-06	1.54E-06	3.84E-06	3.76E-06	4.02E-06	4.30E-06
YLR382C	5.38E-08	1.39E-05	6.07E-08	3.89E-08	4.52E-08	3.68E-08	3.33E-08	3.02E-08	3.24E-08	1.74E-08	1.37E-08	1.82E-08	1.18E-07	1.13E-07	1.09E-07	1.22E-07
YDR044W	1.10E-06	9.46E-07	1.17E-06	7.27E-07	7.09E-07	6.55E-07	3.99E-07	4.83E-07	4.68E-07	3.41E-07	3.15E-07	3.70E-07	1.17E-06	1.15E-06	1.39E-06	1.31E-06
YNL241C	1.19E-05	1.15E-05	1.15E-05	1.04E-05	1.13E-05	1.11E-05	7.38E-06	7.33E-06	7.43E-06	6.44E-06	6.34E-06	6.57E-06	9.44E-06	9.47E-06	9.56E-06	9.37E-06
YAL041W	5.07E-08	4.57E-08	4.72E-08	5.61E-08	5.75E-08	6.09E-08	3.42E-08	3.42E-08	3.64E-08	2.67E-08	3.16E-08	3.04E-08	3.67E-08	3.15E-08	3.28E-08	2.76E-08
YDL229W	5.91E-05	5.36E-05	5.70E-05	4.08E-05	4.05E-05	4.05E-05	2.79E-05	2.88E-05	2.55E-05	2.24E-05	2.22E-05	2.47E-05	6.84E-05	6.79E-05	6.95E-05	6.95E-05
YDR481C	1.17E-06	8.41E-07	1.42E-06	1.75E-06	1.94E-06	2.38E-06	2.02E-06	2.00E-06	1.89E-06	1.77E-06	1.98E-06	1.76E-06	4.45E-07	4.29E-07	4.00E-07	5.03E-07
YPR052C	3.04E-06	2.42E-06	2.42E-06	NA	4.26E-06	NA	3.22E-06	3.60E-06	2.80E-06	2.18E-06	2.92E-06	2.73E-06	1.69E-06	1.91E-06	1.88E-06	1.62E-06
YBR089C-A	7.52E-06	8.23E-06	7.37E-06	8.97E-06	1.04E-05	9.62E-06	5.24E-06	5.30E-06	5.09E-06	4.69E-06	5.09E-06	4.75E-06	3.69E-06	3.39E-06	3.97E-06	3.90E-06
YNR026C	6.44E-08	6.95E-08	NA	8.30E-08	8.07E-08	NA	6.81E-08	2.63E-08	NA	3.56E-08	2.78E-08	4.42E-08	4.24E-08	2.86E-08	3.43E-08	4.33E-08
YCL029C	NA	2.13E-08	NA	NA	2.41E-08	NA	NA	NA	NA	1.16E-08	NA	1.48E-08	7.66E-09	7.61E-09	NA	9.39E-09
YMR235C	1.10E-06	1.12E-06	1.14E-06	1.35E-06	1.31E-06	1.37E-06	8.34E-07	8.48E-07	8.12E-07	6.78E-07	6.92E-07	7.42E-07	6.87E-07	6.43E-07	6.74E-07	6.35E-07
YHR205W	1.53E-07	1.36E-07	1.64E-07	2.40E-07	3.04E-07	2.52E-07	3.18E-07	NA	3.16E-07	2.97E-07	2.65E-07	3.01E-07	1.33E-07	1.22E-07	1.15E-07	NA
YHR024C	1.53E-06	1.60E-06	1.46E-06	9.13E-07	8.92E-07	9.46E-07	6.73E-07	6.16E-07	6.13E-07	4.91E-07	5.03E-07	5.57E-07	2.37E-06	2.25E-06	2.52E-06	2.53E-06
YNL216W	3.92E-07	3.59E-07	3.25E-07	4.56E-07	4.75E-07	4.67E-07	3.30E-07	3.49E-07	3.57E-07	2.90E-07	2.97E-07	3.25E-07	3.11E-07	2.94E-07	3.20E-07	3.33E-07
YDR227W	NA	NA	3.50E-07	1.31E-08	NA	2.20E-08	NA	4.92E-08	7.29E-09	1.75E-08	NA	NA	NA	NA	NA	NA
YJL153C	5.24E-06	4.78E-06	2.22E-06	3.80E-06	4.04E-06	4.13E-06	4.03E-06	3.65E-06	3.90E-06	2.09E-06	1.98E-06	1.83E-06	1.74E-06	1.57E-06	1.91E-06	1.77E-06
YGL013C	5.70E-08	3.44E-08	3.96E-08	6.04E-08	5.25E-08	6.58E-08	3.47E-08	3.63E-08	3.69E-08	2.76E-08	3.28E-08	3.63E-08	NA	2.36E-08	2.53E-08	3.41E-08
YBR143C	1.89E-06	1.79E-06	1.63E-06	1.67E-06	1.63E-06	1.69E-06	1.00E-06	1.05E-06	1.01E-06	8.58E-07	8.82E-07	9.48E-07	1.52E-06	1.52E-06	1.52E-06	1.49E-06
YOR043W	4.29E-07	4.50E-07	2.40E-07	5.07E-07	6.32E-07	6.29E-07	4.80E-07	4.88E-07	5.02E-07	4.58E-07	4.33E-07	4.33E-07	2.65E-07	2.13E-07	2.57E-07	2.48E-07
YDR212W	3.21E-06	3.10E-06	3.08E-06	2.72E-06	2.85E-06	2.63E-06	1.77E-06	1.62E-06	1.66E-06	1.43E-06	1.41E-06	1.38E-06	2.17E-06	2.18E-06	2.27E-06	2.34E-06
YIL015W	1.54E-07	1.17E-07	1.62E-07	2.43E-07	4.01E-07	2.74E-07	2.96E-07	2.40E-07	1.88E-07	2.34E-07	2.82E-07	2.85E-07	1.35E-07	1.17E-07	1.81E-07	1.42E-07
YML075C	9.24E-07	8.67E-07	8.53E-07	8.76E-07	9.16E-07	8.20E-07	5.51E-07	5.70E-07	5.86E-07	3.96E-07	4.63E-07	5.25E-07	2.73E-07	2.46E-07	4.02E-07	4.28E-07
YJL129C	4.25E-08	2.98E-08	3.25E-08	3.12E-08	2.95E-08	3.42E-08	2.07E-08	1.94E-08	2.08E-08	1.76E-08	1.56E-08	1.27E-08	3.33E-08	2.90E-08	3.09E-08	3.05E-08
YGR084C	4.98E-07	5.39E-07	4.92E-07	4.13E-07	4.13E-07	3.92E-07	2.66E-07	2.86E-07	2.45E-07	1.80E-07	1.98E-07	1.96E-07	6.43E-07	6.44E-07	6.60E-07	6.17E-07
YNL005C	2.59E-07	2.50E-07	2.31E-07	1.68E-07	1.64E-07	1.83E-07	1.17E-07	9.12E-08	1.01E-07	7.45E-08	8.59E-08	7.89E-08	3.21E-07	2.56E-07	3.27E-07	3.16E-07
YKL126W	5.78E-07	5.21E-07	5.52E-07	4.75E-07	5.12E-07	5.14E-07	4.41E-07	3.16E-07	3.37E-07	3.33E-07	2.77E-07	2.79E-07	5.95E-07	5.82E-07	5.92E-07	5.28E-07
YNL071W	8.95E-06	8.85E-06	9.06E-06	8.53E-06	8.51E-06	8.44E-06	5.32E-06	5.21E-06	5.14E-06	4.38E-06	4.07E-06	4.61E-06	5.04E-06	4.80E-06	5.48E-06	5.21E-06
YBR196C	2.80E-05	2.81E-05	3.14E-05	3.71E-05	3.65E-05	3.83E-05	2.38E-05	2.43E-05	2.44E-05	1.95E-05	1.79E-05	1.78E-05	2.19E-05	2.04E-05	2.25E-05	2.31E-05
YNL250W	NA	NA	NA	NA	NA	NA	NA	NA	NA	NA	NA	NA	NA	NA	NA	NA
YGR083C	6.93E-07	6.38E-07	8.61E-07	6.71E-07	6.84E-07	6.66E-07	4.80E-07	4.79E-07	4.69E-07	3.91E-07	3.82E-07	3.85E-07	6.58E-07	6.20E-07	6.30E-07	5.87E-07
YMR231W	NA	NA	NA	NA	NA	NA	NA	NA	5.99E-09	5.07E-09	NA	NA	NA	NA	NA	NA
YML021C	NA	NA	NA	NA	NA	NA	5.61E-08	NA	NA	NA	NA	NA	NA	1.74E-07	1.17E-07	NA
YGL115W	4.99E-07	5.32E-07	5.75E-07	5.69E-07	5.86E-07	5.42E-07	4.10E-07	3.57E-07	3.93E-07	3.34E-07	2.98E-07	3.06E-07	4.88E-07	4.12E-07	3.52E-07	3.31E-07
YDL040C	5.96E-07	5.09E-07	6.56E-07	5.28E-07	5.46E-07	5.83E-07	3.55E-07	3.71E-07	3.62E-07	2.89E-07	2.75E-07	2.97E-07	5.84E-07	5.96E-07	6.17E-07	6.14E-07
YOR276W	3.39E-07	3.40E-07	3.36E-07	3.41E-07	3.59E-07	3.52E-07	2.15E-07	2.33E-07	2.27E-07	1.50E-07	1.92E-07	1.96E-07	2.78E-07	2.79E-07	2.98E-07	2.92E-07
YDR122W	1.48E-07	1.34E-07	1.89E-07	2.16E-07	2.85E-07	2.56E-07	1.56E-07	1.97E-07	1.71E-07	1.30E-07	1.28E-07	1.53E-07	7.22E-08	6.08E-08	8.45E-08	7.40E-08
YOR168W	2.54E-06	2.33E-06	2.72E-06	2.09E-06	2.15E-06	2.21E-06	1.50E-06	1.44E-06	1.48E-06	1.27E-06	1.22E-06	1.28E-06	2.84E-06	2.83E-06	2.93E-06	2.72E-06
YGR202C	1.94E-07	1.75E-07	2.18E-07	2.51E-07	2.56E-07	2.35E-07	2.01E-07	1.93E-07	1.55E-07	1.70E-07	1.84E-07	1.78E-07	2.39E-07	2.17E-07	2.35E-07	2.47E-07
YML106W	2.39E-06	2.38E-06	2.29E-06	2.79E-06	2.87E-06	2.42E-06	1.60E-06	1.63E-06	1.57E-06	1.44E-06	1.23E-06	1.40E-06	1.61E-06	1.47E-06	1.28E-06	1.32E-06
YNL102W	NA	NA	1.46E-08	2.50E-08	NA	NA	NA	NA	NA	NA	NA	9.66E-09	NA	NA	1.21E-08	NA
YER148W	1.79E-07	1.86E-07	1.38E-07	1.86E-07	2.10E-07	2.59E-07	1.53E-07	1.51E-07	1.59E-07	1.11E-07	9.56E-08	1.20E-07	1.67E-07	1.50E-07	1.69E-07	1.57E-07
YFL036W	4.02E-08	NA	NA	NA	NA	NA	NA	NA	NA	NA	NA	NA	NA	1.03E-07	9.80E-08	NA
YIL034C	1.49E-06	1.62E-06	1.44E-06	1.78E-06	1.64E-06	1.84E-06	1.02E-06	1.19E-06	1.11E-06	9.19E-07	9.36E-07	1.01E-06	8.10E-07	7.80E-07	8.59E-07	8.30E-07
YHR084W	2.08E-08	2.77E-08	3.25E-08	3.18E-08	3.64E-08	NA	2.61E-08	2.50E-08	2.54E-08	NA	NA	NA	2.42E-08	1.87E-08	2.17E-08	2.15E-08
YGL167C	2.52E-07	2.33E-07	2.69E-07	4.39E-07	4.13E-07	4.31E-07	2.70E-07	2.80E-07	3.02E-07	2.12E-07	2.21E-07	2.28E-07	1.36E-07	1.21E-07	1.66E-07	1.88E-07
YDR158W	1.51E-05	1.51E-05	1.75E-05	1.01E-05	1.00E-05	1.05E-05	6.03E-06	5.80E-06	5.88E-06	4.95E-06	4.68E-06	4.66E-06	1.21E-05	1.19E-05	1.15E-05	1.18E-05
YGL205W	4.49E-06	4.58E-06	3.93E-06	3.23E-06	3.02E-06	3.05E-06	3.91E-07	3.84E-07	3.76E-07	2.13E-07	2.10E-07	1.97E-07	3.52E-07	2.84E-07	5.79E-07	4.70E-07
YBR195C	3.22E-08	3.14E-08	NA	6.09E-08	7.10E-08	7.18E-08	NA	5.15E-08	6.01E-08	4.37E-08	3.76E-08	4.10E-08	NA	NA	2.24E-08	2.04E-08
YPR183W	5.31E-06	4.99E-06	5.36E-06	4.20E-06	4.63E-06	4.31E-06	2.52E-06	2.49E-06	2.58E-06	1.84E-06	1.97E-06	2.19E-06	2.42E-06	2.31E-06	3.47E-06	4.05E-06
YKL138C	1.26E-06	7.79E-07	7.75E-07	5.76E-07	5.96E-07	NA	4.63E-07	3.80E-07	4.40E-07	2.35E-07	2.91E-07	3.24E-07	1.21E-06	1.27E-06	1.25E-06	1.13E-06
YOR120W	2.55E-06	2.79E-06	2.43E-06	3.63E-06	3.09E-06	3.53E-06	1.12E-06	1.20E-06	1.17E-06	8.63E-07	9.37E-07	8.37E-07	2.21E-07	1.94E-07	2.57E-07	2.25E-07
YGL030W	3.37E-05	3.59E-05	3.16E-05	2.96E-05	3.12E-05	3.10E-05	1.79E-05	1.83E-05	1.79E-05	1.46E-05	1.53E-05	1.50E-05	3.58E-05	3.62E-05	3.65E-05	3.62E-05
YOR063W	6.76E-05	6.92E-05	6.18E-05	5.71E-05	5.69E-05	5.65E-05	3.56E-05	3.64E-05	3.68E-05	3.06E-05	3.16E-05	3.30E-05	7.25E-05	7.24E-05	6.94E-05	7.03E-05
YKL112W	5.05E-07	5.96E-07	5.31E-07	6.32E-07	6.77E-07	6.57E-07	4.29E-07	4.27E-07	4.59E-07	3.68E-07	3.81E-07	3.98E-07	3.01E-07	2.92E-07	3.43E-07	3.31E-07
YLR178C	3.69E-06	4.28E-06	4.91E-06	4.58E-06	3.94E-06	4.30E-06	2.21E-06	2.35E-06	2.23E-06	1.75E-06	1.91E-06	1.87E-06	4.30E-07	3.49E-07	4.92E-07	4.26E-07
YKL060C	0.000194988	0.000202445	0.000192327	0.000252033	0.000242933	0.000258555	0.000130751	0.000135298	0.000136388	0.000111598	0.000115552	0.000110506	0.000110005	0.000107259	0.000116857	0.000110462
YGR040W	2.70E-08	1.99E-08	1.26E-08	1.95E-08	2.69E-08	1.67E-08	NA	1.32E-08	NA	NA	1.29E-08	NA	NA	NA	NA	8.95E-09
YKR026C	5.97E-07	NA	NA	NA	NA	NA	3.06E-07	3.57E-07	3.72E-07	NA	2.75E-07	3.27E-07	3.36E-07	4.40E-07	2.73E-07	2.10E-07
YKL104C	2.38E-06	2.39E-06	2.89E-06	2.83E-06	3.03E-06	2.84E-06	1.67E-06	1.73E-06	1.68E-06	1.44E-06	1.33E-06	1.48E-06	1.42E-06	1.32E-06	1.41E-06	1.46E-06
YLR195C	4.11E-07	4.11E-07	3.75E-07	4.55E-07	4.98E-07	4.78E-07	3.40E-07	3.45E-07	3.46E-07	2.83E-07	2.84E-07	2.94E-07	3.79E-07	3.91E-07	4.02E-07	3.92E-07
YML057W	2.97E-07	3.07E-07	3.07E-07	3.83E-07	3.85E-07	3.78E-07	3.01E-07	2.36E-07	2.22E-07	2.18E-07	1.93E-07	1.82E-07	2.73E-07	2.05E-07	2.01E-07	2.33E-07
YDR155C	0.000107757	0.000117055	0.000135914	0.000140181	0.000129651	0.000148158	9.52E-05	8.98E-05	8.56E-05	6.82E-05	7.30E-05	7.06E-05	4.27E-05	4.27E-05	4.57E-05	4.31E-05
YDR035W	2.81E-06	2.88E-06	2.99E-06	2.10E-06	2.11E-06	2.22E-06	1.27E-06	1.23E-06	1.28E-06	1.08E-06	1.22E-06	1.17E-06	1.33E-06	1.38E-06	1.36E-06	1.35E-06
YKL103C	4.06E-06	3.69E-06	5.01E-06	9.63E-06	1.01E-05	9.80E-06	8.01E-06	8.13E-06	8.45E-06	7.82E-06	7.07E-06	7.03E-06	2.02E-06	1.99E-06	2.21E-06	2.03E-06
YOR254C	5.25E-07	4.75E-07	5.46E-07	6.90E-07	6.63E-07	7.35E-07	4.33E-07	4.04E-07	4.20E-07	3.08E-07	3.18E-07	3.49E-07	3.85E-07	3.65E-07	4.41E-07	5.81E-07
YJL041W	5.58E-07	6.21E-07	5.48E-07	5.81E-07	6.96E-07	6.08E-07	4.18E-07	4.21E-07	3.98E-07	3.57E-07	3.71E-07	3.68E-07	3.55E-07	3.38E-07	3.78E-07	4.00E-07
YMR228W	1.49E-07	1.77E-07	1.57E-07	1.54E-07	1.49E-07	1.09E-07	9.93E-08	1.02E-07	8.68E-08	6.55E-08	7.84E-08	7.51E-08	1.49E-07	1.38E-07	1.72E-07	NA
YBR112C	5.29E-07	5.40E-07	5.55E-07	7.61E-07	7.51E-07	7.05E-07	5.23E-07	5.86E-07	5.32E-07	4.55E-07	4.24E-07	4.89E-07	4.52E-07	4.64E-07	4.96E-07	4.71E-07
YLR354C	2.42E-05	2.42E-05	2.13E-05	2.85E-05	2.75E-05	2.66E-05	1.44E-05	1.43E-05	1.38E-05	1.17E-05	1.07E-05	1.05E-05	1.50E-05	1.48E-05	1.45E-05	1.48E-05
YMR186W	6.46E-05	6.33E-05	8.16E-05	7.34E-05	7.45E-05	7.63E-05	4.99E-05	4.81E-05	4.87E-05	3.98E-05	3.44E-05	3.23E-05	4.28E-05	4.23E-05	4.29E-05	4.33E-05
YPL104W	6.97E-08	NA	6.29E-08	4.48E-08	NA	4.80E-08	NA	NA	NA	NA	NA	NA	1.21E-07	1.11E-07	1.28E-07	NA
YDR037W	9.37E-06	8.77E-06	1.08E-05	7.63E-06	7.39E-06	7.73E-06	4.54E-06	4.33E-06	4.48E-06	3.85E-06	3.90E-06	4.17E-06	7.04E-06	6.96E-06	6.78E-06	6.79E-06
YDR256C	1.12E-05	1.22E-05	5.75E-06	2.29E-06	2.34E-06	2.18E-06	1.66E-07	1.92E-07	1.74E-07	7.63E-08	7.42E-08	5.65E-08	1.56E-07	1.50E-07	3.17E-07	1.95E-07
YML035C	2.37E-07	2.13E-07	2.36E-07	2.48E-07	2.37E-07	2.64E-07	1.98E-07	2.12E-07	2.01E-07	1.53E-07	1.63E-07	1.55E-07	2.18E-07	2.06E-07	2.31E-07	2.23E-07
YPR181C	1.23E-06	1.25E-06	1.43E-06	1.38E-06	1.37E-06	1.45E-06	8.57E-07	8.74E-07	8.54E-07	6.41E-07	6.71E-07	7.12E-07	1.06E-06	1.04E-06	1.12E-06	1.16E-06
YIR022W	NA	2.70E-07	NA	NA	NA	NA	NA	2.69E-07	NA	NA	NA	NA	NA	NA	NA	NA
YDR194C	8.90E-07	8.35E-07	8.57E-07	4.79E-07	4.91E-07	4.75E-07	3.04E-07	2.86E-07	3.02E-07	2.32E-07	2.10E-07	2.52E-07	1.67E-06	1.65E-06	1.70E-06	1.88E-06
YDL102W	NA	NA	3.81E-08	5.81E-08	NA	NA	NA	NA	2.74E-08	NA	2.45E-08	NA	3.13E-08	3.07E-08	3.43E-08	NA
YDR283C	NA	NA	NA	NA	NA	NA	NA	NA	NA	NA	NA	NA	NA	NA	NA	NA
YDR454C	8.44E-06	8.73E-06	1.06E-05	8.21E-06	8.09E-06	8.69E-06	5.09E-06	5.01E-06	4.74E-06	4.23E-06	4.24E-06	4.78E-06	5.52E-06	5.41E-06	5.54E-06	5.44E-06
YPL117C	2.07E-06	2.27E-06	1.98E-06	1.79E-06	1.92E-06	2.19E-06	1.44E-06	1.51E-06	1.46E-06	1.20E-06	1.35E-06	1.40E-06	1.45E-06	1.45E-06	1.47E-06	1.42E-06
YLR060W	5.41E-06	5.14E-06	5.10E-06	4.12E-06	4.18E-06	4.46E-06	2.77E-06	2.71E-06	2.79E-06	2.46E-06	2.44E-06	2.53E-06	5.24E-06	5.14E-06	5.13E-06	4.95E-06
YFL022C	4.42E-06	4.15E-06	4.21E-06	3.80E-06	4.01E-06	3.84E-06	2.47E-06	2.47E-06	2.40E-06	2.18E-06	2.01E-06	2.27E-06	4.18E-06	4.15E-06	4.19E-06	4.14E-06
YDL014W	1.07E-05	1.00E-05	1.01E-05	7.15E-06	6.17E-06	7.06E-06	3.35E-06	3.29E-06	3.43E-06	2.82E-06	3.11E-06	3.38E-06	9.20E-06	9.07E-06	8.97E-06	8.81E-06
YKL024C	4.02E-06	4.08E-06	4.29E-06	3.20E-06	3.24E-06	3.30E-06	1.40E-06	1.47E-06	1.41E-06	1.15E-06	1.35E-06	1.26E-06	2.20E-06	2.13E-06	2.30E-06	2.30E-06
YGR282C	1.02E-05	1.10E-05	1.17E-05	1.63E-05	1.50E-05	1.69E-05	1.06E-05	9.30E-06	9.98E-06	6.80E-06	7.94E-06	8.44E-06	5.84E-06	5.97E-06	5.91E-06	5.63E-06
YOR027W	1.72E-05	1.82E-05	2.32E-05	1.93E-05	1.86E-05	1.89E-05	9.56E-06	9.51E-06	9.80E-06	7.22E-06	7.77E-06	6.67E-06	5.17E-06	5.03E-06	5.38E-06	5.27E-06
YBR082C	9.55E-06	1.12E-05	1.15E-05	1.10E-05	1.10E-05	1.12E-05	6.89E-06	6.86E-06	7.08E-06	5.75E-06	6.22E-06	5.89E-06	5.07E-06	4.43E-06	4.13E-06	3.71E-06
YDR059C	8.70E-07	1.13E-06	8.92E-07	1.08E-06	1.08E-06	1.20E-06	5.50E-07	5.46E-07	5.22E-07	4.28E-07	4.86E-07	4.45E-07	1.62E-07	1.48E-07	1.60E-07	1.34E-07
YIL035C	3.76E-07	3.64E-07	3.28E-07	2.86E-07	3.12E-07	3.02E-07	2.31E-07	1.94E-07	2.07E-07	2.07E-07	NA	1.27E-07	3.35E-07	3.03E-07	3.52E-07	3.50E-07
YBR213W	NA	NA	NA	NA	NA	NA	1.20E-08	NA	NA	NA	NA	NA	NA	NA	3.87E-08	NA
YBR088C	1.87E-06	1.90E-06	1.65E-06	2.31E-06	2.27E-06	2.44E-06	1.51E-06	1.52E-06	1.47E-06	1.31E-06	1.32E-06	1.58E-06	9.83E-07	9.14E-07	9.13E-07	1.01E-06
YCR088W	2.47E-06	2.44E-06	2.38E-06	2.83E-06	2.71E-06	2.83E-06	1.79E-06	1.88E-06	1.86E-06	1.31E-06	1.59E-06	1.64E-06	1.59E-06	1.48E-06	1.74E-06	1.60E-06
YBR072W	0.000132226	0.000161399	0.000244669	0.000222543	0.000182493	0.000207161	4.18E-05	4.95E-05	3.97E-05	2.19E-05	2.00E-05	1.40E-05	4.37E-06	4.29E-06	3.99E-06	2.14E-06
YCR053W	6.74E-06	6.69E-06	6.89E-06	6.99E-06	7.25E-06	7.24E-06	4.01E-06	4.00E-06	3.88E-06	3.37E-06	3.12E-06	3.28E-06	5.36E-06	5.47E-06	5.34E-06	5.47E-06
YBR127C	9.37E-06	9.02E-06	9.28E-06	1.36E-05	1.42E-05	1.38E-05	1.18E-05	1.15E-05	1.15E-05	9.99E-06	9.37E-06	1.07E-05	9.13E-06	9.19E-06	8.78E-06	9.09E-06
YIL021W	7.37E-07	7.10E-07	6.41E-07	5.65E-07	5.96E-07	5.64E-07	4.05E-07	4.23E-07	3.27E-07	2.88E-07	3.51E-07	4.12E-07	4.06E-07	4.15E-07	4.26E-07	3.83E-07
YER178W	1.17E-05	1.15E-05	1.12E-05	1.31E-05	1.38E-05	1.38E-05	8.11E-06	7.54E-06	7.42E-06	5.95E-06	6.03E-06	6.47E-06	6.98E-06	6.57E-06	7.57E-06	7.13E-06
YGR193C	6.56E-07	6.15E-07	6.13E-07	5.51E-07	5.68E-07	5.69E-07	3.31E-07	2.90E-07	2.97E-07	2.49E-07	2.50E-07	2.66E-07	2.95E-07	2.84E-07	3.22E-07	3.17E-07
YLR134W	8.28E-08	1.16E-07	1.40E-07	1.06E-07	1.30E-07	1.22E-07	4.94E-09	3.95E-09	5.04E-09	1.57E-08	1.25E-08	1.36E-08	9.52E-08	1.09E-07	7.42E-08	1.07E-07
YJL034W	9.62E-06	9.65E-06	1.16E-05	9.72E-06	9.96E-06	9.90E-06	6.65E-06	6.45E-06	6.66E-06	5.37E-06	5.42E-06	5.44E-06	7.06E-06	7.06E-06	6.98E-06	6.88E-06
YLR249W	2.16E-05	2.03E-05	1.66E-05	2.55E-05	2.63E-05	2.58E-05	1.97E-05	1.88E-05	2.00E-05	1.66E-05	1.56E-05	1.78E-05	4.20E-05	4.22E-05	3.81E-05	4.23E-05
YIL136W	1.21E-05	1.32E-05	1.39E-05	7.76E-06	7.01E-06	7.65E-06	2.93E-06	3.09E-06	3.08E-06	1.96E-06	2.14E-06	2.03E-06	1.55E-06	1.30E-06	2.01E-06	1.56E-06
YCL050C	2.67E-06	2.80E-06	2.46E-06	3.22E-06	3.23E-06	3.22E-06	1.93E-06	2.05E-06	2.00E-06	1.61E-06	1.68E-06	1.94E-06	1.44E-06	1.43E-06	1.48E-06	1.40E-06
YHR042W	1.02E-06	1.06E-06	1.08E-06	1.10E-06	1.13E-06	1.04E-06	8.00E-07	7.55E-07	8.04E-07	6.28E-07	6.82E-07	7.69E-07	6.01E-07	5.87E-07	6.25E-07	7.69E-07
YOR176W	1.64E-06	1.57E-06	1.30E-06	1.85E-06	1.77E-06	1.85E-06	1.31E-06	1.35E-06	1.31E-06	1.00E-06	1.02E-06	1.10E-06	1.11E-06	1.15E-06	1.28E-06	1.11E-06
YGL017W	NA	NA	NA	NA	NA	NA	NA	NA	NA	NA	NA	NA	NA	NA	NA	NA
YCR084C	1.78E-06	1.69E-06	1.76E-06	2.24E-06	2.31E-06	2.42E-06	1.74E-06	1.62E-06	1.65E-06	1.45E-06	1.56E-06	1.54E-06	1.31E-06	1.36E-06	1.41E-06	1.31E-06
YBR110W	2.75E-07	NA	3.74E-07	NA	NA	3.06E-07	1.90E-07	1.96E-07	2.28E-07	1.53E-07	NA	1.50E-07	1.68E-07	NA	NA	2.16E-07
YDR137W	NA	NA	NA	NA	NA	NA	NA	NA	NA	NA	NA	NA	NA	NA	NA	NA
YGR240C	7.05E-06	6.82E-06	8.37E-06	8.30E-06	8.24E-06	8.47E-06	6.15E-06	5.95E-06	6.01E-06	5.00E-06	4.97E-06	5.21E-06	7.76E-06	7.74E-06	7.53E-06	7.81E-06
YMR205C	1.01E-05	9.70E-06	1.15E-05	1.18E-05	1.22E-05	1.16E-05	8.67E-06	8.29E-06	8.65E-06	7.00E-06	6.77E-06	7.73E-06	1.07E-05	1.07E-05	1.07E-05	1.08E-05
YBL016W	2.62E-07	2.52E-07	2.87E-07	2.58E-07	2.63E-07	2.50E-07	1.65E-07	1.62E-07	1.68E-07	1.53E-07	1.16E-07	1.41E-07	3.22E-07	2.44E-07	2.68E-07	2.62E-07
YNL272C	1.33E-07	1.35E-07	NA	7.97E-08	NA	1.34E-07	7.06E-08	4.89E-08	6.31E-08	5.39E-08	4.99E-08	5.71E-08	NA	5.61E-08	5.57E-08	5.37E-08
YHL033C	4.20E-05	4.52E-05	4.25E-05	3.57E-05	3.79E-05	3.71E-05	2.53E-05	2.43E-05	2.67E-05	2.19E-05	2.22E-05	2.34E-05	4.72E-05	4.38E-05	4.61E-05	4.51E-05
YJR060W	2.17E-07	2.19E-07	2.34E-07	2.65E-07	2.75E-07	2.83E-07	1.95E-07	1.78E-07	1.65E-07	1.27E-07	1.61E-07	1.57E-07	1.21E-07	1.23E-07	1.29E-07	1.36E-07
YPL031C	9.06E-07	1.02E-06	9.86E-07	1.14E-06	1.24E-06	1.27E-06	8.39E-07	9.19E-07	8.82E-07	7.07E-07	7.19E-07	8.04E-07	6.02E-07	6.17E-07	6.85E-07	5.76E-07
YDL185W	8.89E-06	8.33E-06	1.09E-05	1.19E-05	1.23E-05	1.23E-05	1.10E-05	1.05E-05	1.04E-05	9.59E-06	9.17E-06	1.02E-05	8.40E-06	8.52E-06	8.17E-06	8.26E-06
YHR025W	1.60E-06	1.51E-06	1.64E-06	1.78E-06	1.36E-06	1.43E-06	7.92E-07	8.45E-07	7.76E-07	7.46E-07	7.35E-07	7.98E-07	1.17E-06	1.17E-06	1.38E-06	1.53E-06
YGR233C	2.96E-08	NA	3.25E-08	3.02E-08	4.75E-08	4.34E-08	4.06E-08	4.81E-08	4.04E-08	2.90E-08	1.89E-08	3.26E-08	1.41E-08	1.42E-08	2.06E-08	NA
YKL085W	1.70E-05	1.63E-05	1.50E-05	1.36E-05	1.23E-05	1.25E-05	8.65E-06	8.48E-06	8.42E-06	5.44E-06	5.22E-06	5.39E-06	1.35E-05	1.29E-05	1.54E-05	1.46E-05
YNL079C	6.14E-07	6.49E-07	6.40E-07	7.87E-07	8.14E-07	8.44E-07	4.76E-07	5.01E-07	5.03E-07	4.13E-07	4.60E-07	4.55E-07	2.89E-07	2.78E-07	2.90E-07	2.84E-07
YNL138W	1.39E-06	1.49E-06	1.51E-06	1.45E-06	1.54E-06	1.61E-06	9.89E-07	1.00E-06	1.00E-06	8.72E-07	9.42E-07	9.49E-07	7.93E-07	7.94E-07	8.70E-07	8.35E-07
YOR158W	3.11E-07	3.09E-07	2.50E-07	2.07E-07	2.48E-07	2.01E-07	1.10E-07	1.02E-07	1.11E-07	1.13E-07	9.89E-08	1.18E-07	4.32E-07	4.11E-07	4.78E-07	4.30E-07
YDR138W	NA	1.37E-08	7.57E-09	1.53E-08	1.53E-08	1.63E-08	NA	NA	NA	1.09E-08	7.74E-09	NA	1.04E-08	NA	6.15E-09	1.30E-08
YGR019W	1.32E-06	1.47E-06	1.82E-06	1.55E-06	1.75E-06	1.66E-06	1.29E-06	1.31E-06	1.29E-06	1.19E-06	1.10E-06	9.93E-07	3.05E-07	3.19E-07	4.14E-07	3.46E-07
YDR513W	7.54E-06	7.55E-06	9.09E-06	8.72E-06	8.47E-06	8.31E-06	4.78E-06	4.77E-06	5.14E-06	3.90E-06	4.11E-06	3.89E-06	2.10E-06	1.94E-06	2.38E-06	2.30E-06
YCL040W	2.51E-05	2.65E-05	2.57E-05	1.72E-05	1.71E-05	1.73E-05	8.10E-06	7.68E-06	8.27E-06	6.31E-06	6.19E-06	6.08E-06	7.92E-06	7.18E-06	9.63E-06	8.75E-06
YPR189W	1.04E-07	1.02E-07	1.15E-07	1.19E-07	1.40E-07	1.40E-07	8.30E-08	1.04E-07	9.21E-08	6.56E-08	8.42E-08	6.72E-08	8.55E-08	5.86E-08	5.73E-08	1.11E-07
YNL151C	4.06E-08	NA	4.12E-08	4.95E-08	4.66E-08	NA	NA	NA	NA	NA	NA	1.86E-08	NA	3.08E-08	2.82E-08	NA
YGR167W	7.05E-07	7.54E-07	6.98E-07	8.17E-07	8.37E-07	8.44E-07	5.45E-07	5.30E-07	5.20E-07	4.28E-07	4.53E-07	4.65E-07	4.28E-07	4.09E-07	4.42E-07	4.16E-07
YNL130C	NA	NA	NA	3.64E-07	2.46E-07	NA	2.01E-07	NA	1.68E-07	1.44E-07	1.31E-07	NA	NA	1.67E-07	NA	NA
YCL043C	9.11E-06	9.71E-06	9.69E-06	9.36E-06	9.61E-06	9.73E-06	6.15E-06	5.93E-06	6.08E-06	5.14E-06	5.19E-06	5.55E-06	5.80E-06	5.68E-06	5.80E-06	5.58E-06
YPR167C	5.57E-07	5.12E-07	4.35E-07	5.99E-07	6.64E-07	6.89E-07	4.08E-07	3.70E-07	3.48E-07	2.98E-07	3.66E-07	3.66E-07	9.29E-07	9.07E-07	8.78E-07	8.42E-07
YAL010C	9.73E-08	NA	1.30E-07	1.29E-07	1.45E-07	1.36E-07	7.48E-08	7.08E-08	6.41E-08	6.60E-08	5.35E-08	6.67E-08	4.87E-08	3.89E-08	NA	3.69E-08
YLR393W	1.38E-07	NA	1.57E-07	NA	NA	1.02E-07	1.22E-07	9.70E-08	8.15E-08	6.58E-08	5.98E-08	1.36E-07	2.14E-07	1.85E-07	2.32E-07	1.75E-07
YOL140W	4.11E-06	4.42E-06	3.60E-06	3.55E-06	3.31E-06	3.49E-06	2.30E-06	2.10E-06	2.25E-06	1.97E-06	2.09E-06	1.85E-06	2.14E-06	2.00E-06	1.79E-06	1.78E-06
YHR128W	3.93E-06	3.73E-06	4.90E-06	3.45E-06	3.75E-06	3.77E-06	2.67E-06	2.51E-06	2.47E-06	2.17E-06	2.10E-06	2.39E-06	3.82E-06	3.69E-06	3.55E-06	3.49E-06
YBR080C	1.14E-06	9.47E-07	1.03E-06	8.82E-07	9.31E-07	1.01E-06	6.95E-07	7.00E-07	6.50E-07	6.18E-07	5.92E-07	5.52E-07	8.99E-07	8.52E-07	1.01E-06	9.14E-07
YOR212W	6.62E-07	7.03E-07	6.12E-07	8.66E-07	9.11E-07	5.54E-07	2.57E-07	7.06E-07	6.73E-07	5.07E-07	5.78E-07	6.71E-07	5.71E-07	5.06E-07	6.06E-07	5.68E-07
YJR086W	2.57E-07	2.50E-07	2.40E-07	3.18E-07	3.22E-07	3.26E-07	2.07E-07	2.09E-07	2.00E-07	1.81E-07	1.87E-07	NA	1.82E-07	1.68E-07	1.73E-07	1.66E-07
YHL025W	6.09E-08	NA	NA	8.18E-08	NA	8.24E-08	5.20E-08	5.57E-08	4.30E-08	4.48E-08	4.40E-08	4.77E-08	4.55E-08	5.83E-08	NA	NA
YGL155W	NA	NA	NA	4.70E-08	NA	5.74E-08	NA	3.41E-08	3.09E-08	NA	2.74E-08	2.14E-08	NA	NA	3.00E-08	NA
YMR173W	1.08E-06	1.32E-06	1.41E-06	1.50E-06	1.70E-06	1.66E-06	1.34E-06	1.37E-06	1.28E-06	8.70E-07	1.18E-06	1.20E-06	2.37E-07	2.40E-07	2.80E-07	2.52E-07
YBR003W	3.21E-08	2.60E-08	2.50E-08	2.08E-08	2.14E-08	2.20E-08	1.48E-08	1.35E-08	1.31E-08	1.10E-08	9.63E-09	1.13E-08	5.46E-08	3.82E-08	4.61E-08	4.73E-08
YMR104C	1.10E-07	1.08E-07	1.92E-07	1.24E-07	1.49E-07	1.36E-07	8.54E-08	8.54E-08	2.77E-08	5.19E-08	5.20E-08	8.58E-08	1.46E-07	6.99E-08	1.09E-07	9.60E-08
YHR028C	7.34E-08	NA	7.50E-08	NA	2.12E-07	2.42E-07	2.07E-07	2.06E-07	1.46E-07	NA	1.99E-09	1.21E-07	NA	5.78E-09	NA	NA
YBR140C	NA	NA	NA	NA	NA	NA	NA	NA	NA	NA	NA	NA	NA	NA	NA	NA
YLR229C	7.92E-06	7.59E-06	6.26E-06	8.20E-06	1.04E-05	9.73E-06	5.74E-06	6.09E-06	5.84E-06	5.02E-06	4.82E-06	5.07E-06	2.79E-06	2.83E-06	3.23E-06	3.15E-06
YPL231W	1.37E-05	1.35E-05	1.10E-05	1.60E-05	1.63E-05	1.61E-05	9.96E-06	9.63E-06	1.04E-05	7.20E-06	7.57E-06	7.97E-06	5.48E-06	4.95E-06	6.60E-06	7.71E-06
YKR039W	NA	NA	NA	2.52E-06	1.74E-05	1.72E-05	1.57E-05	1.61E-06	2.55E-06	1.10E-06	1.17E-05	1.51E-06	NA	NA	NA	NA
YDR148C	8.86E-06	8.25E-06	1.06E-05	7.05E-06	7.97E-06	7.73E-06	5.79E-06	5.46E-06	5.35E-06	3.29E-06	3.37E-06	3.50E-06	5.49E-06	5.21E-06	6.35E-06	6.19E-06
YLR071C	NA	NA	NA	1.75E-08	1.51E-08	2.47E-08	9.82E-09	NA	8.89E-09	NA	NA	NA	NA	NA	NA	NA
YDR502C	7.37E-05	6.77E-05	7.66E-05	6.56E-05	6.59E-05	6.86E-05	5.50E-05	5.66E-05	5.31E-05	4.59E-05	4.52E-05	4.90E-05	5.06E-05	4.83E-05	5.39E-05	5.01E-05
YLR304C	1.78E-05	1.65E-05	1.95E-05	2.34E-05	2.48E-05	2.25E-05	2.22E-05	1.97E-05	1.92E-05	1.30E-05	1.20E-05	1.36E-05	2.27E-05	2.11E-05	2.71E-05	2.44E-05
YOR061W	1.28E-06	1.27E-06	1.21E-06	1.77E-06	1.85E-06	1.74E-06	1.08E-06	1.04E-06	1.10E-06	9.56E-07	8.76E-07	9.21E-07	8.73E-07	7.84E-07	8.06E-07	8.48E-07
YPL132W	1.76E-07	NA	9.23E-08	7.38E-08	NA	NA	NA	5.45E-08	NA	NA	NA	3.76E-08	1.58E-07	1.66E-07	1.55E-07	2.04E-07
YOR326W	2.65E-07	2.35E-07	2.89E-07	3.73E-07	3.81E-07	3.81E-07	2.64E-07	2.61E-07	2.68E-07	1.98E-07	2.23E-07	2.33E-07	1.74E-07	1.62E-07	2.13E-07	2.50E-07
YJL085W	NA	NA	6.80E-08	NA	8.28E-08	NA	5.82E-08	NA	NA	NA	NA	NA	NA	NA	NA	NA
YOL051W	8.05E-09	2.51E-08	NA	NA	NA	NA	6.29E-09	6.93E-09	9.36E-09	NA	NA	3.99E-09	NA	NA	NA	1.06E-08
YGR184C	NA	NA	NA	NA	7.46E-08	6.52E-08	5.73E-08	6.09E-08	6.13E-08	4.13E-08	5.32E-08	5.29E-08	NA	NA	NA	NA
YML007W	NA	NA	NA	NA	NA	1.03E-08	6.06E-09	NA	NA	NA	6.17E-09	NA	NA	NA	NA	NA
YDL236W	9.19E-07	9.23E-07	1.19E-06	1.05E-06	1.21E-06	1.27E-06	8.56E-07	9.00E-07	8.55E-07	7.14E-07	7.43E-07	7.82E-07	7.59E-07	7.56E-07	6.91E-07	7.10E-07
YLR259C	3.16E-05	3.13E-05	3.83E-05	2.06E-05	1.93E-05	2.00E-05	1.17E-05	1.15E-05	1.11E-05	8.51E-06	7.91E-06	8.24E-06	3.27E-05	3.15E-05	3.54E-05	3.45E-05
YFR049W	3.12E-06	3.08E-06	2.99E-06	2.37E-06	2.31E-06	2.48E-06	1.51E-06	1.57E-06	1.47E-06	1.02E-06	1.09E-06	1.13E-06	2.37E-06	2.20E-06	2.76E-06	2.49E-06
YMR225C	1.01E-06	1.13E-06	9.71E-07	6.70E-07	7.33E-07	6.75E-07	4.00E-07	4.60E-07	3.95E-07	2.90E-07	3.28E-07	3.43E-07	1.41E-06	1.40E-06	1.53E-06	1.52E-06
YBR166C	2.94E-07	2.74E-07	2.60E-07	3.19E-07	3.04E-07	3.07E-07	2.13E-07	2.28E-07	2.05E-07	1.98E-07	1.46E-07	1.64E-07	1.87E-07	1.81E-07	1.90E-07	1.98E-07
YLR420W	9.41E-07	1.00E-06	8.75E-07	1.23E-06	1.20E-06	1.24E-06	6.92E-07	7.99E-07	7.24E-07	6.05E-07	6.97E-07	6.55E-07	5.12E-07	5.06E-07	5.43E-07	4.92E-07
YPR178W	NA	NA	NA	NA	8.32E-09	NA	NA	NA	3.68E-09	NA	NA	1.78E-09	NA	NA	NA	2.82E-09
YNL135C	2.85E-05	3.04E-05	2.29E-05	2.33E-05	2.29E-05	2.32E-05	1.26E-05	1.20E-05	1.31E-05	9.12E-06	1.03E-05	1.04E-05	1.33E-05	1.21E-05	1.44E-05	1.32E-05
YMR286W	3.61E-07	3.70E-07	3.50E-07	2.35E-07	2.35E-07	2.80E-07	1.57E-07	1.69E-07	1.63E-07	1.15E-07	1.20E-07	1.32E-07	5.33E-07	4.83E-07	5.11E-07	4.96E-07
YPR088C	7.15E-07	6.73E-07	6.89E-07	6.19E-07	6.83E-07	6.16E-07	4.40E-07	4.20E-07	4.56E-07	3.59E-07	3.61E-07	3.94E-07	6.11E-07	5.98E-07	5.95E-07	5.35E-07
YJL140W	3.40E-07	3.30E-07	3.18E-07	2.89E-07	2.90E-07	3.01E-07	1.90E-07	2.14E-07	1.85E-07	1.58E-07	1.92E-07	1.78E-07	1.88E-07	1.90E-07	1.92E-07	1.84E-07
YBR154C	2.05E-06	2.04E-06	1.84E-06	1.83E-06	2.06E-06	2.11E-06	1.12E-06	1.22E-06	1.16E-06	9.19E-07	1.08E-06	1.08E-06	1.54E-06	1.46E-06	1.50E-06	1.48E-06
YPR187W	3.47E-07	3.69E-07	3.23E-07	3.27E-07	3.28E-07	3.41E-07	1.86E-07	2.08E-07	2.31E-07	1.90E-07	1.95E-07	1.61E-07	2.82E-07	2.81E-07	2.79E-07	2.94E-07
YOR224C	7.72E-07	8.72E-07	8.29E-07	7.73E-07	8.33E-07	8.02E-07	4.36E-07	4.76E-07	4.78E-07	3.82E-07	4.13E-07	4.39E-07	6.07E-07	5.91E-07	6.11E-07	5.71E-07
YGL078C	7.87E-07	7.76E-07	5.96E-07	3.67E-07	3.90E-07	3.96E-07	2.34E-07	2.01E-07	1.87E-07	1.87E-07	1.80E-07	2.00E-07	1.04E-06	1.14E-06	1.14E-06	1.11E-06
YJL033W	1.14E-07	1.30E-07	1.04E-07	9.18E-08	1.34E-07	1.06E-07	4.29E-08	3.97E-08	4.59E-08	3.66E-08	3.98E-08	5.54E-08	1.01E-07	1.26E-07	1.24E-07	1.38E-07
YOR046C	1.84E-06	1.83E-06	1.85E-06	1.71E-06	1.60E-06	1.69E-06	9.91E-07	1.05E-06	1.01E-06	8.45E-07	8.68E-07	8.93E-07	1.31E-06	1.26E-06	1.37E-06	1.18E-06
YKL045W	NA	7.58E-09	NA	NA	7.46E-09	NA	5.84E-09	NA	5.14E-09	4.66E-09	NA	NA	8.82E-09	9.66E-09	1.10E-08	1.04E-08
YJR007W	3.71E-06	3.86E-06	3.65E-06	4.38E-06	4.53E-06	4.30E-06	2.56E-06	2.68E-06	2.59E-06	2.20E-06	2.33E-06	2.39E-06	2.27E-06	2.23E-06	2.32E-06	2.19E-06
YKL021C	4.74E-07	4.53E-07	3.94E-07	3.44E-07	3.42E-07	3.81E-07	1.86E-07	1.98E-07	1.89E-07	1.47E-07	1.55E-07	1.39E-07	3.32E-07	3.07E-07	3.45E-07	3.15E-07
YLR133W	7.97E-07	7.67E-07	7.59E-07	7.98E-07	8.08E-07	8.56E-07	6.81E-07	6.19E-07	6.58E-07	6.20E-07	5.80E-07	6.69E-07	7.76E-07	7.52E-07	7.84E-07	8.05E-07
YBR135W	NA	NA	NA	6.80E-07	NA	6.65E-07	NA	5.08E-07	NA	NA	NA	3.09E-07	NA	3.73E-07	NA	2.95E-07
YDL047W	5.59E-08	6.27E-08	6.30E-08	4.55E-08	7.61E-08	7.56E-08	5.26E-08	5.10E-08	5.23E-08	4.89E-08	2.36E-08	3.02E-08	5.46E-08	4.22E-08	5.38E-08	4.06E-08
YPL218W	1.11E-05	1.27E-05	1.31E-05	1.43E-05	1.36E-05	1.41E-05	9.36E-06	1.13E-05	1.07E-05	8.09E-06	8.70E-06	9.35E-06	5.18E-06	4.80E-06	2.80E-06	2.86E-06
YOR098C	6.53E-08	5.18E-08	6.00E-08	6.36E-08	6.01E-08	5.76E-08	4.45E-08	4.13E-08	NA	4.01E-08	4.26E-08	1.89E-08	4.71E-08	4.56E-08	4.70E-08	4.93E-08
YLR396C	6.00E-08	7.49E-08	NA	8.64E-08	8.40E-08	8.45E-08	6.04E-08	NA	7.05E-08	4.53E-08	4.20E-08	3.16E-08	4.57E-08	4.48E-08	3.81E-08	4.55E-08
YIL125W	5.30E-06	4.77E-06	5.06E-06	3.37E-06	3.26E-06	3.32E-06	2.44E-06	2.34E-06	2.39E-06	1.68E-06	1.58E-06	1.74E-06	4.66E-06	4.30E-06	5.27E-06	5.28E-06
YGL055W	1.76E-06	1.60E-06	1.49E-06	4.77E-06	4.78E-06	4.68E-06	3.91E-06	3.75E-06	4.07E-06	2.45E-06	2.65E-06	2.91E-06	1.82E-06	1.66E-06	2.39E-06	2.89E-06
YOL052C	6.55E-07	7.10E-07	7.98E-07	8.69E-07	8.63E-07	9.24E-07	5.57E-07	5.71E-07	5.55E-07	4.16E-07	4.37E-07	4.38E-07	5.42E-07	5.17E-07	5.32E-07	5.35E-07
YLR131C	NA	NA	9.83E-09	NA	NA	2.11E-08	NA	NA	NA	NA	NA	NA	NA	NA	NA	9.90E-09
YOR362C	9.40E-06	9.95E-06	1.03E-05	1.11E-05	1.14E-05	1.11E-05	7.10E-06	7.41E-06	6.99E-06	5.79E-06	6.50E-06	6.63E-06	5.02E-06	4.86E-06	5.37E-06	4.93E-06
YGL011C	4.10E-06	4.48E-06	4.34E-06	5.07E-06	5.03E-06	5.45E-06	3.06E-06	3.26E-06	3.29E-06	2.72E-06	2.84E-06	2.86E-06	2.13E-06	2.08E-06	2.29E-06	2.05E-06
YOR128C	4.07E-06	3.94E-06	4.03E-06	4.16E-06	4.31E-06	4.16E-06	2.90E-06	2.83E-06	2.72E-06	2.78E-06	2.56E-06	2.87E-06	3.49E-06	3.74E-06	3.67E-06	3.67E-06
YLR196W	1.57E-06	1.50E-06	1.29E-06	1.22E-06	1.05E-06	1.08E-06	5.72E-07	5.59E-07	5.68E-07	4.94E-07	4.96E-07	5.11E-07	1.01E-06	1.12E-06	1.14E-06	9.79E-07
YPL271W	1.79E-06	1.65E-06	1.45E-06	1.58E-06	1.55E-06	1.55E-06	1.13E-06	1.08E-06	1.08E-06	8.51E-07	8.07E-07	8.12E-07	1.17E-06	1.16E-06	1.34E-06	1.21E-06
YJR049C	NA	NA	NA	NA	NA	NA	NA	NA	NA	NA	NA	NA	NA	NA	NA	NA
YJR051W	1.25E-07	1.03E-07	1.43E-07	1.42E-07	1.48E-07	1.37E-07	1.01E-07	9.77E-08	9.66E-08	8.17E-08	7.86E-08	8.81E-08	6.30E-08	7.42E-08	7.92E-08	9.73E-08
YER070W	1.65E-06	1.41E-06	1.78E-06	2.43E-06	2.56E-06	2.54E-06	1.78E-06	1.79E-06	1.97E-06	1.61E-06	1.37E-06	1.66E-06	2.28E-06	2.22E-06	2.16E-06	2.31E-06
YPL215W	5.97E-07	5.97E-07	5.62E-07	4.76E-07	5.21E-07	4.75E-07	3.35E-07	3.23E-07	3.01E-07	2.48E-07	2.04E-07	2.36E-07	9.82E-07	9.29E-07	9.27E-07	9.73E-07
YKR001C	3.36E-06	3.27E-06	3.72E-06	4.89E-06	4.98E-06	4.89E-06	3.19E-06	3.21E-06	3.17E-06	2.62E-06	2.60E-06	2.62E-06	2.30E-06	2.17E-06	2.44E-06	2.46E-06
YIL066C	NA	NA	NA	NA	NA	NA	NA	NA	NA	NA	NA	NA	NA	NA	NA	NA
YDR177W	4.56E-06	4.90E-06	5.63E-06	4.13E-06	4.31E-06	4.36E-06	2.23E-06	2.48E-06	2.33E-06	1.85E-06	2.05E-06	2.10E-06	2.51E-06	2.59E-06	2.63E-06	2.71E-06
YDR337W	2.33E-07	2.28E-07	2.01E-07	1.60E-07	1.78E-07	1.87E-07	1.08E-07	9.97E-08	9.84E-08	6.95E-08	7.74E-08	1.17E-07	3.20E-07	2.89E-07	3.42E-07	3.13E-07
YLL041C	5.50E-06	5.01E-06	4.89E-06	3.52E-06	3.81E-06	3.58E-06	2.47E-06	2.56E-06	2.41E-06	1.51E-06	1.53E-06	1.59E-06	3.79E-06	3.62E-06	4.58E-06	4.13E-06
YPL094C	1.50E-06	1.44E-06	1.91E-06	2.18E-06	2.22E-06	2.44E-06	1.51E-06	1.34E-06	1.38E-06	1.08E-06	9.70E-07	1.09E-06	9.99E-07	8.20E-07	1.24E-06	1.35E-06
YGL097W	1.33E-06	1.22E-06	1.19E-06	1.34E-06	1.32E-06	1.42E-06	8.82E-07	9.47E-07	9.18E-07	8.52E-07	8.69E-07	8.94E-07	1.04E-06	1.01E-06	1.06E-06	9.52E-07
YNL262W	5.44E-07	1.86E-06	2.08E-06	NA	1.64E-06	NA	NA	NA	NA	NA	4.70E-07	NA	7.86E-07	8.24E-07	NA	8.43E-07
YDL066W	5.77E-06	5.70E-06	6.34E-06	6.10E-06	6.33E-06	6.43E-06	4.50E-06	4.38E-06	4.29E-06	3.44E-06	3.40E-06	3.90E-06	5.24E-06	5.14E-06	5.32E-06	5.27E-06
YHL020C	NA	NA	NA	NA	8.27E-08	NA	NA	NA	NA	NA	NA	NA	NA	NA	NA	NA
YNL307C	2.86E-06	3.06E-06	2.78E-06	3.44E-06	3.52E-06	3.57E-06	1.99E-06	2.22E-06	1.99E-06	1.81E-06	1.84E-06	1.93E-06	1.53E-06	1.40E-06	1.65E-06	1.63E-06
YOR336W	NA	2.67E-08	5.04E-08	NA	NA	NA	3.39E-08	3.57E-08	NA	2.92E-08	3.44E-08	3.55E-08	NA	NA	NA	NA
YOR290C	NA	NA	NA	NA	NA	NA	NA	NA	NA	NA	NA	NA	NA	NA	NA	NA
YOL126C	8.06E-06	8.17E-06	7.41E-06	3.45E-06	3.27E-06	3.26E-06	1.01E-06	9.76E-07	9.78E-07	7.12E-07	6.22E-07	6.44E-07	7.96E-07	8.19E-07	6.21E-07	3.04E-07
YER142C	6.64E-08	5.42E-08	3.92E-08	1.06E-07	8.69E-08	NA	5.18E-08	4.66E-08	6.06E-08	4.08E-08	4.78E-08	4.18E-08	NA	NA	NA	NA
YJL180C	2.77E-07	3.13E-07	3.14E-07	2.79E-07	2.74E-07	2.75E-07	1.95E-07	1.74E-07	1.71E-07	1.19E-07	1.44E-07	1.40E-07	5.59E-07	4.48E-07	5.37E-07	4.76E-07
YMR282C	1.20E-08	5.91E-09	NA	NA	9.06E-09	6.99E-09	NA	NA	NA	4.58E-09	NA	4.71E-09	7.55E-09	9.63E-09	NA	NA
YGL206C	1.32E-06	1.28E-06	1.53E-06	1.88E-06	1.81E-06	1.84E-06	1.22E-06	1.25E-06	1.26E-06	9.39E-07	1.01E-06	1.08E-06	7.21E-07	6.75E-07	9.18E-07	1.09E-06
YPR010C	7.47E-07	6.10E-07	6.74E-07	6.69E-07	6.56E-07	6.48E-07	3.49E-07	3.63E-07	3.82E-07	3.01E-07	3.00E-07	3.36E-07	7.89E-07	7.72E-07	7.33E-07	7.98E-07
YOR210W	9.25E-07	9.27E-07	8.66E-07	9.19E-07	8.28E-07	8.44E-07	5.35E-07	5.13E-07	4.94E-07	4.41E-07	4.32E-07	5.03E-07	6.55E-07	6.90E-07	6.43E-07	8.00E-07
YER012W	3.50E-06	3.65E-06	3.58E-06	4.29E-06	4.17E-06	4.27E-06	2.71E-06	2.58E-06	2.57E-06	2.20E-06	2.27E-06	2.39E-06	1.78E-06	1.91E-06	1.73E-06	1.61E-06
YMR307W	3.50E-06	3.45E-06	3.55E-06	4.07E-06	4.09E-06	4.24E-06	3.38E-06	3.17E-06	3.53E-06	2.48E-06	2.65E-06	2.91E-06	2.80E-06	2.49E-06	3.21E-06	3.88E-06
YGL173C	6.30E-07	6.62E-07	6.67E-07	9.49E-07	9.33E-07	1.01E-06	6.45E-07	6.75E-07	6.75E-07	4.81E-07	5.59E-07	5.62E-07	5.77E-07	5.20E-07	6.40E-07	7.27E-07
YER103W	3.28E-06	3.98E-06	5.62E-06	7.17E-06	5.69E-06	6.52E-06	1.75E-06	1.71E-06	1.64E-06	9.73E-07	9.70E-07	6.68E-07	3.34E-07	2.93E-07	3.50E-07	2.59E-07
YOR332W	7.91E-06	8.18E-06	7.82E-06	1.26E-05	1.32E-05	1.39E-05	1.05E-05	1.11E-05	1.09E-05	8.79E-06	9.93E-06	1.06E-05	6.39E-06	6.14E-06	6.16E-06	6.37E-06
YGR092W	7.50E-08	NA	NA	NA	NA	9.91E-08	7.19E-08	8.18E-08	NA	4.89E-08	6.67E-08	7.67E-08	7.45E-08	7.35E-08	7.35E-08	3.29E-08
YNL183C	1.63E-07	1.59E-07	1.48E-07	2.81E-07	2.90E-07	3.29E-07	2.42E-07	2.44E-07	2.06E-07	1.97E-07	2.24E-07	2.08E-07	1.85E-07	1.65E-07	1.90E-07	1.76E-07
YDR189W	4.06E-07	3.87E-07	5.02E-07	4.63E-07	4.56E-07	4.76E-07	2.90E-07	2.85E-07	3.08E-07	2.24E-07	2.14E-07	2.47E-07	2.49E-07	2.64E-07	2.35E-07	2.51E-07
YLR268W	8.57E-07	9.25E-07	1.06E-06	1.35E-06	1.35E-06	9.90E-07	8.54E-07	8.29E-07	9.75E-07	6.89E-07	6.43E-07	6.80E-07	5.69E-07	5.33E-07	8.63E-07	1.01E-06
YLR043C	1.33E-05	1.25E-05	1.19E-05	1.42E-05	1.27E-05	1.39E-05	8.07E-06	8.57E-06	8.25E-06	6.26E-06	6.60E-06	6.51E-06	9.92E-06	9.63E-06	1.03E-05	1.04E-05
YBR097W	NA	NA	NA	NA	NA	NA	NA	NA	NA	NA	NA	NA	NA	NA	NA	NA
YGL233W	5.18E-08	NA	6.13E-08	5.27E-08	7.54E-08	5.61E-08	3.85E-08	3.98E-08	4.30E-08	4.16E-08	3.98E-08	3.47E-08	2.75E-08	2.35E-08	2.88E-08	2.98E-08
YOR207C	2.34E-07	2.20E-07	2.56E-07	2.55E-07	2.69E-07	2.37E-07	1.76E-07	1.81E-07	1.92E-07	1.59E-07	1.31E-07	1.45E-07	2.43E-07	2.22E-07	2.37E-07	2.68E-07
YGR183C	3.94E-06	4.50E-06	3.59E-06	3.72E-06	4.24E-06	4.02E-06	3.43E-06	3.78E-06	4.08E-06	2.22E-06	2.11E-06	2.15E-06	3.06E-06	2.84E-06	3.14E-06	3.77E-06
YAR007C	2.14E-06	2.03E-06	1.79E-06	2.38E-06	2.51E-06	2.48E-06	1.51E-06	1.49E-06	1.58E-06	1.35E-06	1.33E-06	1.39E-06	1.23E-06	1.24E-06	1.38E-06	1.30E-06
YJL063C	8.21E-07	6.10E-07	5.82E-07	4.16E-07	4.14E-07	4.30E-07	2.47E-07	3.55E-07	2.62E-07	1.62E-07	1.72E-07	2.06E-07	9.25E-07	1.01E-06	9.50E-07	8.88E-07
YKR085C	4.12E-07	4.60E-07	4.40E-07	3.02E-07	3.33E-07	3.61E-07	2.18E-07	1.55E-07	1.32E-07	NA	NA	1.10E-07	6.60E-07	6.43E-07	6.45E-07	5.66E-07
YGL248W	6.56E-07	8.19E-07	7.00E-07	7.47E-07	7.62E-07	8.54E-07	5.66E-07	3.17E-07	5.98E-07	4.88E-07	4.99E-07	6.38E-07	2.57E-07	2.69E-07	2.22E-07	2.36E-07
YKL210W	3.83E-06	3.63E-06	4.47E-06	4.44E-06	4.63E-06	4.48E-06	2.71E-06	2.65E-06	2.79E-06	2.35E-06	2.14E-06	2.21E-06	3.17E-06	3.20E-06	3.04E-06	3.41E-06
YOL016C	7.90E-07	7.82E-07	7.72E-07	7.93E-07	9.29E-07	9.82E-07	7.00E-07	7.65E-07	7.30E-07	6.04E-07	6.22E-07	6.44E-07	5.11E-07	4.61E-07	5.66E-07	5.37E-07
YLR240W	NA	NA	NA	NA	NA	NA	NA	NA	NA	NA	NA	NA	NA	NA	NA	NA
YOL004W	1.98E-07	1.89E-07	1.95E-07	2.74E-07	2.88E-07	3.13E-07	1.86E-07	1.90E-07	1.75E-07	1.28E-07	1.51E-07	1.56E-07	1.25E-07	1.32E-07	1.58E-07	1.72E-07
YJR017C	1.35E-06	1.45E-06	1.52E-06	1.29E-06	1.37E-06	1.34E-06	8.82E-07	8.79E-07	8.06E-07	7.02E-07	7.70E-07	8.48E-07	6.49E-07	6.41E-07	7.44E-07	6.74E-07
YOL058W	1.46E-05	1.62E-05	1.94E-05	3.07E-05	2.87E-05	3.12E-05	2.89E-05	3.16E-05	3.10E-05	2.57E-05	2.39E-05	2.26E-05	1.17E-05	1.15E-05	1.07E-05	1.06E-05
YGR209C	9.81E-06	1.05E-05	1.13E-05	1.57E-05	1.42E-05	1.50E-05	1.03E-05	9.62E-06	9.89E-06	7.92E-06	8.19E-06	8.45E-06	3.03E-06	2.94E-06	3.30E-06	2.99E-06
YGL156W	6.60E-07	7.65E-07	7.02E-07	8.21E-07	8.08E-07	7.47E-07	4.23E-07	4.05E-07	3.87E-07	3.48E-07	3.43E-07	3.05E-07	8.23E-08	7.68E-08	9.94E-08	1.02E-07
YKL114C	6.53E-07	5.16E-07	5.01E-07	5.24E-07	5.83E-07	5.02E-07	2.64E-07	3.09E-07	2.67E-07	2.34E-07	2.48E-07	2.75E-07	3.47E-07	3.29E-07	3.94E-07	3.43E-07
YFL014W	3.20E-05	4.07E-05	5.24E-05	3.16E-05	2.49E-05	2.53E-05	1.52E-05	1.54E-05	1.48E-05	1.41E-05	1.43E-05	1.24E-05	3.31E-06	2.97E-06	3.17E-06	2.37E-06
YHL021C	4.28E-06	4.65E-06	4.50E-06	3.42E-06	3.21E-06	3.21E-06	1.87E-06	1.83E-06	1.88E-06	1.78E-06	1.63E-06	1.69E-06	1.14E-06	1.06E-06	1.41E-06	1.32E-06
YLL021W	NA	4.45E-08	5.76E-08	3.68E-08	5.95E-08	NA	2.06E-08	4.61E-08	3.05E-08	2.08E-08	2.70E-08	NA	5.52E-08	2.65E-08	5.45E-08	4.10E-08
YNL229C	NA	7.25E-07	7.22E-07	5.72E-07	7.70E-07	NA	NA	3.31E-07	NA	2.60E-07	NA	NA	4.44E-07	4.45E-07	4.80E-07	5.09E-07
YML063W	3.59E-05	3.85E-05	3.69E-05	3.45E-05	3.41E-05	3.59E-05	2.06E-05	2.05E-05	2.05E-05	1.62E-05	1.71E-05	1.80E-05	4.26E-05	4.25E-05	4.16E-05	4.09E-05
YPR074C	1.61E-05	1.47E-05	1.48E-05	1.52E-05	1.53E-05	1.61E-05	8.39E-06	8.71E-06	8.74E-06	8.10E-06	7.35E-06	8.39E-06	1.93E-05	1.93E-05	1.87E-05	1.84E-05
YCR042C	NA	NA	NA	NA	NA	NA	NA	NA	NA	NA	NA	NA	NA	NA	NA	NA
YHR057C	NA	1.26E-07	9.56E-08	1.77E-07	2.08E-07	NA	1.09E-07	1.17E-07	1.11E-07	7.58E-08	1.03E-07	7.51E-08	NA	5.94E-08	7.97E-08	6.91E-08
YLR433C	2.66E-07	2.36E-07	2.14E-07	2.69E-07	2.83E-07	3.27E-07	2.07E-07	1.85E-07	1.89E-07	1.73E-07	1.64E-07	1.42E-07	1.73E-07	NA	1.39E-07	1.16E-07
YHR135C	5.08E-07	4.49E-07	4.94E-07	5.91E-07	5.53E-07	5.75E-07	3.74E-07	3.61E-07	3.38E-07	3.42E-07	2.65E-07	2.92E-07	3.41E-07	3.33E-07	3.71E-07	3.62E-07
YNL154C	NA	3.07E-07	2.16E-07	1.97E-07	NA	NA	NA	NA	NA	2.04E-07	1.66E-07	1.65E-07	NA	3.33E-07	NA	3.31E-07
YPR161C	2.07E-07	1.87E-07	2.05E-07	2.59E-07	2.69E-07	2.25E-07	1.20E-07	1.45E-07	1.45E-07	8.41E-08	NA	6.00E-08	1.41E-07	1.06E-07	1.40E-07	5.71E-08
YFR015C	3.95E-07	3.98E-07	2.76E-07	4.80E-07	5.07E-07	3.74E-07	1.54E-07	1.36E-07	1.54E-07	5.88E-08	9.36E-08	1.50E-07	2.69E-07	2.48E-07	3.15E-07	3.24E-07
YGR076C	4.46E-07	4.80E-07	4.50E-07	3.06E-07	2.99E-07	3.50E-07	1.81E-07	1.98E-07	1.65E-07	1.28E-07	1.37E-07	1.65E-07	6.44E-07	6.00E-07	6.41E-07	6.64E-07
YDR243C	NA	NA	NA	NA	NA	NA	NA	NA	NA	NA	NA	1.39E-08	NA	NA	6.32E-09	NA
YKR052C	NA	NA	NA	NA	NA	NA	NA	NA	NA	NA	NA	NA	NA	NA	NA	NA
YNL240C	NA	NA	NA	NA	NA	NA	NA	NA	NA	NA	NA	NA	NA	NA	NA	NA
YLR027C	1.18E-05	1.20E-05	9.58E-06	1.01E-05	1.03E-05	1.04E-05	8.66E-06	8.24E-06	8.36E-06	6.81E-06	6.86E-06	7.25E-06	9.70E-06	9.48E-06	1.04E-05	1.01E-05
YLR362W	NA	NA	NA	NA	NA	NA	NA	NA	NA	NA	NA	NA	NA	NA	NA	NA
YDL134C	NA	NA	5.09E-07	7.01E-07	NA	NA	NA	3.93E-07	2.90E-07	2.94E-07	NA	NA	NA	1.79E-07	2.64E-07	NA
YDL188C	1.00E-06	9.97E-07	1.06E-06	1.18E-06	1.32E-06	1.06E-06	8.44E-07	7.87E-07	8.29E-07	6.18E-07	5.94E-07	6.24E-07	5.28E-07	4.80E-07	6.15E-07	5.77E-07
YGR116W	2.79E-07	2.56E-07	2.67E-07	3.72E-07	3.75E-07	3.81E-07	2.23E-07	1.97E-07	2.32E-07	1.72E-07	1.78E-07	1.79E-07	2.41E-07	2.32E-07	2.56E-07	2.49E-07
YGR135W	6.45E-06	6.83E-06	6.98E-06	7.71E-06	7.70E-06	8.19E-06	4.68E-06	5.01E-06	4.89E-06	4.11E-06	4.17E-06	4.57E-06	3.00E-06	3.03E-06	3.25E-06	3.19E-06
YML092C	5.23E-06	5.34E-06	4.63E-06	5.59E-06	5.36E-06	6.24E-06	3.59E-06	3.60E-06	3.66E-06	2.88E-06	3.25E-06	3.21E-06	2.41E-06	2.28E-06	2.52E-06	2.40E-06
YJR077C	1.72E-05	1.92E-05	1.61E-05	2.31E-05	2.33E-05	2.25E-05	1.85E-05	1.74E-05	1.69E-05	1.38E-05	1.03E-05	1.19E-05	1.65E-05	1.51E-05	1.43E-05	1.42E-05
YML115C	2.14E-07	NA	2.38E-07	3.19E-07	3.60E-07	3.72E-07	1.93E-07	1.96E-07	1.92E-07	1.33E-07	1.55E-07	NA	1.03E-07	1.08E-07	1.28E-07	NA
YDR495C	NA	NA	NA	NA	NA	NA	NA	NA	NA	NA	NA	NA	NA	NA	NA	NA
YMR203W	5.12E-06	5.12E-06	4.93E-06	3.71E-06	4.01E-06	4.12E-06	2.60E-06	2.50E-06	2.68E-06	1.83E-06	2.07E-06	2.07E-06	4.61E-06	4.49E-06	4.98E-06	4.67E-06
YBL041W	4.01E-06	4.37E-06	4.31E-06	5.21E-06	4.97E-06	5.36E-06	3.06E-06	3.17E-06	3.08E-06	2.59E-06	2.85E-06	2.82E-06	1.86E-06	1.92E-06	2.05E-06	1.95E-06
YLR300W	5.31E-08	6.23E-08	4.50E-08	9.36E-08	9.57E-08	9.81E-08	5.88E-08	5.83E-08	5.72E-08	4.42E-08	5.05E-08	5.14E-08	3.77E-08	3.36E-08	3.25E-08	3.85E-08
YBR037C	1.09E-07	1.16E-07	1.18E-07	9.01E-08	8.68E-08	8.49E-08	5.67E-08	5.62E-08	5.46E-08	4.05E-08	4.18E-08	4.63E-08	1.13E-07	1.12E-07	1.29E-07	1.23E-07
YGR148C	1.44E-06	1.54E-06	1.44E-06	1.40E-06	1.30E-06	1.45E-06	7.75E-07	7.48E-07	7.66E-07	6.37E-07	6.45E-07	6.56E-07	1.56E-06	1.50E-06	1.57E-06	1.52E-06
YDR293C	5.58E-07	5.09E-07	7.06E-07	5.96E-07	5.52E-07	5.86E-07	4.62E-07	4.42E-07	4.51E-07	3.87E-07	3.66E-07	3.74E-07	3.30E-07	3.54E-07	3.75E-07	3.54E-07
YEL032W	2.35E-07	1.74E-07	1.73E-07	2.35E-07	2.72E-07	2.72E-07	2.43E-07	2.30E-07	2.32E-07	1.86E-07	1.92E-07	2.22E-07	3.54E-07	2.77E-07	4.06E-07	3.60E-07
YMR079W	3.70E-06	3.78E-06	3.60E-06	5.06E-06	4.97E-06	4.98E-06	3.04E-06	3.13E-06	3.07E-06	2.39E-06	2.67E-06	2.79E-06	2.42E-06	2.41E-06	2.47E-06	2.35E-06
YKL149C	NA	1.48E-08	NA	NA	2.08E-08	8.93E-09	NA	6.72E-09	1.00E-08	NA	NA	NA	NA	NA	NA	NA
YPR175W	2.07E-08	NA	NA	NA	NA	1.49E-08	NA	NA	1.66E-08	NA	8.78E-09	NA	NA	NA	NA	2.18E-08
YMR220W	3.52E-07	3.49E-07	3.88E-07	3.62E-07	3.86E-07	3.74E-07	2.78E-07	2.55E-07	2.74E-07	2.20E-07	2.46E-07	2.31E-07	2.14E-07	2.03E-07	2.10E-07	2.18E-07
YBL105C	7.75E-08	5.79E-08	7.26E-08	9.91E-08	7.22E-08	9.85E-08	6.93E-08	6.85E-08	5.83E-08	5.63E-08	4.74E-08	4.48E-08	6.19E-08	5.54E-08	4.99E-08	4.76E-08
YNL112W	1.95E-06	1.83E-06	1.30E-06	1.31E-06	1.34E-06	1.35E-06	1.07E-06	9.30E-07	9.04E-07	7.86E-07	8.32E-07	9.64E-07	2.33E-06	2.59E-06	2.23E-06	2.15E-06
YPL119C	2.09E-07	2.31E-07	3.18E-07	2.84E-07	2.83E-07	2.72E-07	1.66E-07	1.57E-07	1.53E-07	1.05E-07	1.17E-07	1.18E-07	4.12E-08	1.43E-07	1.30E-07	1.19E-07
YDL122W	2.80E-07	3.12E-07	3.41E-07	2.12E-07	2.11E-07	NA	NA	NA	1.87E-07	NA	1.15E-07	NA	2.23E-07	NA	NA	2.20E-07
YOL023W	2.50E-08	1.94E-08	2.26E-08	1.79E-08	1.92E-08	NA	1.23E-08	NA	1.48E-08	1.11E-08	1.08E-08	1.19E-08	3.09E-08	5.70E-08	4.69E-08	6.86E-08
YLR069C	6.68E-07	5.74E-07	7.76E-07	4.11E-07	3.69E-07	4.06E-07	2.44E-07	2.50E-07	2.48E-07	1.84E-07	1.73E-07	1.95E-07	1.23E-06	1.26E-06	1.33E-06	1.28E-06
YOL022C	NA	2.65E-08	NA	NA	NA	2.10E-08	NA	1.21E-08	NA	1.46E-08	NA	NA	NA	NA	NA	NA
YOR157C	2.04E-06	2.16E-06	2.11E-06	2.64E-06	2.44E-06	2.55E-06	1.64E-06	1.70E-06	1.52E-06	1.36E-06	1.47E-06	1.52E-06	9.72E-07	1.05E-06	1.08E-06	1.05E-06
YDL230W	8.22E-08	8.31E-08	1.09E-07	4.19E-08	3.99E-08	4.39E-08	3.70E-08	NA	3.89E-08	3.16E-08	2.57E-08	NA	4.29E-08	NA	4.92E-08	8.02E-08
YMR296C	2.59E-07	2.38E-07	2.73E-07	2.85E-07	3.04E-07	2.80E-07	2.16E-07	2.00E-07	2.11E-07	1.66E-07	1.63E-07	1.70E-07	2.01E-07	1.56E-07	2.06E-07	2.81E-07
YML008C	2.85E-05	3.01E-05	2.29E-05	3.76E-05	4.00E-05	4.03E-05	2.08E-05	1.90E-05	1.90E-05	1.54E-05	1.67E-05	1.78E-05	8.03E-06	7.95E-06	8.50E-06	8.25E-06
YOR201C	6.46E-08	5.55E-08	NA	5.22E-08	NA	NA	NA	NA	NA	2.17E-08	NA	1.30E-08	7.23E-08	6.96E-08	7.80E-08	7.68E-08
YKR048C	1.38E-06	1.38E-06	1.38E-06	1.14E-06	1.22E-06	1.22E-06	8.20E-07	7.92E-07	7.98E-07	7.05E-07	7.38E-07	7.79E-07	8.39E-07	9.03E-07	8.45E-07	8.46E-07
YNL007C	1.15E-05	1.21E-05	1.28E-05	1.63E-05	1.64E-05	1.75E-05	1.04E-05	1.09E-05	1.02E-05	7.55E-06	8.06E-06	7.15E-06	3.16E-06	3.11E-06	3.19E-06	2.86E-06
YKL190W	7.92E-08	9.59E-08	8.42E-08	9.73E-08	1.07E-07	9.20E-08	5.75E-08	5.77E-08	5.69E-08	4.58E-08	4.62E-08	4.64E-08	3.54E-08	3.60E-08	3.93E-08	4.13E-08
YMR061W	NA	NA	NA	NA	NA	1.03E-07	6.73E-08	NA	7.48E-08	NA	3.88E-08	NA	7.92E-08	1.16E-07	8.57E-08	NA
YGL044C	1.26E-07	1.36E-07	1.20E-07	1.34E-07	1.47E-07	NA	NA	1.22E-07	NA	NA	1.08E-07	NA	1.14E-07	NA	NA	8.52E-08
YMR214W	NA	9.49E-08	NA	NA	1.02E-07	NA	7.39E-08	NA	NA	6.21E-08	6.25E-08	6.64E-08	1.51E-07	NA	NA	7.95E-08
YCR036W	2.65E-06	2.61E-06	2.83E-06	2.31E-06	2.42E-06	2.76E-06	1.97E-06	1.61E-06	1.77E-06	1.53E-06	1.46E-06	1.45E-06	1.33E-06	1.42E-06	1.59E-06	1.51E-06
YGL014W	NA	NA	3.03E-07	2.61E-07	2.94E-07	3.47E-07	2.08E-07	1.83E-07	1.89E-07	1.25E-07	1.25E-07	1.40E-07	2.68E-07	2.33E-07	2.06E-07	2.42E-07
YGL012W	NA	NA	NA	NA	2.30E-07	NA	1.87E-07	NA	2.20E-07	2.05E-07	NA	NA	NA	NA	NA	NA
YCR002C	8.11E-07	8.77E-07	7.44E-07	9.78E-07	9.49E-07	1.03E-06	5.37E-07	5.83E-07	5.25E-07	4.62E-07	4.87E-07	5.43E-07	4.66E-07	5.02E-07	4.76E-07	4.67E-07
YCR009C	1.90E-06	2.17E-06	1.97E-06	2.35E-06	2.48E-06	2.40E-06	1.56E-06	1.67E-06	1.45E-06	1.29E-06	1.38E-06	1.49E-06	9.71E-07	9.87E-07	9.75E-07	9.79E-07
YCR024C	NA	NA	NA	NA	NA	NA	NA	1.72E-08	NA	1.02E-08	9.15E-09	1.47E-08	NA	NA	2.32E-08	NA
YCR004C	2.84E-05	2.90E-05	2.76E-05	2.43E-05	2.42E-05	2.53E-05	1.22E-05	1.10E-05	1.09E-05	9.22E-06	9.44E-06	9.60E-06	7.38E-06	6.84E-06	8.15E-06	7.31E-06
YCR026C	NA	NA	NA	NA	NA	NA	NA	NA	NA	NA	NA	NA	NA	NA	NA	NA
YCR054C	NA	NA	NA	NA	NA	3.44E-08	NA	NA	1.56E-08	1.35E-08	NA	NA	NA	NA	NA	NA
YCR033W	NA	NA	NA	NA	NA	NA	NA	NA	NA	NA	NA	NA	NA	NA	NA	NA
YCR035C	NA	NA	1.07E-07	1.15E-07	NA	NA	NA	6.11E-08	4.19E-08	4.90E-08	NA	3.48E-08	NA	NA	5.25E-08	NA
YCR020C	1.87E-10	2.58E-10	3.39E-10	1.99E-10	1.77E-10	2.11E-10	NA	NA	NA	3.01E-10	NA	NA	NA	NA	NA	NA
YCR067C	1.20E-07	1.29E-07	1.87E-07	1.95E-07	1.94E-07	1.93E-07	1.33E-07	1.39E-07	1.36E-07	1.06E-07	1.13E-07	1.29E-07	1.05E-07	9.85E-08	1.17E-07	1.31E-07
YCR095C	1.40E-08	1.34E-08	1.15E-08	NA	NA	NA	9.64E-09	NA	8.32E-09	NA	5.71E-09	6.36E-09	NA	NA	NA	4.75E-09
YCL028W	3.41E-06	3.63E-06	3.63E-06	3.53E-06	3.45E-06	3.81E-06	2.16E-06	2.51E-06	2.02E-06	1.64E-06	1.90E-06	1.77E-06	1.56E-06	1.53E-06	1.77E-06	1.48E-06
YCL031C	3.52E-07	3.75E-07	3.73E-07	2.96E-07	3.06E-07	2.92E-07	1.67E-07	1.97E-07	1.61E-07	1.34E-07	1.73E-07	1.60E-07	3.08E-07	3.24E-07	3.12E-07	2.79E-07
YCL034W	5.57E-07	5.58E-07	4.73E-07	8.00E-07	7.75E-07	8.31E-07	5.96E-07	5.82E-07	4.24E-07	4.80E-07	5.13E-07	5.81E-07	3.65E-07	3.75E-07	3.59E-07	3.41E-07
YCR011C	7.36E-08	7.45E-08	8.46E-08	2.20E-07	2.14E-07	2.25E-07	1.86E-07	1.66E-07	1.72E-07	1.26E-07	1.42E-07	1.39E-07	NA	2.08E-08	NA	4.04E-08
YCR083W	2.00E-06	2.21E-06	2.19E-06	2.55E-06	2.53E-06	2.55E-06	1.49E-06	1.50E-06	1.55E-06	1.19E-06	1.25E-06	1.21E-06	4.94E-07	4.84E-07	5.66E-07	5.15E-07
YCL035C	6.46E-06	7.67E-06	8.21E-06	6.80E-06	6.60E-06	6.71E-06	4.17E-06	4.72E-06	4.09E-06	3.73E-06	3.81E-06	3.95E-06	2.44E-06	2.22E-06	2.72E-06	2.48E-06
YCL017C	1.70E-06	1.61E-06	1.69E-06	1.81E-06	1.87E-06	1.87E-06	1.18E-06	1.14E-06	1.12E-06	9.05E-07	8.57E-07	9.72E-07	1.48E-06	1.35E-06	1.48E-06	1.43E-06
YCL057W	7.77E-07	7.49E-07	6.85E-07	8.32E-07	8.86E-07	9.81E-07	6.21E-07	5.29E-07	5.95E-07	4.76E-07	4.57E-07	5.02E-07	6.99E-07	6.82E-07	6.95E-07	7.15E-07
YCR027C	2.08E-07	2.08E-07	1.90E-07	1.80E-07	1.87E-07	1.73E-07	1.32E-07	1.29E-07	1.23E-07	1.01E-07	1.04E-07	1.19E-07	NA	6.84E-08	NA	NA
YCR072C	NA	2.20E-07	2.22E-07	1.46E-07	1.40E-07	1.62E-07	1.04E-07	1.03E-07	1.03E-07	9.53E-08	7.95E-08	9.32E-08	1.75E-07	2.01E-07	2.21E-07	1.62E-07
YLR078C	3.42E-07	NA	NA	3.74E-07	3.76E-07	4.57E-07	NA	2.57E-07	NA	2.01E-07	2.22E-07	2.07E-07	2.06E-07	2.00E-07	2.24E-07	2.85E-07
YDL058W	1.17E-08	1.31E-08	1.07E-08	1.51E-08	1.83E-08	2.18E-08	1.38E-08	8.86E-09	9.82E-09	6.66E-09	8.80E-09	1.07E-08	1.13E-08	1.13E-08	1.09E-08	1.08E-08
YDL150W	1.61E-07	1.91E-07	1.28E-07	1.03E-07	1.63E-07	1.20E-07	1.10E-07	1.14E-07	1.01E-07	9.10E-08	1.05E-07	1.10E-07	1.25E-07	1.25E-07	1.36E-07	1.38E-07
YGL123W	3.26E-05	3.47E-05	3.36E-05	3.10E-05	3.06E-05	3.24E-05	1.98E-05	1.88E-05	1.80E-05	1.49E-05	1.60E-05	1.66E-05	3.64E-05	3.67E-05	3.58E-05	3.46E-05
YER094C	1.86E-06	1.88E-06	1.86E-06	2.18E-06	2.21E-06	2.21E-06	1.41E-06	1.30E-06	1.36E-06	1.22E-06	1.20E-06	1.27E-06	8.67E-07	8.63E-07	9.72E-07	9.07E-07
YER095W	NA	1.96E-07	NA	NA	NA	NA	1.45E-07	NA	1.47E-07	1.08E-07	NA	NA	2.12E-07	1.46E-07	NA	NA
YNL064C	8.45E-06	9.09E-06	9.70E-06	1.08E-05	1.02E-05	1.09E-05	5.97E-06	6.10E-06	5.92E-06	4.52E-06	4.97E-06	4.42E-06	4.61E-06	4.47E-06	4.78E-06	4.41E-06
YKL015W	NA	NA	NA	NA	NA	NA	NA	NA	NA	NA	NA	NA	NA	NA	NA	NA
YEL027W	NA	1.35E-08	1.63E-08	4.47E-08	5.24E-08	4.63E-08	4.97E-08	3.79E-08	4.76E-08	3.09E-08	3.49E-08	4.68E-08	NA	8.88E-09	2.30E-08	1.07E-08
YCL010C	NA	NA	NA	NA	NA	NA	NA	NA	NA	NA	NA	NA	NA	NA	NA	NA
YCL011C	4.65E-07	5.13E-07	4.10E-07	4.56E-07	4.52E-07	4.80E-07	3.08E-07	3.37E-07	3.22E-07	2.45E-07	2.76E-07	2.98E-07	6.31E-07	6.12E-07	5.72E-07	6.01E-07
YCL014W	NA	NA	NA	NA	NA	NA	NA	NA	NA	NA	NA	NA	NA	NA	NA	NA
YCL016C	NA	NA	NA	NA	NA	NA	NA	NA	NA	NA	NA	NA	NA	NA	NA	NA
YCL037C	4.78E-07	4.14E-07	4.01E-07	2.62E-07	2.69E-07	3.19E-07	2.26E-07	1.96E-07	2.25E-07	1.44E-07	1.71E-07	1.88E-07	7.16E-07	7.39E-07	6.40E-07	6.62E-07
YCL039W	NA	NA	1.41E-07	NA	1.34E-07	NA	7.86E-08	8.47E-08	8.08E-08	NA	7.01E-08	5.47E-08	NA	NA	NA	6.63E-08
YCL044C	1.62E-07	1.42E-07	1.83E-07	1.82E-07	1.69E-07	1.85E-07	1.34E-07	1.19E-07	1.14E-07	NA	7.78E-08	7.30E-08	NA	8.44E-08	NA	9.95E-08
YCL045C	3.87E-07	3.76E-07	5.07E-07	7.38E-07	7.05E-07	7.34E-07	4.91E-07	4.48E-07	4.57E-07	3.34E-07	3.70E-07	4.20E-07	2.35E-07	1.80E-07	2.19E-07	3.14E-07
YCL047C	9.07E-08	1.08E-07	9.41E-08	1.06E-07	1.05E-07	9.77E-08	6.59E-08	7.41E-08	6.64E-08	5.60E-08	6.12E-08	6.82E-08	5.34E-08	6.27E-08	5.11E-08	4.52E-08
YCL054W	1.78E-07	1.55E-07	1.62E-07	1.52E-07	1.23E-07	1.49E-07	9.83E-08	9.51E-08	7.85E-08	8.24E-08	6.84E-08	8.51E-08	2.14E-07	2.47E-07	2.34E-07	2.11E-07
YCL059C	4.31E-07	4.27E-07	4.07E-07	3.25E-07	3.26E-07	3.44E-07	1.82E-07	2.02E-07	1.66E-07	1.47E-07	1.72E-07	1.82E-07	3.25E-07	3.13E-07	3.21E-07	3.18E-07
YCL009C	5.59E-06	5.75E-06	5.08E-06	5.73E-06	5.45E-06	5.56E-06	3.14E-06	3.36E-06	3.20E-06	2.54E-06	2.56E-06	2.94E-06	4.06E-06	4.23E-06	4.28E-06	4.02E-06
YCR010C	4.31E-05	3.56E-05	4.75E-05	9.68E-06	9.39E-06	9.25E-06	NA	NA	NA	NA	NA	NA	NA	NA	NA	NA
YCR016W	5.77E-08	5.52E-08	4.73E-08	6.61E-08	6.93E-08	7.09E-08	3.87E-08	3.83E-08	3.51E-08	3.39E-08	4.10E-08	4.00E-08	3.38E-08	3.58E-08	3.10E-08	3.17E-08
YCR017C	NA	NA	NA	NA	NA	NA	NA	NA	NA	NA	NA	NA	NA	NA	NA	NA
YCR021C	NA	NA	NA	NA	NA	NA	NA	NA	NA	NA	NA	NA	NA	NA	NA	NA
YCR030C	5.11E-07	5.20E-07	5.31E-07	8.13E-07	9.30E-07	8.70E-07	6.30E-07	6.05E-07	6.02E-07	5.75E-07	5.17E-07	4.92E-07	3.40E-07	3.33E-07	3.68E-07	3.44E-07
YCR046C	4.32E-07	3.99E-07	4.13E-07	2.99E-07	3.46E-07	2.98E-07	1.85E-07	1.89E-07	2.20E-07	1.21E-07	1.36E-07	1.39E-07	6.53E-07	6.87E-07	7.41E-07	6.99E-07
YCR051W	2.72E-07	2.97E-07	2.50E-07	2.77E-07	2.88E-07	2.85E-07	1.09E-07	1.11E-07	9.13E-08	8.69E-08	9.15E-08	9.92E-08	1.37E-07	1.59E-07	1.41E-07	1.27E-07
YCR052W	8.86E-08	9.28E-08	8.12E-08	1.03E-07	1.10E-07	7.82E-08	4.28E-08	5.88E-08	5.16E-08	5.68E-08	4.73E-08	6.39E-08	5.52E-08	6.92E-08	5.19E-08	6.78E-08
YCR057C	8.70E-08	1.07E-07	7.44E-08	8.37E-08	7.28E-08	NA	3.61E-08	3.65E-08	NA	3.32E-08	4.07E-08	3.62E-08	1.32E-07	9.93E-08	1.49E-07	1.10E-07
YCR068W	NA	NA	NA	NA	NA	NA	NA	NA	NA	6.11E-08	NA	NA	NA	NA	NA	NA
YCR071C	5.65E-07	5.83E-07	4.83E-07	3.67E-07	4.05E-07	4.69E-07	2.52E-07	2.52E-07	2.45E-07	1.57E-07	1.98E-07	1.88E-07	1.00E-06	8.73E-07	8.91E-07	9.24E-07
YCR077C	3.76E-07	3.79E-07	4.10E-07	4.75E-07	5.36E-07	5.50E-07	3.32E-07	3.26E-07	3.42E-07	2.46E-07	3.05E-07	2.73E-07	2.66E-07	2.63E-07	3.16E-07	3.44E-07
YCR086W	7.63E-08	7.45E-08	1.39E-07	9.02E-08	8.65E-08	9.44E-08	3.94E-08	4.56E-08	4.10E-08	3.04E-08	4.16E-08	4.04E-08	4.87E-08	5.55E-08	5.47E-08	4.86E-08
YCR090C	5.96E-07	6.16E-07	7.04E-07	5.82E-07	6.03E-07	6.01E-07	3.54E-07	3.73E-07	3.69E-07	2.91E-07	3.18E-07	3.35E-07	3.60E-07	3.57E-07	3.74E-07	3.79E-07
YCR093W	2.32E-07	2.38E-07	2.80E-07	3.06E-07	3.22E-07	2.46E-07	2.02E-07	1.82E-07	1.97E-07	1.48E-07	1.54E-07	1.73E-07	1.26E-07	1.33E-07	1.64E-07	2.11E-07
YCR076C	2.89E-07	2.91E-07	3.32E-07	3.84E-07	3.35E-07	3.56E-07	1.70E-07	2.01E-07	1.99E-07	1.67E-07	1.69E-07	1.70E-07	8.90E-08	8.23E-08	9.57E-08	9.42E-08
YDL126C	1.12E-05	1.00E-05	1.37E-05	1.10E-05	1.10E-05	1.09E-05	7.54E-06	7.41E-06	7.55E-06	6.82E-06	6.37E-06	6.68E-06	5.57E-06	5.62E-06	5.92E-06	5.74E-06
YML078W	5.93E-06	6.15E-06	6.05E-06	5.95E-06	6.40E-06	6.25E-06	4.07E-06	4.16E-06	4.13E-06	2.95E-06	3.48E-06	3.52E-06	4.99E-06	4.89E-06	5.46E-06	5.36E-06
YFL002C	4.70E-08	4.35E-08	NA	NA	9.55E-08	NA	2.17E-08	NA	NA	NA	2.14E-08	NA	3.98E-08	NA	6.06E-08	6.46E-08
YOL090W	8.84E-08	9.51E-08	1.43E-07	NA	1.78E-07	2.28E-07	1.09E-07	1.06E-07	1.42E-07	9.72E-08	9.23E-08	NA	8.08E-08	8.12E-08	6.55E-08	6.89E-08
YGR087C	2.07E-07	2.28E-08	4.17E-08	1.77E-07	1.59E-06	2.42E-08	6.99E-07	1.21E-06	9.85E-07	1.43E-07	1.60E-08	9.78E-08	NA	NA	NA	NA
YPL131W	2.63E-05	2.65E-05	2.45E-05	2.20E-05	2.35E-05	2.41E-05	1.57E-05	1.39E-05	1.46E-05	1.15E-05	1.22E-05	1.30E-05	2.74E-05	2.78E-05	2.69E-05	2.64E-05
YML016C	NA	1.14E-07	9.93E-08	NA	6.92E-08	6.72E-08	7.39E-08	6.67E-08	NA	4.23E-08	NA	6.02E-08	NA	NA	NA	9.16E-08
YPL160W	3.40E-06	3.20E-06	3.75E-06	3.43E-06	3.61E-06	3.48E-06	2.22E-06	2.14E-06	2.30E-06	1.83E-06	1.77E-06	1.96E-06	4.80E-06	4.90E-06	4.45E-06	4.92E-06
YNL312W	1.01E-06	1.03E-06	8.70E-07	1.32E-06	1.46E-06	1.53E-06	6.78E-07	8.76E-07	7.66E-07	6.06E-07	8.02E-07	7.66E-07	5.20E-07	4.62E-07	5.66E-07	5.75E-07
YJR123W	3.57E-05	3.72E-05	3.48E-05	3.20E-05	3.18E-05	3.35E-05	1.83E-05	1.91E-05	1.87E-05	1.61E-05	1.57E-05	1.79E-05	3.92E-05	3.74E-05	3.74E-05	3.68E-05
YIL133C	1.05E-05	9.93E-06	9.18E-06	8.70E-06	9.66E-06	9.54E-06	5.65E-06	5.46E-06	5.54E-06	4.63E-06	5.21E-06	5.25E-06	9.68E-06	9.42E-06	9.42E-06	9.36E-06
YNL069C	2.26E-05	2.39E-05	2.01E-05	1.96E-05	1.95E-05	1.98E-05	1.11E-05	1.08E-05	1.18E-05	9.79E-06	9.46E-06	1.05E-05	2.34E-05	2.39E-05	2.36E-05	2.28E-05
YOR096W	3.40E-05	3.64E-05	3.23E-05	3.28E-05	3.04E-05	3.33E-05	1.98E-05	1.93E-05	1.82E-05	1.53E-05	1.61E-05	1.80E-05	3.60E-05	3.62E-05	3.53E-05	3.44E-05
YKL113C	1.82E-07	1.64E-07	1.16E-07	1.92E-07	2.33E-07	2.17E-07	1.22E-07	1.33E-07	1.26E-07	9.91E-08	1.12E-07	8.42E-08	1.16E-07	9.99E-08	1.10E-07	1.11E-07
YJR005W	NA	7.63E-08	6.68E-08	NA	3.72E-08	6.50E-08	2.31E-08	2.67E-08	2.07E-08	3.20E-08	NA	3.38E-08	NA	NA	9.18E-08	NA
YFR014C	5.59E-07	6.06E-07	5.24E-07	8.08E-07	7.32E-07	7.79E-07	5.31E-07	5.42E-07	5.25E-07	4.19E-07	4.20E-07	3.99E-07	8.38E-07	8.22E-07	8.24E-07	7.86E-07
YLR258W	7.00E-07	8.17E-07	1.22E-06	9.67E-07	8.63E-07	8.25E-07	5.31E-07	6.33E-07	5.84E-07	4.79E-07	5.05E-07	4.11E-07	1.60E-07	1.80E-07	2.58E-07	2.61E-07
YGR159C	3.64E-06	3.80E-06	2.65E-06	2.21E-06	2.01E-06	2.20E-06	9.02E-07	8.83E-07	8.51E-07	6.64E-07	7.95E-07	8.41E-07	2.60E-06	2.67E-06	2.61E-06	2.31E-06
YNR013C	NA	5.82E-08	NA	1.57E-07	NA	1.43E-07	1.67E-07	NA	1.59E-07	1.10E-07	NA	NA	NA	7.62E-08	NA	NA
YJL172W	2.28E-06	2.25E-06	2.40E-06	2.65E-05	2.76E-05	2.81E-05	1.77E-05	2.24E-05	2.38E-05	1.96E-05	1.66E-05	1.73E-05	8.91E-07	8.62E-07	1.04E-06	9.20E-07
YAR015W	6.98E-06	6.67E-06	6.34E-06	6.52E-06	6.81E-06	6.70E-06	4.16E-06	4.11E-06	4.01E-06	3.44E-06	3.78E-06	3.90E-06	3.85E-06	3.83E-06	4.11E-06	3.86E-06
YAR014C	1.20E-07	1.60E-07	9.48E-08	7.86E-08	1.33E-07	8.56E-08	6.08E-08	6.99E-08	5.75E-08	4.63E-08	4.70E-08	4.88E-08	5.58E-08	6.28E-08	6.47E-08	NA
YML010W	6.89E-07	6.91E-07	7.56E-07	7.72E-07	8.04E-07	7.90E-07	5.60E-07	5.91E-07	5.40E-07	4.75E-07	4.61E-07	4.88E-07	7.07E-07	6.29E-07	6.87E-07	6.35E-07
YGL119W	9.12E-08	8.34E-08	1.45E-06	9.23E-08	1.31E-07	1.04E-07	6.60E-08	6.56E-08	5.24E-08	4.36E-08	5.65E-08	4.29E-08	5.77E-07	6.84E-08	5.87E-08	6.67E-08
YGL035C	NA	NA	NA	NA	NA	NA	NA	NA	NA	NA	NA	NA	NA	NA	NA	NA
YIL160C	3.09E-06	3.65E-06	2.91E-06	1.83E-06	1.66E-06	1.60E-06	4.65E-07	4.96E-07	4.36E-07	3.29E-07	3.35E-07	3.09E-07	1.47E-07	1.31E-07	2.34E-07	1.62E-07
YLR148W	2.16E-08	NA	NA	1.48E-08	NA	NA	NA	1.25E-08	NA	NA	NA	1.55E-08	2.63E-08	1.59E-08	2.82E-08	1.22E-08
YDR483W	1.87E-07	1.53E-07	2.05E-07	2.71E-07	2.42E-07	2.74E-07	2.15E-07	2.10E-07	2.14E-07	1.58E-07	1.70E-07	1.84E-07	1.88E-07	1.52E-07	1.45E-07	1.59E-07
YOR099W	4.44E-07	4.60E-07	4.65E-07	6.95E-07	7.46E-07	7.63E-07	4.91E-07	4.81E-07	4.81E-07	3.82E-07	4.06E-07	4.98E-07	4.89E-07	4.21E-07	4.59E-07	5.81E-07
YGR029W	2.82E-07	2.78E-07	2.57E-07	2.26E-07	2.12E-07	2.70E-07	1.46E-07	1.36E-07	1.39E-07	1.14E-07	1.22E-07	1.18E-07	1.28E-07	1.30E-07	1.46E-07	1.22E-07
YNL137C	3.16E-07	2.53E-07	2.35E-07	2.14E-07	1.81E-07	1.98E-07	1.30E-07	1.23E-07	1.60E-07	9.01E-08	8.50E-08	9.04E-08	4.35E-07	4.46E-07	4.62E-07	4.28E-07
YNL113W	1.39E-07	1.63E-07	1.28E-07	1.31E-07	1.41E-07	1.40E-07	7.14E-08	7.52E-08	6.94E-08	6.02E-08	6.77E-08	6.37E-08	1.12E-07	1.14E-07	1.14E-07	1.11E-07
YAL033W	1.25E-08	2.16E-08	1.01E-08	NA	1.99E-08	NA	NA	NA	NA	NA	NA	NA	NA	NA	1.25E-08	NA
YHR089C	3.85E-06	3.92E-06	3.46E-06	3.33E-06	3.29E-06	3.47E-06	1.74E-06	1.74E-06	1.79E-06	1.48E-06	1.51E-06	1.64E-06	3.03E-06	3.03E-06	2.95E-06	2.67E-06
YMR267W	1.82E-07	1.70E-07	1.67E-07	1.28E-07	1.37E-07	1.63E-07	8.19E-08	5.55E-08	7.65E-08	6.41E-08	3.85E-08	4.55E-08	2.26E-07	1.17E-07	2.19E-07	1.51E-07
YER065C	1.30E-05	1.15E-05	9.84E-06	4.78E-06	5.07E-06	4.45E-06	1.41E-06	1.41E-06	1.48E-06	4.21E-07	4.61E-07	3.68E-07	2.41E-06	2.20E-06	3.00E-06	2.15E-06
YOR136W	1.18E-05	1.18E-05	1.20E-05	1.75E-05	1.82E-05	1.84E-05	1.55E-05	1.50E-05	1.38E-05	9.81E-06	1.01E-05	1.07E-05	1.87E-05	1.76E-05	2.25E-05	1.98E-05
YEL012W	1.26E-06	1.52E-06	NA	1.72E-06	1.81E-06	1.18E-06	1.03E-06	5.86E-07	1.47E-06	6.84E-07	8.15E-07	4.32E-07	NA	3.56E-07	NA	5.67E-07
YKL216W	2.06E-06	2.09E-06	1.96E-06	1.95E-06	1.95E-06	1.96E-06	1.28E-06	1.21E-06	1.13E-06	1.04E-06	1.03E-06	1.12E-06	1.87E-06	1.93E-06	1.79E-06	1.86E-06
YKL215C	2.97E-07	2.86E-07	2.90E-07	4.11E-07	4.51E-07	2.79E-07	2.72E-07	2.84E-07	3.37E-07	2.47E-07	2.55E-07	2.84E-07	1.82E-07	1.52E-07	1.75E-07	2.04E-07
YBL039C	1.13E-06	1.17E-06	1.10E-06	6.52E-07	6.60E-07	6.68E-07	3.73E-07	3.35E-07	3.32E-07	2.87E-07	2.85E-07	3.14E-07	1.22E-06	1.26E-06	1.17E-06	1.14E-06
YKL096W	NA	NA	NA	NA	NA	NA	NA	NA	NA	NA	NA	NA	NA	NA	NA	NA
YKL095W	NA	1.54E-08	NA	NA	1.24E-08	NA	NA	NA	NA	9.64E-09	NA	NA	NA	NA	NA	NA
YKL094W	1.36E-06	1.39E-06	1.25E-06	1.09E-06	1.04E-06	1.06E-06	9.37E-07	9.57E-07	9.53E-07	7.17E-07	7.56E-07	7.91E-07	8.11E-07	7.61E-07	8.53E-07	8.27E-07
YKL007W	1.52E-06	1.60E-06	1.59E-06	1.65E-06	1.80E-06	1.79E-06	1.04E-06	1.07E-06	1.08E-06	8.48E-07	8.98E-07	9.70E-07	8.11E-07	7.77E-07	8.53E-07	7.97E-07
YKL008C	NA	NA	NA	NA	NA	NA	NA	NA	NA	NA	NA	6.88E-08	NA	NA	NA	NA
YMR152W	9.13E-07	8.95E-07	7.21E-07	1.05E-06	1.29E-06	1.02E-06	7.01E-07	6.46E-07	6.23E-07	6.87E-07	5.30E-07	5.61E-07	2.45E-07	2.40E-07	2.90E-07	2.63E-07
YKL117W	1.52E-05	1.67E-05	1.75E-05	1.75E-05	1.67E-05	1.84E-05	9.84E-06	1.05E-05	1.02E-05	8.50E-06	8.79E-06	8.83E-06	7.50E-06	7.56E-06	8.00E-06	7.39E-06
YGR028W	NA	2.35E-07	NA	1.37E-07	1.64E-07	1.80E-07	1.51E-07	1.68E-07	1.39E-07	1.08E-07	1.09E-07	1.15E-07	2.69E-07	2.45E-07	2.34E-07	2.27E-07
YGL148W	4.91E-06	4.83E-06	4.73E-06	3.63E-06	3.57E-06	3.66E-06	2.08E-06	2.12E-06	2.18E-06	1.80E-06	1.95E-06	2.04E-06	5.04E-06	5.00E-06	4.76E-06	4.72E-06
YKL003C	1.08E-06	1.29E-06	1.05E-06	NA	7.36E-07	6.54E-07	NA	5.31E-07	NA	4.10E-07	4.44E-07	4.93E-07	1.89E-06	1.60E-06	NA	1.93E-06
YDL205C	2.96E-06	2.83E-06	2.69E-06	1.39E-06	1.40E-06	1.35E-06	8.79E-07	1.01E-06	8.64E-07	6.60E-07	7.69E-07	8.13E-07	2.87E-06	3.14E-06	3.02E-06	2.89E-06
YDR498C	NA	NA	NA	NA	NA	NA	NA	NA	NA	3.87E-08	NA	NA	NA	NA	NA	NA
YDR329C	NA	NA	NA	NA	NA	NA	NA	NA	NA	NA	NA	NA	NA	NA	NA	NA
YDR036C	5.90E-07	5.91E-07	6.74E-07	3.87E-07	4.15E-07	4.16E-07	1.57E-07	1.60E-07	1.65E-07	1.21E-07	9.83E-08	9.73E-08	3.07E-07	2.99E-07	3.42E-07	2.94E-07
YNL037C	1.68E-05	1.79E-05	1.66E-05	2.16E-05	2.40E-05	2.33E-05	1.80E-05	1.77E-05	1.80E-05	1.12E-05	1.15E-05	1.24E-05	2.15E-05	2.05E-05	2.61E-05	2.28E-05
YLR286C	3.30E-07	3.31E-07	3.72E-07	3.56E-07	3.21E-07	3.41E-07	1.58E-07	1.99E-07	1.78E-07	1.10E-07	1.28E-07	1.49E-07	3.31E-07	3.60E-07	4.37E-07	3.35E-07
YPR086W	1.35E-07	1.14E-07	1.47E-07	6.48E-07	4.36E-07	NA	3.97E-07	2.13E-07	3.28E-07	1.33E-07	3.25E-07	NA	NA	1.92E-07	2.23E-07	2.24E-07
YPL204W	2.07E-07	1.78E-07	2.01E-07	2.53E-07	2.70E-07	2.79E-07	1.50E-07	1.80E-07	1.69E-07	1.40E-07	1.53E-07	1.38E-07	2.27E-07	2.41E-07	2.36E-07	2.69E-07
YER177W	8.81E-06	9.63E-06	1.02E-05	1.10E-05	1.07E-05	1.14E-05	7.17E-06	6.84E-06	7.09E-06	5.68E-06	5.79E-06	6.15E-06	4.69E-06	4.60E-06	4.96E-06	4.86E-06
YBR200W	5.88E-08	6.22E-08	4.55E-08	5.95E-08	6.69E-08	7.12E-08	4.39E-08	3.69E-08	3.79E-08	3.05E-08	3.06E-08	3.64E-08	4.26E-08	4.24E-08	4.56E-08	4.43E-08
YLL045C	1.22E-05	1.24E-05	1.15E-05	1.12E-05	1.12E-05	1.19E-05	6.49E-06	6.53E-06	6.73E-06	5.41E-06	5.67E-06	6.06E-06	1.32E-05	1.31E-05	1.22E-05	1.21E-05
YKR002W	1.93E-07	2.03E-07	2.20E-07	2.05E-07	2.11E-07	2.53E-07	1.33E-07	1.48E-07	1.52E-07	9.35E-08	1.06E-07	1.22E-07	1.47E-07	1.28E-07	1.73E-07	1.88E-07
YBL023C	1.57E-07	1.56E-07	1.95E-07	1.69E-07	1.65E-07	1.73E-07	1.38E-07	1.42E-07	1.16E-07	1.17E-07	1.16E-07	1.07E-07	1.38E-07	1.45E-07	1.39E-07	1.16E-07
YML105C	5.82E-07	5.32E-07	5.34E-07	5.29E-07	5.64E-07	5.38E-07	3.78E-07	3.28E-07	3.55E-07	2.67E-07	2.92E-07	3.03E-07	3.69E-07	3.91E-07	4.23E-07	3.84E-07
YLR274W	NA	NA	NA	NA	NA	2.69E-07	NA	1.15E-07	NA	1.90E-07	NA	2.20E-07	2.41E-07	NA	2.76E-07	NA
YDR353W	6.87E-06	6.35E-06	7.94E-06	5.39E-06	5.43E-06	5.61E-06	2.98E-06	3.27E-06	3.06E-06	2.77E-06	2.88E-06	2.96E-06	3.83E-06	3.96E-06	3.88E-06	3.75E-06
YPL048W	6.37E-06	6.79E-06	6.98E-06	6.80E-06	7.04E-06	7.19E-06	4.51E-06	4.41E-06	4.37E-06	3.56E-06	3.42E-06	3.71E-06	4.00E-06	3.97E-06	4.01E-06	4.00E-06
YKL019W	2.76E-07	2.19E-07	2.74E-07	2.61E-07	2.16E-07	3.50E-07	1.87E-07	1.68E-07	1.56E-07	1.82E-07	9.06E-08	NA	1.48E-07	1.83E-07	1.54E-07	1.35E-07
YHR190W	1.80E-06	1.87E-06	1.67E-06	2.51E-06	2.73E-06	2.37E-06	2.26E-06	2.24E-06	2.43E-06	1.64E-06	1.82E-06	2.01E-06	1.13E-06	1.06E-06	1.41E-06	1.86E-06
YER003C	4.33E-06	4.48E-06	4.46E-06	5.01E-06	4.85E-06	5.22E-06	3.48E-06	3.32E-06	3.38E-06	2.85E-06	2.93E-06	3.18E-06	3.15E-06	3.00E-06	3.15E-06	3.27E-06
YDR164C	2.74E-07	2.60E-07	2.85E-07	2.72E-07	3.05E-07	2.69E-07	1.61E-07	1.53E-07	1.72E-07	1.25E-07	1.21E-07	1.35E-07	1.67E-07	1.44E-07	1.39E-07	1.69E-07
YOR317W	5.75E-06	5.42E-06	7.21E-06	4.92E-06	5.00E-06	4.73E-06	4.12E-06	3.91E-06	4.04E-06	3.81E-06	3.91E-06	4.73E-06	2.22E-06	2.28E-06	1.98E-06	2.44E-06
YPR103W	2.48E-06	2.79E-06	2.54E-06	3.05E-06	3.10E-06	3.14E-06	1.88E-06	1.90E-06	1.96E-06	1.56E-06	1.79E-06	1.73E-06	1.18E-06	1.15E-06	1.27E-06	1.26E-06
YFR050C	5.64E-06	5.41E-06	5.55E-06	6.34E-06	6.43E-06	6.86E-06	4.18E-06	4.15E-06	3.94E-06	3.46E-06	3.63E-06	3.68E-06	2.55E-06	2.54E-06	2.68E-06	1.97E-06
YPR019W	2.06E-07	1.91E-07	2.42E-07	4.28E-07	2.37E-07	2.29E-07	2.05E-07	1.00E-07	1.42E-07	1.34E-07	1.98E-07	1.33E-07	2.00E-07	NA	2.05E-07	1.76E-07
YMR080C	1.63E-07	8.95E-08	1.58E-07	1.48E-07	1.45E-07	1.81E-07	1.41E-07	1.05E-07	1.30E-07	7.61E-08	7.69E-08	1.02E-07	1.69E-07	1.50E-07	1.47E-07	1.29E-07
YGR218W	7.11E-07	6.57E-07	9.31E-07	9.11E-07	8.61E-07	9.60E-07	6.68E-07	6.93E-07	6.88E-07	5.32E-07	5.70E-07	6.12E-07	3.86E-07	3.47E-07	4.63E-07	5.48E-07
YKL016C	1.43E-05	1.45E-05	1.23E-05	1.31E-05	1.37E-05	1.40E-05	9.46E-06	9.51E-06	9.38E-06	6.52E-06	6.72E-06	6.91E-06	1.10E-05	1.06E-05	1.19E-05	1.10E-05
YAL030W	NA	4.83E-07	NA	NA	1.05E-06	NA	NA	NA	NA	NA	NA	NA	NA	NA	4.39E-07	NA
YFL001W	2.73E-08	3.01E-08	3.12E-08	2.49E-08	1.89E-08	2.40E-08	1.91E-08	1.79E-08	1.29E-08	1.09E-08	1.25E-08	1.10E-08	3.30E-08	2.11E-08	1.89E-08	2.51E-08
YJR139C	2.13E-05	2.05E-05	2.16E-05	2.45E-05	2.45E-05	2.54E-05	1.72E-05	1.65E-05	1.76E-05	1.52E-05	1.29E-05	1.39E-05	1.62E-05	1.54E-05	1.53E-05	1.53E-05
YGR220C	2.77E-07	2.81E-07	3.25E-07	2.21E-07	2.19E-07	2.40E-07	1.50E-07	1.33E-07	1.12E-07	9.56E-08	9.35E-08	8.51E-08	4.65E-07	4.65E-07	4.98E-07	4.47E-07
YAL012W	1.75E-05	1.66E-05	1.77E-05	1.37E-05	1.34E-05	1.38E-05	9.06E-06	9.16E-06	8.91E-06	7.29E-06	7.51E-06	8.54E-06	1.26E-05	1.31E-05	1.23E-05	1.24E-05
YAL014C	NA	NA	NA	NA	NA	NA	NA	NA	NA	NA	NA	3.86E-08	NA	NA	NA	NA
YAL019W	NA	NA	NA	NA	NA	NA	NA	NA	NA	NA	NA	NA	NA	NA	3.51E-08	NA
YAL023C	5.12E-07	3.59E-07	4.55E-07	6.89E-07	6.85E-07	6.01E-07	5.22E-07	4.42E-07	4.77E-07	3.85E-07	3.12E-07	4.10E-07	3.56E-07	3.54E-07	4.52E-07	6.46E-07
YAL016W	5.69E-07	5.75E-07	6.82E-07	7.75E-07	7.39E-07	7.82E-07	5.29E-07	5.27E-07	5.59E-07	3.87E-07	4.17E-07	4.43E-07	2.45E-07	2.18E-07	3.03E-07	3.50E-07
YAL021C	9.89E-07	8.21E-07	7.47E-07	8.67E-07	9.77E-07	9.06E-07	6.16E-07	7.05E-07	6.01E-07	5.17E-07	5.16E-07	5.19E-07	6.73E-07	5.51E-07	7.38E-07	5.77E-07
YAL013W	1.28E-08	1.35E-08	1.23E-08	NA	1.21E-08	1.63E-08	NA	NA	8.63E-09	7.08E-09	NA	NA	NA	NA	NA	5.61E-09
YKL080W	2.84E-06	2.51E-06	2.81E-06	4.48E-06	4.86E-06	4.54E-06	3.86E-06	3.66E-06	3.55E-06	3.37E-06	2.80E-06	3.14E-06	2.71E-06	2.53E-06	2.38E-06	2.35E-06
YLL026W	1.92E-05	1.98E-05	2.93E-05	2.85E-05	2.59E-05	2.75E-05	2.14E-05	2.15E-05	2.18E-05	1.66E-05	1.60E-05	1.38E-05	4.94E-06	4.88E-06	5.73E-06	5.25E-06
YDR074W	2.70E-06	2.66E-06	3.60E-06	3.27E-06	3.12E-06	3.14E-06	2.40E-06	2.24E-06	2.45E-06	1.91E-06	1.86E-06	1.91E-06	1.25E-06	1.16E-06	1.43E-06	1.41E-06
YGR037C	7.33E-06	7.65E-06	4.90E-06	6.06E-06	5.80E-06	6.03E-06	3.29E-06	3.38E-06	3.34E-06	2.86E-06	3.11E-06	2.85E-06	2.41E-06	2.44E-06	2.69E-06	2.54E-06
YNL073W	NA	NA	1.67E-08	1.53E-08	NA	9.55E-09	6.76E-09	1.07E-08	7.53E-09	5.29E-09	7.00E-09	6.72E-09	NA	NA	2.28E-08	2.70E-08
YNL287W	3.90E-07	3.57E-07	4.30E-07	4.59E-07	4.84E-07	4.85E-07	3.10E-07	3.23E-07	3.26E-07	2.24E-07	2.56E-07	2.82E-07	3.04E-07	2.79E-07	3.42E-07	3.66E-07
YPR060C	2.70E-07	2.73E-07	2.72E-07	3.52E-07	3.62E-07	3.39E-07	3.01E-07	2.90E-07	2.93E-07	2.64E-07	3.00E-07	3.44E-07	2.16E-07	2.17E-07	2.04E-07	1.93E-07
YOL064C	2.46E-06	2.59E-06	2.43E-06	2.94E-06	3.05E-06	2.98E-06	1.87E-06	1.89E-06	1.89E-06	1.70E-06	1.64E-06	1.71E-06	2.16E-06	2.14E-06	1.88E-06	1.98E-06
YHL032C	1.90E-06	1.66E-06	1.81E-06	4.36E-07	4.16E-07	4.16E-07	8.54E-08	7.40E-08	6.58E-08	5.11E-08	4.91E-08	5.30E-08	1.34E-06	1.20E-06	2.09E-06	1.68E-06
YIL155C	1.84E-05	1.81E-05	1.77E-05	9.58E-06	9.03E-06	9.04E-06	2.97E-06	2.83E-06	2.86E-06	2.13E-06	1.96E-06	2.13E-06	7.11E-06	6.22E-06	9.43E-06	8.41E-06
YNL236W	3.60E-08	NA	NA	NA	NA	NA	NA	NA	NA	NA	NA	NA	1.04E-08	NA	NA	NA
YER023W	3.24E-06	3.36E-06	3.36E-06	4.80E-06	4.68E-06	4.97E-06	2.81E-06	2.99E-06	2.86E-06	2.57E-06	2.45E-06	2.65E-06	2.27E-06	2.30E-06	2.15E-06	2.23E-06
YDR300C	3.94E-07	3.25E-07	3.91E-07	2.40E-07	2.40E-07	2.16E-07	1.32E-07	1.31E-07	1.24E-07	1.09E-07	1.14E-07	9.95E-08	3.53E-07	2.81E-07	3.52E-07	3.03E-07
YOR211C	4.15E-07	3.63E-07	4.36E-07	3.68E-07	3.54E-07	4.06E-07	2.80E-07	2.57E-07	2.73E-07	1.93E-07	1.94E-07	2.04E-07	4.36E-07	4.03E-07	4.57E-07	4.13E-07
YPR035W	3.93E-06	3.86E-06	2.97E-06	2.79E-05	2.89E-05	2.95E-05	1.62E-05	1.64E-05	1.60E-05	1.19E-05	1.31E-05	1.39E-05	6.63E-06	6.57E-06	6.76E-06	6.55E-06
YBL015W	1.16E-05	1.03E-05	1.25E-05	6.76E-06	6.57E-06	6.69E-06	3.97E-06	3.75E-06	3.93E-06	2.39E-06	2.20E-06	2.17E-06	1.03E-05	9.24E-06	1.28E-05	1.12E-05
YEL052W	2.35E-07	2.47E-07	2.07E-07	1.99E-07	1.90E-07	1.72E-07	1.30E-07	1.24E-07	1.24E-07	8.06E-08	9.50E-08	1.05E-07	2.19E-07	1.84E-07	2.26E-07	2.40E-07
YDR385W	2.99E-05	2.84E-05	3.50E-05	2.54E-05	2.62E-05	2.59E-05	1.74E-05	1.68E-05	1.82E-05	1.42E-05	1.31E-05	1.44E-05	4.07E-05	4.05E-05	3.94E-05	4.15E-05
YBR218C	5.27E-06	4.55E-06	6.00E-06	6.16E-06	5.90E-06	6.30E-06	4.03E-06	3.94E-06	3.70E-06	3.04E-06	3.02E-06	3.06E-06	5.23E-06	4.91E-06	5.02E-06	5.25E-06
YPR111W	2.62E-08	3.50E-08	2.75E-08	3.56E-08	3.68E-08	3.07E-08	NA	1.91E-08	2.07E-08	NA	1.11E-08	2.19E-08	2.83E-08	NA	1.59E-08	NA
YPR058W	2.80E-07	2.62E-07	2.39E-07	6.08E-07	5.82E-07	5.81E-07	4.20E-07	4.17E-07	4.04E-07	3.89E-07	3.17E-07	3.27E-07	1.81E-07	1.52E-07	1.45E-07	1.35E-07
YKL120W	4.71E-07	4.84E-07	6.52E-07	7.36E-07	7.19E-07	6.54E-07	5.44E-07	5.32E-07	5.62E-07	4.87E-07	4.17E-07	4.64E-07	8.08E-07	6.43E-07	5.67E-07	6.22E-07
YPL082C	NA	NA	NA	NA	NA	NA	NA	1.08E-08	NA	NA	1.35E-08	NA	NA	NA	NA	NA
YLR203C	6.72E-07	6.36E-07	6.09E-07	5.16E-07	5.31E-07	5.21E-07	3.27E-07	3.07E-07	3.32E-07	2.21E-07	2.36E-07	2.40E-07	6.81E-07	6.29E-07	6.64E-07	5.88E-07
YMR308C	2.25E-07	1.88E-07	2.46E-07	2.14E-07	2.13E-07	2.23E-07	1.57E-07	1.44E-07	1.52E-07	1.00E-07	1.11E-07	1.23E-07	1.50E-07	1.54E-07	1.77E-07	2.11E-07
YML120C	6.08E-06	5.92E-06	6.25E-06	4.75E-06	5.03E-06	4.95E-06	3.81E-06	3.59E-06	3.97E-06	2.43E-06	2.59E-06	2.77E-06	5.41E-06	4.94E-06	7.14E-06	8.06E-06
YKL119C	NA	1.42E-07	NA	NA	1.77E-07	2.25E-07	1.16E-07	NA	NA	NA	9.70E-08	1.27E-07	1.35E-07	9.78E-08	NA	NA
YKL122C	1.70E-06	1.91E-06	1.68E-06	1.74E-06	1.82E-06	NA	NA	1.16E-06	1.14E-06	9.03E-07	1.06E-06	1.07E-06	8.04E-07	7.26E-07	9.50E-07	1.12E-06
YDR047W	8.16E-07	9.02E-07	7.58E-07	6.83E-07	7.17E-07	7.03E-07	4.98E-07	5.02E-07	5.15E-07	3.96E-07	3.86E-07	4.61E-07	5.99E-07	6.20E-07	5.81E-07	5.53E-07
YPR190C	NA	NA	NA	NA	NA	NA	NA	NA	NA	NA	NA	NA	NA	NA	NA	NA
YLL019C	NA	3.11E-08	NA	NA	5.36E-08	NA	NA	NA	NA	NA	1.74E-08	4.57E-08	NA	NA	NA	NA
YMR202W	7.01E-06	6.35E-06	7.63E-06	8.56E-06	8.08E-06	8.34E-06	5.81E-06	5.25E-06	6.31E-06	4.82E-06	4.54E-06	5.40E-06	3.72E-06	3.31E-06	3.94E-06	5.51E-06
YLR056W	3.23E-07	3.23E-07	4.21E-07	4.97E-07	5.48E-07	5.11E-07	6.54E-07	4.78E-07	5.63E-07	3.57E-07	4.28E-07	5.27E-07	2.05E-07	2.33E-07	3.20E-07	3.44E-07
YDR001C	3.50E-07	2.98E-07	4.72E-07	4.49E-07	4.12E-07	4.69E-07	4.03E-07	3.67E-07	3.82E-07	3.29E-07	2.91E-07	3.07E-07	1.58E-07	1.30E-07	1.47E-07	1.47E-07
YKL079W	6.80E-08	6.01E-08	4.41E-08	7.53E-08	8.05E-08	5.12E-08	5.11E-08	2.46E-08	3.69E-08	3.10E-08	3.48E-08	NA	3.39E-08	3.58E-08	4.18E-08	3.86E-08
YLR447C	2.16E-06	2.12E-06	1.85E-06	4.28E-06	4.18E-06	4.37E-06	3.16E-06	2.98E-06	2.98E-06	2.88E-06	2.26E-06	3.38E-06	1.74E-06	1.85E-06	1.59E-06	1.69E-06
YBR123C	NA	NA	NA	NA	NA	NA	NA	NA	NA	NA	NA	NA	NA	NA	NA	NA
YKL212W	4.71E-07	4.29E-07	4.74E-07	5.44E-07	5.47E-07	5.10E-07	3.34E-07	3.36E-07	3.50E-07	2.54E-07	2.65E-07	3.06E-07	3.89E-07	3.45E-07	4.53E-07	5.10E-07
YNR043W	7.33E-06	7.33E-06	6.62E-06	6.56E-06	6.73E-06	6.74E-06	5.16E-06	5.10E-06	5.22E-06	4.57E-06	4.04E-06	4.40E-06	5.51E-06	5.31E-06	5.58E-06	5.42E-06
YGR253C	2.29E-06	2.52E-06	2.14E-06	2.73E-06	2.75E-06	2.80E-06	1.70E-06	1.64E-06	1.66E-06	1.36E-06	1.51E-06	1.50E-06	1.14E-06	1.12E-06	1.19E-06	1.25E-06
YDR356W	1.59E-08	NA	2.03E-08	2.34E-08	2.63E-08	2.73E-08	1.79E-08	1.55E-08	1.44E-08	1.34E-08	1.32E-08	1.47E-08	1.27E-08	1.25E-08	1.37E-08	1.48E-08
YDL029W	2.60E-06	2.53E-06	3.30E-06	2.37E-06	2.48E-06	2.34E-06	1.55E-06	1.51E-06	1.55E-06	1.39E-06	1.22E-06	1.36E-06	1.66E-06	1.54E-06	1.64E-06	1.67E-06
YDR405W	1.73E-07	1.65E-07	1.71E-07	1.46E-07	1.39E-07	1.22E-07	8.63E-08	7.06E-08	7.95E-08	4.31E-08	5.38E-08	6.03E-08	2.59E-07	2.58E-07	2.55E-07	2.64E-07
YKL167C	3.50E-07	2.10E-07	3.27E-07	2.30E-07	1.52E-07	2.31E-07	1.34E-07	1.86E-07	1.44E-07	1.05E-07	9.43E-08	1.38E-07	4.85E-07	5.82E-07	5.64E-07	3.83E-07
YNL103W	2.13E-08	NA	2.12E-08	NA	NA	2.44E-08	NA	NA	1.41E-08	NA	1.47E-08	NA	NA	1.90E-08	NA	1.47E-08
YDL078C	9.76E-06	1.02E-05	9.52E-06	5.62E-06	5.42E-06	5.53E-06	2.81E-06	2.92E-06	2.81E-06	2.13E-06	2.13E-06	2.27E-06	2.91E-06	2.89E-06	3.36E-06	3.03E-06
YLR403W	NA	NA	NA	NA	NA	NA	NA	NA	NA	NA	NA	NA	NA	NA	NA	NA
YCR028C-A	1.49E-05	1.60E-05	1.20E-05	1.67E-05	1.52E-05	1.74E-05	8.16E-06	8.10E-06	8.82E-06	7.23E-06	7.48E-06	7.58E-06	6.01E-06	5.62E-06	6.42E-06	5.89E-06
YJL115W	3.16E-07	2.30E-07	2.37E-07	2.87E-07	2.61E-07	2.33E-07	1.60E-07	1.98E-07	1.37E-07	1.27E-07	1.41E-07	1.53E-07	1.32E-07	1.65E-07	2.12E-07	1.53E-07
YBR249C	8.95E-06	9.49E-06	7.93E-06	7.77E-06	7.29E-06	7.66E-06	3.29E-06	3.31E-06	3.32E-06	2.76E-06	2.81E-06	2.98E-06	6.87E-06	6.97E-06	7.01E-06	6.79E-06
YGR286C	2.62E-08	2.63E-08	1.90E-08	1.49E-08	1.18E-08	1.25E-08	6.17E-09	5.36E-09	6.00E-09	3.43E-09	3.55E-09	4.15E-09	2.76E-08	2.72E-08	2.68E-08	2.59E-08
YNL316C	3.51E-07	3.27E-07	2.48E-07	2.32E-07	2.79E-07	2.39E-07	2.14E-07	1.61E-07	1.78E-07	1.45E-07	1.41E-07	1.21E-07	1.74E-07	1.67E-07	1.97E-07	1.66E-07
YNL315C	2.08E-07	2.54E-07	2.20E-07	2.59E-07	2.16E-07	2.55E-07	1.57E-07	1.52E-07	1.47E-07	1.11E-07	1.17E-07	1.28E-07	3.18E-07	3.00E-07	3.29E-07	3.19E-07
YKL157W	2.19E-06	2.30E-06	2.59E-06	4.43E-06	4.61E-06	4.44E-06	3.31E-06	3.31E-06	3.51E-06	3.08E-06	2.87E-06	3.11E-06	1.21E-06	1.21E-06	1.32E-06	1.34E-06
YLR314C	2.12E-06	2.05E-06	2.10E-06	2.28E-06	2.31E-06	2.31E-06	1.46E-06	1.51E-06	1.40E-06	1.13E-06	1.40E-06	1.29E-06	1.38E-06	1.37E-06	1.51E-06	1.39E-06
YJR076C	7.54E-07	7.31E-07	6.59E-07	9.92E-07	8.43E-07	8.65E-07	5.62E-07	5.84E-07	5.44E-07	4.22E-07	4.95E-07	5.23E-07	5.96E-07	5.58E-07	6.01E-07	6.16E-07
YIR032C	NA	NA	5.47E-07	NA	3.19E-06	NA	NA	1.12E-06	1.16E-06	NA	9.80E-07	1.45E-06	NA	NA	NA	NA
YIR030C	NA	NA	NA	NA	NA	NA	4.34E-08	NA	1.51E-08	NA	1.08E-08	1.06E-07	NA	NA	NA	NA
YKL191W	NA	1.71E-07	1.52E-07	1.54E-07	1.73E-07	1.59E-07	8.71E-08	8.91E-08	9.36E-08	7.01E-08	6.40E-08	6.56E-08	2.13E-07	1.95E-07	2.02E-07	1.97E-07
YNL280C	NA	1.75E-07	NA	NA	NA	NA	1.39E-07	1.56E-07	1.89E-07	NA	NA	NA	NA	NA	NA	NA
YKL192C	2.81E-06	2.69E-06	3.09E-06	2.35E-06	2.44E-06	2.40E-06	1.51E-06	1.53E-06	1.38E-06	1.11E-06	1.25E-06	1.24E-06	2.20E-06	2.00E-06	2.28E-06	2.23E-06
YDR345C	NA	NA	NA	NA	NA	NA	NA	NA	NA	NA	NA	NA	NA	NA	NA	NA
YHR092C	NA	NA	NA	NA	NA	NA	1.33E-07	1.79E-07	1.68E-07	1.19E-07	1.21E-07	1.24E-07	NA	NA	NA	NA
YHR107C	2.41E-06	2.45E-06	2.27E-06	2.59E-06	2.75E-06	2.88E-06	1.69E-06	1.74E-06	1.63E-06	1.39E-06	1.57E-06	1.54E-06	1.40E-06	1.40E-06	1.42E-06	1.32E-06
YLR172C	1.40E-06	1.45E-06	1.24E-06	1.17E-06	1.21E-06	1.16E-06	7.08E-07	6.83E-07	6.70E-07	5.72E-07	5.86E-07	5.95E-07	1.08E-06	1.16E-06	1.10E-06	1.16E-06
YAL003W	1.90E-05	2.01E-05	1.69E-05	1.81E-05	1.84E-05	1.87E-05	1.17E-05	1.22E-05	1.17E-05	9.52E-06	1.02E-05	1.03E-05	1.54E-05	1.53E-05	1.58E-05	1.54E-05
YDR519W	7.19E-07	6.90E-07	7.13E-07	7.47E-07	7.51E-07	7.35E-07	4.43E-07	4.46E-07	4.39E-07	3.77E-07	3.92E-07	4.02E-07	3.13E-07	3.11E-07	3.59E-07	3.15E-07
YBR221C	2.21E-05	2.12E-05	2.18E-05	2.26E-05	2.53E-05	2.60E-05	1.59E-05	1.44E-05	1.49E-05	1.12E-05	1.13E-05	1.23E-05	1.41E-05	1.33E-05	1.50E-05	1.35E-05
YDR518W	2.71E-07	2.43E-07	3.60E-07	3.08E-07	2.64E-07	2.97E-07	1.12E-07	1.46E-07	1.27E-07	1.17E-07	1.03E-07	1.22E-07	NA	9.77E-08	7.99E-08	8.41E-08
YGR175C	1.06E-06	8.55E-07	1.36E-06	1.45E-06	1.30E-06	1.27E-06	1.06E-06	1.12E-06	1.21E-06	8.62E-07	8.79E-07	9.09E-07	6.08E-07	5.73E-07	7.51E-07	8.95E-07
YJL101C	3.35E-07	2.57E-07	3.08E-07	5.50E-07	4.72E-07	4.70E-07	4.19E-07	3.99E-07	4.16E-07	3.25E-07	3.48E-07	3.16E-07	3.45E-07	4.12E-07	3.63E-07	3.61E-07
YOR038C	NA	NA	NA	NA	NA	NA	NA	NA	NA	NA	NA	NA	NA	NA	NA	NA
YER025W	4.71E-06	4.45E-06	4.42E-06	3.50E-06	3.55E-06	3.61E-06	2.48E-06	2.48E-06	2.34E-06	1.96E-06	1.88E-06	2.10E-06	4.58E-06	4.36E-06	4.51E-06	4.60E-06
YLR113W	8.84E-07	1.04E-06	7.90E-07	6.74E-07	7.04E-07	7.46E-07	5.10E-07	4.83E-07	5.13E-07	4.04E-07	4.47E-07	4.84E-07	9.95E-07	9.04E-07	1.03E-06	9.59E-07
YPR159W	NA	NA	NA	NA	NA	NA	NA	NA	NA	NA	NA	NA	NA	NA	NA	NA
YAL029C	4.00E-08	4.26E-08	NA	4.89E-08	4.28E-08	4.49E-08	NA	NA	3.28E-08	NA	NA	2.32E-08	2.02E-08	NA	NA	2.38E-08
YDL208W	4.22E-06	4.09E-06	3.50E-06	3.47E-06	3.42E-06	3.35E-06	1.88E-06	1.94E-06	1.86E-06	1.54E-06	1.78E-06	1.74E-06	2.93E-06	2.89E-06	3.05E-06	2.74E-06
YFR052W	1.75E-06	1.96E-06	1.78E-06	1.99E-06	1.99E-06	2.01E-06	1.30E-06	1.30E-06	1.26E-06	1.03E-06	1.09E-06	1.12E-06	7.50E-07	7.22E-07	7.43E-07	7.30E-07
YMR309C	1.30E-06	1.26E-06	1.35E-06	1.45E-06	1.45E-06	1.46E-06	8.84E-07	8.82E-07	9.76E-07	7.09E-07	6.83E-07	7.49E-07	1.60E-06	1.43E-06	1.60E-06	1.71E-06
YLR335W	5.33E-07	5.52E-07	5.62E-07	6.99E-07	6.67E-07	6.84E-07	5.11E-07	4.87E-07	4.45E-07	3.68E-07	4.15E-07	3.82E-07	3.98E-07	3.92E-07	4.26E-07	3.59E-07
YML031W	NA	1.66E-07	NA	NA	NA	NA	NA	NA	NA	NA	NA	NA	NA	NA	NA	7.83E-08
YDR211W	5.05E-07	4.93E-07	5.00E-07	3.72E-07	3.95E-07	4.04E-07	2.93E-07	2.54E-07	2.60E-07	2.20E-07	2.18E-07	2.22E-07	4.75E-07	4.76E-07	3.98E-07	4.41E-07
YLR291C	5.29E-07	3.27E-07	6.49E-07	4.90E-07	5.69E-07	5.31E-07	2.99E-07	NA	2.91E-07	2.75E-07	1.85E-07	NA	3.65E-07	4.13E-07	3.10E-07	4.22E-07
YGR140W	NA	NA	NA	NA	NA	1.12E-08	NA	NA	NA	NA	NA	NA	NA	8.67E-09	NA	NA
YGL122C	3.33E-07	3.27E-07	3.23E-07	3.63E-07	3.95E-07	3.62E-07	2.49E-07	2.38E-07	2.15E-07	1.82E-07	1.81E-07	1.87E-07	2.39E-07	2.16E-07	2.42E-07	2.36E-07
YIR006C	5.18E-07	4.51E-07	5.53E-07	7.18E-07	7.81E-07	7.29E-07	5.04E-07	4.99E-07	4.90E-07	4.08E-07	4.29E-07	4.68E-07	4.54E-07	4.50E-07	4.89E-07	4.85E-07
YLL036C	5.53E-07	5.83E-07	4.08E-07	5.95E-07	5.73E-07	5.90E-07	3.46E-07	4.46E-07	3.25E-07	3.98E-07	2.68E-07	1.80E-07	3.75E-07	3.54E-07	3.99E-07	3.92E-07
YJL203W	1.04E-07	9.47E-08	9.05E-08	6.37E-08	8.64E-08	2.53E-08	NA	3.68E-09	NA	1.57E-07	2.20E-07	2.93E-07	1.95E-08	1.60E-08	2.26E-08	1.95E-08
YGR285C	9.22E-06	9.44E-06	9.95E-06	9.80E-06	9.64E-06	1.05E-05	5.84E-06	5.82E-06	5.78E-06	4.70E-06	5.30E-06	5.61E-06	7.75E-06	7.82E-06	7.63E-06	7.72E-06
YBR208C	NA	3.97E-10	NA	1.57E-08	1.46E-08	1.37E-08	7.91E-09	6.56E-09	8.47E-09	6.45E-09	6.41E-09	NA	NA	NA	NA	NA
YJR063W	NA	NA	3.72E-07	5.61E-07	5.59E-07	5.10E-07	2.59E-07	2.36E-07	NA	2.19E-07	NA	2.15E-07	4.08E-07	5.21E-07	4.85E-07	5.27E-07
YGL207W	1.29E-06	1.24E-06	1.44E-06	1.58E-06	1.55E-06	1.65E-06	1.05E-06	1.11E-06	1.06E-06	8.50E-07	8.71E-07	9.05E-07	1.11E-06	1.07E-06	1.14E-06	1.22E-06
YNL330C	1.12E-07	1.13E-07	9.54E-08	1.11E-07	1.30E-07	1.28E-07	9.30E-08	8.84E-08	8.23E-08	7.48E-08	7.87E-08	7.48E-08	6.70E-08	NA	8.21E-08	NA
YOR270C	5.47E-07	5.67E-07	8.07E-07	2.50E-06	2.13E-06	2.54E-06	1.94E-06	1.79E-06	2.07E-06	1.42E-06	1.65E-06	1.69E-06	3.71E-07	3.56E-07	4.51E-07	5.05E-07
YGR049W	9.57E-07	8.92E-07	1.03E-06	7.72E-07	7.74E-07	7.61E-07	4.83E-07	4.62E-07	4.67E-07	3.76E-07	4.04E-07	4.09E-07	3.10E-07	3.19E-07	2.74E-07	3.69E-07
YIL075C	1.62E-06	1.57E-06	1.81E-06	2.07E-06	2.06E-06	2.15E-06	1.42E-06	1.43E-06	1.47E-06	1.05E-06	1.18E-06	1.19E-06	1.03E-06	8.96E-07	1.06E-06	1.25E-06
YGR229C	3.54E-07	3.51E-07	3.52E-07	3.54E-07	3.60E-07	4.23E-07	2.46E-07	2.78E-07	2.11E-07	2.07E-07	2.31E-07	2.47E-07	2.81E-07	2.67E-07	2.85E-07	2.79E-07
YMR165C	9.41E-08	9.08E-08	NA	1.18E-07	NA	7.28E-08	7.01E-08	NA	3.97E-08	4.67E-08	6.10E-08	NA	5.72E-08	NA	5.21E-08	5.93E-08
YDR011W	NA	NA	1.62E-08	NA	NA	NA	1.17E-08	NA	8.80E-09	NA	NA	NA	NA	1.98E-08	1.82E-08	NA
YER022W	NA	NA	6.68E-09	8.27E-09	7.84E-09	9.46E-09	5.74E-09	6.60E-09	5.40E-09	4.76E-09	NA	6.43E-09	NA	NA	NA	NA
YNL202W	3.05E-06	3.65E-06	2.61E-06	1.59E-06	1.60E-06	1.43E-06	2.64E-07	2.74E-07	2.56E-07	1.94E-07	1.92E-07	1.90E-07	1.90E-07	1.65E-07	2.87E-07	2.13E-07
YGL169W	5.39E-07	2.99E-07	5.50E-07	5.43E-07	3.53E-07	5.07E-07	2.41E-07	2.37E-07	3.40E-07	NA	2.33E-07	2.30E-07	3.21E-07	3.58E-07	NA	3.56E-07
YGR155W	1.07E-05	1.05E-05	1.05E-05	1.19E-05	1.21E-05	1.27E-05	1.25E-05	1.21E-05	1.22E-05	1.08E-05	1.12E-05	1.17E-05	8.55E-06	8.45E-06	8.36E-06	8.25E-06
YKR092C	9.12E-07	9.33E-07	9.54E-07	5.38E-07	5.07E-07	5.37E-07	3.32E-07	2.75E-07	2.87E-07	2.53E-07	2.39E-07	2.86E-07	8.70E-07	8.69E-07	7.31E-07	7.72E-07
YNL016W	2.80E-06	3.14E-06	2.73E-06	3.25E-06	3.24E-06	3.49E-06	2.44E-06	2.33E-06	2.36E-06	1.72E-06	1.96E-06	2.01E-06	2.21E-06	2.22E-06	2.18E-06	2.14E-06
YPL106C	2.58E-05	2.54E-05	2.59E-05	2.42E-05	2.58E-05	2.52E-05	1.69E-05	1.66E-05	1.66E-05	1.37E-05	1.31E-05	1.34E-05	1.71E-05	1.73E-05	1.75E-05	1.72E-05
YBR169C	1.67E-06	1.79E-06	2.58E-06	1.93E-06	1.75E-06	1.81E-06	7.45E-07	7.65E-07	7.34E-07	5.69E-07	5.67E-07	4.99E-07	1.20E-07	1.00E-07	1.62E-07	1.22E-07
YJL176C	1.81E-08	2.00E-08	8.05E-08	1.08E-07	1.08E-07	9.76E-08	7.41E-08	7.63E-08	NA	5.11E-08	6.11E-08	4.92E-08	6.88E-08	2.48E-08	8.38E-08	6.41E-08
YIL126W	1.62E-07	2.07E-07	1.81E-07	2.69E-07	2.77E-07	2.40E-07	1.88E-07	1.87E-07	1.91E-07	1.56E-07	1.51E-07	1.64E-07	2.44E-07	1.34E-07	1.88E-07	2.03E-07
YER133W	1.75E-06	1.90E-06	1.66E-06	1.69E-06	1.80E-06	1.81E-06	1.19E-06	1.33E-06	1.31E-06	1.03E-06	1.09E-06	1.15E-06	9.38E-07	9.53E-07	1.02E-06	1.00E-06
YDR129C	3.18E-06	3.16E-06	3.94E-06	4.22E-06	4.37E-06	4.37E-06	3.15E-06	3.13E-06	3.31E-06	2.45E-06	2.51E-06	2.68E-06	2.59E-06	2.38E-06	2.58E-06	2.81E-06
YBL050W	1.32E-06	1.32E-06	1.27E-06	1.00E-06	1.06E-06	1.13E-06	7.12E-07	7.66E-07	7.10E-07	5.99E-07	7.00E-07	7.29E-07	5.78E-07	5.23E-07	5.95E-07	5.53E-07
YJL155C	4.86E-07	4.54E-07	5.66E-07	4.90E-07	4.80E-07	4.82E-07	3.21E-07	3.15E-07	3.40E-07	2.87E-07	2.48E-07	2.49E-07	2.10E-07	2.25E-07	2.63E-07	2.28E-07
YBR119W	NA	NA	NA	3.83E-08	9.33E-08	NA	3.36E-08	1.86E-08	3.33E-08	2.36E-08	2.53E-08	5.61E-08	NA	NA	1.79E-08	NA
YOR017W	NA	NA	NA	NA	NA	NA	NA	NA	NA	NA	NA	NA	NA	NA	NA	NA
YOL067C	4.75E-08	4.93E-08	NA	4.44E-08	6.12E-08	6.51E-08	3.08E-08	NA	2.89E-08	1.50E-08	NA	2.72E-08	2.23E-08	NA	NA	3.96E-08
YGL252C	4.27E-07	4.03E-07	4.14E-07	3.99E-07	3.98E-07	4.11E-07	3.21E-07	2.87E-07	2.53E-07	2.32E-07	2.12E-07	2.11E-07	2.71E-07	2.45E-07	2.95E-07	2.74E-07
YEL051W	2.90E-06	2.80E-06	2.82E-06	4.15E-06	3.96E-06	4.15E-06	3.26E-06	3.18E-06	3.31E-06	2.95E-06	3.03E-06	3.32E-06	2.46E-06	2.42E-06	2.85E-06	2.10E-06
YEL050C	4.33E-07	3.72E-07	3.96E-07	2.88E-07	3.18E-07	3.72E-07	2.09E-07	4.02E-07	1.92E-07	3.16E-07	1.46E-07	1.50E-07	6.19E-07	6.12E-07	6.80E-07	6.32E-07
YEL048C	1.42E-08	NA	NA	1.57E-08	NA	NA	NA	NA	NA	NA	NA	NA	NA	NA	NA	NA
YEL047C	2.24E-06	2.13E-06	2.27E-06	2.92E-06	2.93E-06	2.91E-06	1.61E-06	1.66E-06	1.65E-06	1.48E-06	1.43E-06	1.45E-06	8.61E-07	8.10E-07	9.51E-07	8.71E-07
YEL044W	9.54E-08	1.16E-07	8.84E-08	1.26E-07	1.23E-07	1.19E-07	7.26E-08	7.23E-08	7.06E-08	5.91E-08	6.44E-08	6.61E-08	5.18E-08	5.42E-08	6.34E-08	5.09E-08
YEL042W	NA	4.96E-08	NA	6.93E-08	6.49E-08	7.18E-08	5.57E-08	5.59E-08	5.86E-08	4.25E-08	3.88E-08	4.95E-08	NA	4.57E-08	NA	6.52E-08
YEL040W	NA	NA	NA	6.67E-08	NA	NA	7.05E-08	6.82E-08	NA	NA	4.35E-08	NA	NA	NA	3.20E-07	NA
YEL037C	3.16E-06	3.19E-06	2.70E-06	3.84E-06	3.80E-06	3.83E-06	2.05E-06	2.08E-06	1.95E-06	1.70E-06	1.73E-06	1.94E-06	1.76E-06	1.68E-06	1.75E-06	1.72E-06
YEL036C	3.20E-07	2.49E-07	3.58E-07	NA	3.84E-07	5.36E-07	1.94E-07	2.59E-07	2.47E-07	1.72E-07	1.75E-07	2.22E-07	NA	1.44E-07	2.64E-07	2.30E-07
YER172C	NA	NA	NA	NA	NA	NA	NA	NA	NA	NA	NA	NA	NA	NA	NA	NA
YER175C	1.47E-06	1.77E-06	1.83E-06	1.47E-06	1.48E-06	1.58E-06	9.91E-07	9.56E-07	8.67E-07	7.53E-07	8.16E-07	8.41E-07	3.89E-07	3.74E-07	4.43E-07	NA
YER176W	9.23E-09	9.49E-09	NA	1.67E-08	1.32E-08	1.76E-08	1.29E-08	1.21E-08	1.12E-08	9.69E-09	1.07E-08	1.19E-08	NA	9.47E-09	9.28E-09	1.02E-08
YER164W	9.27E-08	1.14E-07	9.26E-08	1.47E-07	1.52E-07	1.90E-07	1.19E-07	1.11E-07	1.15E-07	9.64E-08	1.25E-07	1.01E-07	1.23E-07	1.13E-07	1.30E-07	1.44E-07
YER166W	NA	NA	NA	NA	1.14E-07	NA	NA	NA	NA	NA	6.11E-08	NA	NA	NA	NA	NA
YGL016W	NA	NA	NA	NA	NA	NA	NA	NA	NA	NA	NA	NA	NA	NA	NA	NA
YKR084C	4.62E-07	4.59E-07	4.40E-07	4.15E-07	4.39E-07	4.31E-07	3.05E-07	3.02E-07	2.62E-07	2.52E-07	2.41E-07	2.79E-07	3.67E-07	3.48E-07	3.80E-07	3.88E-07
YDL168W	2.93E-06	2.88E-06	3.57E-06	2.47E-06	2.56E-06	2.69E-06	1.34E-06	1.42E-06	1.37E-06	1.16E-06	1.28E-06	1.18E-06	1.21E-06	1.18E-06	1.18E-06	1.13E-06
YOR194C	1.22E-07	1.20E-07	NA	1.36E-07	1.29E-07	NA	9.49E-08	8.46E-08	NA	7.62E-08	8.50E-08	8.94E-08	8.69E-08	8.09E-08	7.11E-08	NA
YKL058W	1.59E-07	1.33E-07	1.72E-07	2.11E-07	1.67E-07	1.99E-07	1.14E-07	1.31E-07	1.34E-07	1.03E-07	1.20E-07	1.05E-07	1.06E-07	1.01E-07	1.09E-07	7.84E-08
YEL011W	5.05E-07	5.81E-07	7.26E-07	8.73E-07	8.60E-07	8.11E-07	5.53E-07	5.15E-07	5.42E-07	3.55E-07	3.80E-07	3.71E-07	2.13E-07	1.68E-07	2.00E-07	2.15E-07
YDR311W	5.12E-08	NA	6.21E-08	NA	NA	NA	NA	4.97E-08	NA	2.37E-08	NA	NA	NA	4.33E-08	NA	NA
YBR236C	NA	3.94E-07	NA	4.25E-07	3.34E-07	NA	2.53E-07	2.04E-07	2.13E-07	1.76E-07	1.95E-07	1.98E-07	2.29E-07	2.23E-07	2.70E-07	2.64E-07
YJR144W	6.83E-07	6.62E-07	5.56E-07	9.53E-07	8.86E-07	1.00E-06	5.66E-07	6.19E-07	5.72E-07	4.58E-07	5.03E-07	5.16E-07	4.18E-07	3.91E-07	4.45E-07	4.09E-07
YBL010C	NA	NA	NA	NA	NA	NA	NA	NA	NA	NA	NA	NA	NA	NA	NA	NA
YBL007C	6.33E-07	5.64E-07	6.74E-07	7.95E-07	8.42E-07	7.94E-07	6.57E-07	5.91E-07	5.89E-07	5.22E-07	5.07E-07	5.50E-07	5.39E-07	5.22E-07	5.53E-07	5.41E-07
YLR214W	NA	4.77E-08	NA	NA	3.75E-08	NA	NA	NA	NA	NA	NA	2.39E-08	NA	NA	NA	4.78E-08
YHR017W	1.01E-07	NA	NA	1.44E-07	1.42E-07	1.69E-07	8.39E-08	8.21E-08	NA	6.74E-08	7.44E-08	8.99E-08	3.94E-08	NA	5.24E-08	6.60E-08
YHR016C	9.16E-07	9.47E-07	9.02E-07	1.03E-06	1.04E-06	8.76E-07	6.02E-07	5.30E-07	5.83E-07	4.95E-07	4.89E-07	4.92E-07	5.18E-07	4.74E-07	5.40E-07	5.50E-07
YLR397C	2.58E-07	1.96E-07	2.73E-07	NA	2.48E-07	3.45E-07	1.99E-07	NA	1.84E-07	3.02E-07	1.59E-07	NA	NA	1.68E-07	NA	3.08E-07
YPR024W	3.11E-07	3.08E-07	3.22E-07	2.63E-07	2.73E-07	2.86E-07	1.74E-07	1.77E-07	1.87E-07	1.17E-07	1.26E-07	1.48E-07	4.13E-07	3.87E-07	4.50E-07	5.27E-07
YGL191W	4.13E-06	4.05E-06	3.52E-06	3.75E-06	3.50E-06	3.74E-06	2.95E-06	2.91E-06	2.91E-06	1.99E-06	2.08E-06	2.22E-06	2.94E-06	2.75E-06	3.28E-06	2.94E-06
YLR083C	5.88E-08	6.18E-08	6.38E-08	9.67E-08	9.82E-08	1.17E-07	6.49E-08	6.53E-08	6.51E-08	5.42E-08	6.02E-08	6.15E-08	6.93E-08	6.89E-08	7.06E-08	6.62E-08
YGL200C	1.67E-06	1.89E-06	1.91E-06	2.09E-06	2.26E-06	2.20E-06	1.40E-06	1.41E-06	1.63E-06	1.05E-06	1.10E-06	1.16E-06	9.68E-07	9.26E-07	6.12E-07	7.31E-07
YGL254W	6.78E-08	8.08E-08	5.91E-08	7.08E-08	6.66E-08	7.52E-08	6.09E-08	5.18E-08	5.88E-08	4.60E-08	4.00E-08	3.23E-08	3.08E-08	3.79E-08	3.24E-08	3.52E-08
YJL044C	5.36E-08	5.12E-08	7.79E-08	6.07E-08	3.73E-08	5.90E-08	NA	4.05E-08	5.23E-08	3.14E-08	2.55E-08	NA	1.90E-08	NA	2.63E-08	2.30E-08
YMR091C	2.17E-07	NA	1.76E-07	2.37E-07	2.35E-07	2.54E-07	1.68E-07	1.82E-07	1.87E-07	1.47E-07	1.68E-07	1.89E-07	1.17E-07	1.42E-07	1.65E-07	1.41E-07
YBR060C	NA	NA	NA	NA	1.92E-08	2.55E-08	NA	NA	NA	NA	NA	1.48E-08	NA	NA	NA	9.91E-09
YLR293C	5.07E-07	5.51E-07	5.44E-07	5.82E-07	5.72E-07	6.22E-07	3.81E-07	3.55E-07	3.89E-07	2.95E-07	3.17E-07	3.35E-07	3.70E-07	3.60E-07	3.55E-07	3.63E-07
YOR185C	2.57E-05	2.78E-05	3.05E-05	2.73E-05	3.59E-05	3.30E-05	NA	NA	2.57E-05	NA	1.87E-05	NA	NA	NA	NA	NA
YNR032W	NA	NA	NA	NA	NA	NA	NA	NA	NA	NA	NA	NA	NA	NA	NA	NA
YDR375C	7.80E-08	1.02E-07	NA	6.42E-08	7.51E-08	1.18E-07	3.69E-08	6.31E-08	4.64E-08	2.88E-08	2.84E-08	4.07E-08	1.45E-07	1.66E-07	NA	1.68E-07
YPL234C	NA	NA	NA	1.45E-06	1.55E-06	1.39E-06	1.29E-06	1.21E-06	1.17E-06	1.01E-06	1.18E-06	1.01E-06	NA	NA	NA	6.33E-07
YMR302C	3.34E-07	3.12E-07	3.71E-07	4.26E-07	4.33E-07	4.80E-07	2.82E-07	2.52E-07	2.93E-07	1.94E-07	2.04E-07	2.38E-07	1.69E-07	1.56E-07	2.40E-07	2.61E-07
YIL068C	NA	NA	5.23E-08	3.90E-08	4.37E-08	NA	2.94E-08	3.50E-08	2.96E-08	3.14E-08	2.90E-08	2.52E-08	NA	2.25E-08	2.45E-08	NA
YOR036W	NA	NA	NA	NA	NA	NA	1.01E-07	NA	NA	NA	NA	NA	NA	NA	NA	NA
YPR055W	3.72E-08	NA	3.73E-08	4.35E-08	3.78E-08	4.82E-08	NA	NA	3.34E-08	NA	1.45E-08	2.29E-08	1.62E-08	NA	NA	NA
YKL039W	4.69E-07	8.92E-07	6.80E-07	5.89E-07	6.71E-07	6.82E-07	3.48E-07	3.63E-07	3.75E-07	3.37E-07	2.83E-07	3.64E-07	NA	NA	2.52E-07	4.63E-07
YKL040C	9.77E-07	1.03E-06	8.75E-07	8.80E-07	8.52E-07	9.40E-07	5.14E-07	5.22E-07	5.11E-07	4.39E-07	4.70E-07	5.18E-07	5.00E-07	4.93E-07	5.48E-07	5.24E-07
YKL035W	5.53E-06	5.52E-06	6.14E-06	6.42E-06	6.59E-06	6.42E-06	4.96E-06	4.98E-06	5.03E-06	3.98E-06	3.81E-06	4.29E-06	2.82E-06	2.64E-06	2.89E-06	2.71E-06
YOR370C	1.45E-07	1.33E-07	1.52E-07	1.06E-07	1.48E-07	1.31E-07	9.86E-08	9.03E-08	8.48E-08	7.18E-08	6.81E-08	8.02E-08	2.11E-07	1.82E-07	1.90E-07	1.94E-07
YPL232W	1.30E-06	1.17E-06	1.40E-06	2.05E-06	2.01E-06	2.03E-06	1.54E-06	1.35E-06	1.40E-06	9.98E-07	1.20E-06	1.20E-06	9.37E-07	8.39E-07	1.11E-06	1.22E-06
YMR207C	NA	NA	9.89E-10	NA	NA	NA	NA	1.22E-10	NA	NA	NA	NA	NA	5.35E-10	NA	8.12E-11
YOR196C	1.21E-07	9.85E-08	7.81E-08	6.66E-08	7.47E-08	8.50E-08	4.44E-08	5.20E-08	5.11E-08	2.14E-08	6.07E-08	4.90E-08	1.20E-07	9.58E-08	1.22E-07	9.27E-08
YDL174C	4.29E-06	3.87E-06	4.39E-06	1.86E-06	1.78E-06	1.83E-06	7.78E-07	8.07E-07	8.40E-07	6.36E-07	6.45E-07	6.80E-07	3.92E-06	3.70E-06	4.17E-06	3.87E-06
YLL008W	1.79E-07	1.69E-07	1.63E-07	1.24E-07	1.62E-07	1.18E-07	7.64E-08	7.26E-08	6.13E-08	5.70E-08	5.70E-08	5.80E-08	2.23E-07	2.00E-07	1.91E-07	2.05E-07
YKL181W	3.35E-06	3.34E-06	3.14E-06	2.59E-06	2.93E-06	2.62E-06	1.47E-06	1.61E-06	1.52E-06	1.36E-06	1.38E-06	1.68E-06	2.32E-06	2.06E-06	2.19E-06	2.28E-06
YDR081C	3.27E-08	2.27E-08	5.70E-08	3.85E-08	1.43E-08	NA	3.75E-08	4.05E-08	3.14E-08	2.58E-08	2.29E-08	3.07E-08	2.43E-08	2.64E-08	3.93E-08	2.18E-08
YNR017W	1.86E-06	2.21E-06	1.83E-06	1.39E-06	1.30E-06	1.41E-06	9.31E-07	8.90E-07	8.64E-07	5.92E-07	6.94E-07	7.81E-07	2.34E-06	2.41E-06	2.53E-06	2.44E-06
YDR430C	2.72E-07	2.37E-07	3.36E-07	2.19E-07	2.36E-07	2.35E-07	1.38E-07	1.51E-07	1.47E-07	1.12E-07	1.10E-07	1.10E-07	3.31E-07	3.31E-07	3.54E-07	3.67E-07
YHR148W	1.19E-07	1.72E-07	1.78E-07	1.28E-07	1.57E-07	1.71E-07	7.74E-08	8.92E-08	7.01E-08	8.91E-08	1.04E-07	NA	1.58E-07	1.54E-07	2.02E-07	1.37E-07
YKR093W	NA	NA	NA	NA	NA	NA	NA	NA	NA	NA	NA	NA	NA	NA	NA	NA
YHL004W	3.23E-07	3.20E-07	2.81E-07	2.01E-07	2.18E-07	2.36E-07	1.49E-07	1.37E-07	1.32E-07	1.00E-07	8.66E-08	1.04E-07	4.70E-07	5.15E-07	5.34E-07	5.36E-07
YHR147C	3.65E-07	3.86E-07	3.28E-07	2.59E-07	2.54E-07	2.75E-07	1.67E-07	1.61E-07	1.53E-07	1.15E-07	1.27E-07	1.38E-07	5.65E-07	5.32E-07	5.87E-07	5.41E-07
YJR131W	NA	NA	NA	NA	NA	NA	NA	NA	NA	NA	NA	NA	NA	NA	NA	NA
YNR002C	3.07E-07	NA	NA	2.85E-06	2.70E-06	NA	NA	NA	NA	NA	NA	NA	NA	NA	NA	NA
YFL008W	6.72E-08	4.96E-08	4.84E-08	9.64E-08	1.03E-07	7.87E-08	7.36E-08	5.84E-08	5.52E-08	5.41E-08	4.38E-08	4.60E-08	4.50E-08	3.49E-08	7.72E-08	5.15E-08
YBR172C	3.45E-07	1.58E-07	1.86E-07	1.72E-07	1.91E-07	1.32E-07	1.17E-07	1.08E-07	1.03E-07	1.02E-07	6.68E-08	9.92E-08	3.35E-07	1.99E-07	2.45E-07	3.30E-07
YNR003C	3.88E-08	3.50E-08	3.51E-08	3.35E-08	3.96E-08	4.11E-08	2.49E-08	2.55E-08	2.16E-08	1.80E-08	2.00E-08	1.87E-08	3.11E-08	2.75E-08	2.54E-08	2.43E-08
YNL244C	4.19E-06	4.81E-06	4.83E-06	4.22E-06	4.07E-06	4.51E-06	2.27E-06	2.61E-06	2.47E-06	2.02E-06	2.10E-06	2.33E-06	3.42E-06	3.50E-06	3.26E-06	3.31E-06
YGL212W	NA	1.47E-07	NA	NA	NA	NA	NA	NA	NA	NA	NA	NA	NA	NA	NA	NA
YOR132W	1.54E-07	1.62E-07	1.58E-07	1.65E-07	1.73E-07	1.87E-07	1.20E-07	1.31E-07	1.38E-07	1.05E-07	1.00E-07	9.94E-08	7.29E-08	9.88E-08	8.91E-08	8.44E-08
YGR063C	5.82E-07	NA	6.51E-07	NA	7.84E-07	6.96E-07	4.29E-07	5.09E-07	4.31E-07	2.70E-07	4.85E-07	NA	NA	NA	4.93E-07	5.05E-07
YLR378C	2.59E-07	NA	NA	NA	3.12E-07	4.41E-07	2.94E-07	NA	3.26E-07	NA	NA	NA	NA	NA	1.98E-07	1.77E-07
YDR292C	2.65E-07	2.50E-07	3.25E-07	2.33E-07	2.20E-07	2.36E-07	1.48E-07	1.58E-07	1.46E-07	1.40E-07	1.23E-07	1.31E-07	1.59E-07	1.40E-07	1.53E-07	1.40E-07
YML001W	1.47E-06	1.70E-06	1.72E-06	2.62E-06	2.72E-06	2.68E-06	1.84E-06	1.86E-06	1.97E-06	1.54E-06	1.60E-06	1.72E-06	8.11E-07	7.61E-07	1.02E-06	1.06E-06
YKL009W	1.33E-06	1.44E-06	1.05E-06	1.31E-06	1.26E-06	1.34E-06	6.07E-07	6.30E-07	6.42E-07	5.06E-07	5.75E-07	6.06E-07	1.02E-06	1.05E-06	9.93E-07	9.91E-07
YKL010C	2.37E-08	2.42E-08	2.47E-08	3.36E-08	6.99E-08	7.10E-08	2.54E-08	1.10E-08	2.18E-08	1.48E-08	1.92E-08	2.82E-08	4.85E-09	5.61E-09	5.72E-09	6.26E-09
YKL012W	NA	NA	NA	3.65E-08	NA	3.97E-08	NA	NA	NA	NA	NA	NA	3.31E-08	NA	3.23E-08	NA
YKL013C	NA	2.36E-06	NA	NA	2.66E-06	NA	2.56E-06	NA	NA	NA	NA	1.73E-06	NA	NA	NA	1.14E-06
YOR117W	2.77E-06	3.04E-06	2.68E-06	2.95E-06	3.00E-06	3.10E-06	1.86E-06	1.89E-06	1.85E-06	1.57E-06	1.72E-06	1.76E-06	1.38E-06	1.35E-06	1.47E-06	1.39E-06
YDR394W	2.68E-06	2.62E-06	2.48E-06	2.72E-06	2.96E-06	2.86E-06	1.93E-06	1.94E-06	1.76E-06	1.61E-06	1.46E-06	1.54E-06	1.40E-06	1.54E-06	1.44E-06	1.39E-06
YKL145W	2.37E-06	2.47E-06	2.21E-06	2.54E-06	2.59E-06	2.71E-06	1.76E-06	1.68E-06	1.67E-06	1.36E-06	1.54E-06	1.60E-06	1.23E-06	1.22E-06	1.28E-06	1.25E-06
YOR153W	1.11E-07	1.01E-07	2.24E-07	4.07E-07	4.20E-07	4.08E-07	5.01E-07	4.19E-07	4.75E-07	3.06E-07	2.36E-07	3.44E-07	1.92E-07	1.66E-07	2.94E-07	2.96E-07
YJR095W	1.36E-05	1.37E-05	1.23E-05	8.18E-06	8.02E-06	7.87E-06	1.12E-06	1.32E-06	1.17E-06	3.98E-07	3.47E-07	2.17E-07	1.78E-06	1.35E-06	3.04E-06	2.21E-06
YGL238W	1.41E-07	1.98E-07	1.86E-07	2.31E-07	2.33E-07	2.23E-07	1.47E-07	1.70E-07	1.39E-07	1.11E-07	1.11E-07	1.32E-07	1.07E-07	1.59E-07	1.52E-07	1.84E-07
YNL001W	1.71E-07	2.53E-07	1.72E-07	1.54E-07	2.07E-07	2.03E-07	1.14E-07	1.43E-07	9.87E-08	7.88E-08	1.01E-07	9.02E-08	1.07E-07	1.06E-07	1.25E-07	1.23E-07
YPL270W	8.81E-08	1.28E-07	1.00E-07	8.50E-08	8.36E-08	6.54E-08	5.95E-08	6.84E-08	5.19E-08	4.63E-08	6.27E-08	5.25E-08	3.23E-08	3.37E-08	NA	5.96E-08
YBR155W	1.81E-07	1.84E-07	1.56E-07	1.96E-07	1.67E-07	1.99E-07	1.10E-07	1.05E-07	1.08E-07	8.87E-08	9.24E-08	9.93E-08	1.39E-07	1.20E-07	1.18E-07	1.11E-07
YKL092C	NA	NA	NA	NA	NA	NA	NA	NA	NA	NA	NA	NA	NA	NA	NA	3.84E-09
YBR252W	3.00E-06	3.02E-06	2.66E-06	4.02E-06	4.18E-06	4.08E-06	2.44E-06	2.36E-06	2.49E-06	2.10E-06	2.18E-06	2.23E-06	2.14E-06	2.04E-06	2.30E-06	2.19E-06
YLR175W	2.91E-06	2.84E-06	2.28E-06	2.38E-06	2.49E-06	2.46E-06	1.37E-06	1.35E-06	1.26E-06	1.12E-06	1.09E-06	1.25E-06	2.45E-06	2.43E-06	2.50E-06	2.36E-06
YKL091C	5.51E-07	7.23E-07	5.41E-07	7.06E-07	7.25E-07	6.90E-07	4.57E-07	5.00E-07	5.08E-07	3.65E-07	3.89E-07	3.86E-07	3.12E-07	2.72E-07	3.80E-07	3.09E-07
YDL215C	1.94E-06	1.90E-06	3.05E-06	1.54E-06	1.64E-06	1.59E-06	7.82E-07	8.06E-07	8.45E-07	6.41E-07	6.59E-07	5.54E-07	2.76E-07	2.43E-07	3.54E-07	3.69E-07
YOR327C	2.09E-06	1.16E-06	1.81E-06	NA	2.29E-06	2.32E-06	NA	1.67E-06	1.81E-06	1.48E-06	1.48E-06	1.17E-06	NA	8.65E-07	1.03E-06	9.29E-07
YDR436W	9.45E-08	1.14E-07	NA	NA	6.02E-08	NA	NA	NA	4.50E-08	4.82E-08	3.76E-08	3.84E-08	3.03E-08	NA	NA	NA
YOR184W	6.73E-06	6.56E-06	7.53E-06	5.85E-06	5.97E-06	6.04E-06	3.73E-06	3.93E-06	3.76E-06	3.30E-06	3.45E-06	3.55E-06	4.67E-06	4.54E-06	4.58E-06	4.65E-06
YER009W	6.55E-06	NA	5.38E-06	8.09E-06	NA	7.69E-06	5.59E-06	5.95E-06	5.40E-06	3.45E-06	6.06E-06	3.79E-06	3.08E-06	3.00E-06	3.38E-06	3.04E-06
YER008C	1.51E-08	1.34E-08	1.73E-08	1.03E-08	1.41E-08	1.65E-08	NA	1.21E-08	1.49E-08	6.91E-09	8.82E-09	NA	8.98E-09	9.35E-09	NA	NA
YDL052C	1.17E-06	1.03E-06	1.22E-06	8.96E-07	9.49E-07	8.28E-07	6.11E-07	6.21E-07	6.86E-07	5.03E-07	5.30E-07	5.13E-07	8.20E-07	8.00E-07	1.07E-06	1.36E-06
YHR165C	NA	1.19E-08	1.10E-08	1.26E-08	NA	NA	1.09E-08	NA	4.49E-09	NA	3.62E-09	NA	9.76E-09	NA	6.05E-09	8.17E-09
YNL243W	9.08E-07	8.54E-07	1.09E-06	1.13E-06	1.16E-06	1.20E-06	7.83E-07	7.67E-07	7.52E-07	5.79E-07	6.03E-07	5.71E-07	8.31E-07	7.71E-07	8.31E-07	9.90E-07
YDL051W	1.37E-06	1.29E-06	1.58E-06	1.05E-06	9.97E-07	1.10E-06	5.55E-07	6.01E-07	5.60E-07	4.67E-07	5.71E-07	5.46E-07	7.80E-07	7.71E-07	8.10E-07	7.37E-07
YKL127W	6.58E-07	6.59E-07	6.40E-07	1.01E-06	1.02E-06	1.13E-06	7.09E-07	6.32E-07	5.85E-07	5.13E-07	5.34E-07	6.17E-07	7.87E-07	6.93E-07	7.26E-07	8.14E-07
YGR007W	6.81E-08	NA	3.34E-08	7.58E-08	NA	8.55E-08	7.16E-08	5.96E-08	5.50E-08	5.44E-08	5.19E-08	6.07E-08	5.40E-08	6.21E-08	5.97E-08	5.93E-08
YDR258C	9.81E-06	1.02E-05	1.15E-05	7.82E-06	7.61E-06	7.54E-06	5.16E-06	4.94E-06	4.90E-06	3.57E-06	3.49E-06	3.18E-06	2.85E-06	2.75E-06	3.37E-06	3.10E-06
YKL032C	3.39E-07	3.72E-07	2.76E-07	4.23E-07	5.27E-07	4.64E-07	3.66E-07	4.18E-07	3.58E-07	4.76E-07	4.79E-07	3.46E-07	3.38E-07	3.13E-07	3.05E-07	3.24E-07
YKL141W	3.97E-07	3.75E-07	5.39E-07	5.24E-07	4.66E-07	4.54E-07	3.19E-07	2.95E-07	3.57E-07	1.61E-07	1.84E-07	2.18E-07	2.32E-07	2.29E-07	3.47E-07	3.88E-07
YML062C	3.04E-08	NA	2.64E-08	3.43E-08	3.09E-08	2.95E-08	2.29E-08	1.90E-08	2.37E-08	2.01E-08	1.84E-08	2.00E-08	1.59E-08	1.47E-08	1.56E-08	NA
YLR441C	6.04E-06	6.54E-06	5.81E-06	5.77E-06	6.41E-06	6.19E-06	3.54E-06	3.41E-06	3.62E-06	2.66E-06	3.19E-06	3.21E-06	5.37E-06	5.43E-06	5.21E-06	5.39E-06
YOR045W	1.96E-07	NA	1.86E-07	2.15E-07	NA	NA	NA	1.43E-07	NA	1.01E-07	NA	1.13E-07	NA	1.15E-07	NA	NA
YBR248C	2.64E-06	2.57E-06	2.79E-06	2.60E-06	2.60E-06	2.59E-06	1.49E-06	1.50E-06	1.51E-06	1.33E-06	1.38E-06	1.37E-06	2.17E-06	2.12E-06	2.09E-06	2.14E-06
YKL062W	NA	NA	NA	NA	NA	NA	NA	NA	NA	NA	NA	NA	NA	NA	NA	NA
YLL011W	1.47E-07	NA	1.55E-07	1.21E-07	1.35E-07	1.17E-07	NA	NA	6.29E-08	NA	NA	6.62E-08	1.96E-07	2.07E-07	1.73E-07	1.93E-07
YKR056W	9.44E-08	6.76E-08	5.81E-08	NA	3.92E-08	7.60E-08	4.10E-08	4.11E-08	4.21E-08	3.58E-08	3.75E-08	2.93E-08	4.67E-08	4.69E-08	5.61E-08	4.27E-08
YBR171W	4.63E-07	3.88E-07	4.51E-07	5.27E-07	5.28E-07	5.96E-07	4.34E-07	3.83E-07	3.53E-07	2.81E-07	2.59E-07	3.25E-07	4.67E-07	4.30E-07	6.04E-07	NA
YBR170C	2.55E-07	2.59E-07	2.95E-07	3.71E-07	3.55E-07	3.60E-07	2.53E-07	2.54E-07	2.74E-07	2.15E-07	2.09E-07	2.18E-07	1.49E-07	1.43E-07	1.34E-07	1.90E-07
YBR251W	3.28E-07	3.93E-07	3.14E-07	2.54E-07	3.42E-07	2.60E-07	1.82E-07	1.55E-07	1.70E-07	1.36E-07	1.37E-07	1.33E-07	5.12E-07	4.59E-07	5.51E-07	5.33E-07
YEL002C	1.14E-06	1.04E-06	1.21E-06	2.28E-06	2.36E-06	2.43E-06	1.77E-06	1.62E-06	1.47E-06	1.11E-06	1.25E-06	1.29E-06	7.73E-07	7.51E-07	9.17E-07	9.86E-07
YDL095W	1.25E-06	9.86E-07	1.25E-06	1.37E-06	1.35E-06	1.54E-06	9.89E-07	9.49E-07	1.09E-06	7.22E-07	7.14E-07	9.87E-07	8.66E-07	8.78E-07	1.11E-06	1.32E-06
YGL195W	3.07E-07	3.02E-07	3.66E-07	3.67E-07	3.64E-07	3.68E-07	2.79E-07	2.66E-07	2.78E-07	1.96E-07	2.11E-07	2.26E-07	2.77E-07	2.45E-07	3.16E-07	3.77E-07
YBL080C	NA	NA	3.63E-08	NA	3.46E-08	NA	NA	NA	2.66E-08	NA	NA	1.53E-08	NA	NA	NA	NA
YOL069W	1.81E-09	2.75E-09	NA	NA	NA	NA	NA	NA	NA	2.25E-09	1.77E-09	2.00E-09	NA	1.68E-09	1.58E-09	1.50E-09
YFR002W	3.60E-07	3.69E-07	3.84E-07	5.85E-07	5.51E-07	5.74E-07	4.24E-07	3.36E-07	3.63E-07	2.65E-07	2.84E-07	3.04E-07	2.20E-07	2.20E-07	2.39E-07	3.04E-07
YDR404C	3.34E-07	2.57E-07	3.16E-07	2.80E-07	NA	2.62E-07	1.55E-07	2.05E-07	1.76E-07	1.40E-07	NA	1.75E-07	1.72E-07	1.59E-07	1.87E-07	NA
YJL154C	NA	NA	NA	NA	1.05E-07	NA	8.75E-08	8.91E-08	6.51E-08	5.35E-08	NA	6.35E-08	2.19E-08	NA	3.27E-08	NA
YAL001C	4.42E-08	2.93E-08	2.91E-08	4.69E-08	5.05E-08	3.19E-08	4.18E-08	NA	3.66E-08	3.15E-08	3.13E-08	NA	2.76E-08	2.71E-08	3.04E-08	3.21E-08
YMR125W	3.58E-07	3.43E-07	4.07E-07	5.02E-07	5.17E-07	5.10E-07	2.98E-07	3.03E-07	3.16E-07	2.28E-07	2.51E-07	2.38E-07	1.97E-07	1.68E-07	2.54E-07	3.45E-07
YHR041C	2.10E-07	2.05E-07	1.86E-07	2.30E-07	2.47E-07	2.70E-07	1.84E-07	1.54E-07	1.95E-07	1.42E-07	1.42E-07	1.38E-07	1.32E-07	1.35E-07	1.74E-07	2.07E-07
YKL140W	9.19E-09	1.18E-08	1.15E-08	3.12E-08	2.63E-08	2.79E-08	1.74E-08	1.98E-08	2.19E-08	1.33E-08	1.50E-08	1.74E-08	2.33E-09	NA	2.75E-09	NA
YGL208W	NA	NA	NA	NA	NA	NA	NA	NA	NA	NA	NA	NA	NA	NA	NA	NA
YPR163C	4.50E-06	4.59E-06	3.99E-06	4.37E-06	4.37E-06	4.74E-06	2.57E-06	2.51E-06	2.47E-06	1.93E-06	2.15E-06	2.32E-06	3.35E-06	3.22E-06	3.11E-06	3.21E-06
YBL047C	7.81E-07	7.09E-07	7.73E-07	9.77E-07	9.97E-07	1.01E-06	7.34E-07	7.79E-07	7.05E-07	6.02E-07	6.39E-07	6.09E-07	6.77E-07	6.39E-07	6.73E-07	7.02E-07
YBL051C	1.01E-07	9.24E-08	9.82E-08	7.34E-08	8.95E-08	7.05E-08	4.90E-08	5.13E-08	4.63E-08	3.96E-08	3.94E-08	4.07E-08	8.55E-08	8.40E-08	8.05E-08	8.71E-08
YBL055C	8.45E-08	7.86E-08	6.89E-08	8.25E-08	6.67E-08	8.37E-08	4.91E-08	4.82E-08	4.68E-08	4.40E-08	3.95E-08	4.72E-08	4.86E-08	5.62E-08	4.20E-08	4.11E-08
YBL056W	2.83E-06	2.77E-06	2.67E-06	2.56E-06	2.35E-06	2.54E-06	1.88E-06	1.81E-06	1.82E-06	1.36E-06	1.57E-06	1.56E-06	1.56E-06	1.56E-06	1.65E-06	1.57E-06
YBL057C	6.55E-07	NA	7.25E-07	6.81E-07	1.17E-06	8.09E-07	7.23E-07	6.86E-07	6.07E-07	5.62E-07	3.65E-07	NA	4.66E-07	NA	8.00E-07	7.80E-07
YBL058W	3.59E-06	3.85E-06	3.90E-06	4.03E-06	3.43E-06	4.06E-06	2.35E-06	2.70E-06	2.75E-06	2.16E-06	2.38E-06	2.43E-06	2.02E-06	1.95E-06	2.08E-06	2.19E-06
YBL059W	NA	NA	1.48E-08	1.34E-08	NA	NA	1.27E-08	1.34E-08	1.22E-08	9.16E-09	NA	9.23E-09	NA	1.53E-08	NA	NA
YBL064C	2.75E-06	2.70E-06	2.57E-06	3.56E-06	3.56E-06	3.55E-06	2.75E-06	2.57E-06	2.64E-06	2.02E-06	1.91E-06	1.85E-06	9.85E-07	9.73E-07	1.13E-06	1.01E-06
YKL188C	NA	NA	NA	NA	NA	NA	NA	NA	NA	NA	NA	NA	NA	NA	NA	NA
YKL186C	3.03E-07	2.80E-07	3.01E-07	2.73E-07	2.51E-07	2.87E-07	2.03E-07	1.96E-07	1.93E-07	1.52E-07	1.81E-07	1.73E-07	2.44E-07	2.44E-07	2.48E-07	2.30E-07
YKL179C	NA	NA	6.66E-08	5.20E-08	8.24E-08	8.28E-08	4.36E-08	3.38E-08	3.79E-08	2.90E-08	3.64E-08	2.70E-08	1.72E-08	NA	NA	NA
YKL175W	NA	NA	NA	NA	NA	NA	NA	NA	NA	NA	NA	NA	NA	NA	NA	NA
YKL014C	NA	NA	2.36E-08	2.76E-08	2.27E-08	NA	NA	NA	1.22E-08	NA	9.42E-09	1.59E-08	1.94E-08	NA	NA	2.58E-08
YKL017C	NA	1.04E-07	2.57E-07	9.15E-08	NA	NA	NA	NA	NA	NA	NA	NA	NA	NA	NA	7.21E-08
YKL099C	2.06E-07	2.24E-07	2.08E-07	1.99E-07	1.79E-07	1.73E-07	1.39E-07	1.27E-07	1.12E-07	8.77E-08	1.17E-07	1.10E-07	2.01E-07	2.15E-07	1.98E-07	2.06E-07
YKL100C	NA	NA	NA	NA	9.42E-07	NA	2.39E-07	NA	3.58E-07	NA	NA	NA	NA	NA	NA	NA
YKL107W	NA	1.56E-08	NA	6.45E-08	5.08E-08	6.06E-08	3.96E-08	2.22E-08	NA	NA	2.72E-08	NA	NA	NA	NA	NA
YKL110C	2.26E-07	2.34E-07	1.82E-07	1.86E-07	1.73E-07	1.75E-07	1.11E-07	1.08E-07	1.04E-07	9.75E-08	1.02E-07	1.08E-07	9.35E-08	1.04E-07	9.87E-08	8.75E-08
YDR099W	3.66E-05	3.60E-05	4.28E-05	4.04E-05	4.04E-05	4.41E-05	2.66E-05	2.68E-05	2.88E-05	2.28E-05	2.15E-05	2.24E-05	1.20E-05	1.12E-05	1.23E-05	1.09E-05
YFR019W	9.14E-09	NA	9.74E-09	8.61E-09	1.06E-08	1.22E-08	8.68E-09	6.47E-09	6.09E-09	4.65E-09	6.75E-09	7.24E-09	4.95E-09	1.09E-08	7.24E-09	3.01E-09
YML028W	1.71E-05	1.82E-05	1.90E-05	1.71E-05	1.73E-05	1.75E-05	1.14E-05	1.24E-05	1.13E-05	1.05E-05	1.04E-05	1.03E-05	9.25E-06	9.98E-06	1.06E-05	1.00E-05
YNL197C	1.98E-07	1.41E-07	NA	1.98E-07	1.74E-07	1.91E-07	1.35E-07	1.23E-07	1.22E-07	1.08E-07	1.04E-07	1.04E-07	1.74E-07	NA	1.79E-07	NA
YER068W	9.05E-08	8.49E-08	7.52E-08	7.45E-08	8.75E-08	8.01E-08	4.83E-08	5.13E-08	4.12E-08	5.18E-08	5.07E-08	4.42E-08	3.82E-08	4.96E-08	4.15E-08	6.24E-08
YJR099W	3.72E-07	4.37E-07	4.23E-07	4.96E-07	5.07E-07	4.40E-07	1.97E-07	2.28E-07	2.30E-07	1.59E-07	1.89E-07	1.89E-07	1.07E-07	1.25E-07	1.39E-07	1.20E-07
YJR066W	NA	NA	NA	NA	NA	8.77E-09	NA	NA	NA	1.20E-08	1.73E-08	1.51E-08	NA	NA	4.23E-09	1.96E-08
YBR001C	NA	NA	7.89E-08	4.05E-08	3.28E-08	5.73E-08	NA	4.08E-08	NA	NA	2.73E-08	NA	NA	NA	NA	NA
YDR304C	2.90E-06	2.80E-06	4.61E-06	5.09E-06	5.20E-06	5.34E-06	3.45E-06	3.69E-06	3.72E-06	3.07E-06	3.30E-06	3.63E-06	1.45E-06	1.42E-06	1.44E-06	1.47E-06
YBR081C	NA	NA	NA	NA	NA	NA	1.66E-09	NA	1.60E-09	NA	NA	NA	NA	NA	NA	NA
YDR087C	2.02E-07	NA	2.63E-07	1.92E-07	1.80E-07	2.01E-07	9.76E-08	1.02E-07	9.09E-08	8.95E-08	8.08E-08	9.64E-08	1.50E-07	1.31E-07	1.43E-07	1.21E-07
YDR086C	2.53E-06	2.19E-06	2.19E-06	3.37E-06	2.79E-06	4.08E-06	2.32E-06	2.50E-06	2.16E-06	1.52E-06	2.05E-06	1.81E-06	1.01E-06	7.32E-07	4.74E-07	6.49E-07
YGR082W	7.14E-07	7.03E-07	6.84E-07	6.70E-07	7.50E-07	7.03E-07	4.31E-07	4.33E-07	4.29E-07	3.11E-07	3.35E-07	3.14E-07	9.07E-07	8.73E-07	9.01E-07	9.17E-07
YLR170C	1.55E-07	NA	1.50E-07	NA	1.85E-07	1.61E-07	NA	NA	1.11E-07	9.73E-08	9.73E-08	9.30E-08	1.03E-07	9.18E-08	7.85E-08	8.29E-08
YDL006W	6.68E-07	5.62E-07	7.65E-07	4.65E-07	3.67E-07	4.72E-07	2.87E-07	3.73E-07	3.71E-07	2.75E-07	2.47E-07	2.88E-07	3.90E-07	2.82E-07	3.31E-07	2.77E-07
YIR012W	9.07E-07	1.04E-06	8.36E-07	8.02E-07	7.50E-07	7.26E-07	4.87E-07	4.81E-07	4.07E-07	3.86E-07	4.02E-07	4.68E-07	7.56E-07	7.26E-07	7.58E-07	7.50E-07
YPL129W	8.60E-07	9.29E-07	9.28E-07	9.87E-07	9.50E-07	1.02E-06	6.53E-07	6.76E-07	6.19E-07	5.23E-07	5.66E-07	5.84E-07	4.47E-07	4.48E-07	5.00E-07	4.38E-07
YFL016C	2.57E-06	2.73E-06	3.12E-06	2.13E-06	2.25E-06	2.12E-06	1.54E-06	1.59E-06	1.45E-06	1.19E-06	1.22E-06	1.26E-06	2.47E-06	2.39E-06	2.51E-06	2.45E-06
YBL004W	4.30E-08	4.59E-08	3.89E-08	3.59E-08	4.92E-08	5.82E-08	3.02E-08	3.04E-08	2.61E-08	NA	1.74E-08	3.69E-08	NA	3.97E-08	NA	6.61E-08
YBL001C	8.55E-06	9.80E-06	1.02E-05	9.60E-06	1.01E-05	1.06E-05	5.26E-06	6.20E-06	6.19E-06	4.71E-06	4.84E-06	4.49E-06	3.54E-06	3.17E-06	3.89E-06	3.10E-06
YDL226C	1.20E-06	1.25E-06	1.28E-06	1.01E-06	1.08E-06	1.05E-06	6.16E-07	6.28E-07	6.24E-07	4.76E-07	5.46E-07	5.63E-07	7.37E-07	7.36E-07	7.80E-07	7.27E-07
YOR143C	6.53E-08	6.43E-08	6.50E-08	1.20E-07	1.08E-07	1.02E-07	8.62E-08	8.35E-08	7.68E-08	6.66E-08	6.07E-08	6.88E-08	4.25E-08	4.42E-08	4.87E-08	3.87E-08
YLR398C	1.48E-07	1.23E-07	NA	6.94E-08	1.46E-07	8.96E-08	1.18E-07	1.08E-07	NA	7.98E-08	7.32E-08	9.72E-08	NA	1.09E-07	1.14E-07	1.14E-07
YKL056C	3.27E-05	3.15E-05	2.99E-05	3.32E-05	3.07E-05	3.19E-05	2.52E-05	2.63E-05	2.32E-05	2.06E-05	2.02E-05	2.38E-05	2.98E-05	2.96E-05	3.08E-05	2.89E-05
YKL142W	3.95E-06	4.27E-06	4.29E-06	4.45E-06	4.29E-06	4.58E-06	2.76E-06	2.95E-06	3.03E-06	2.43E-06	2.56E-06	2.65E-06	1.21E-06	1.21E-06	1.40E-06	1.39E-06
YKL065C	1.23E-06	1.16E-06	1.49E-06	1.76E-06	1.73E-06	1.67E-06	1.26E-06	1.18E-06	1.33E-06	9.24E-07	9.25E-07	1.02E-06	4.34E-07	NA	5.16E-07	6.11E-07
YKL064W	4.97E-08	3.92E-08	NA	6.44E-08	4.99E-08	NA	2.50E-08	NA	3.33E-08	2.78E-08	3.25E-08	6.51E-08	NA	NA	NA	2.03E-08
YKL063C	3.04E-08	NA	NA	NA	7.85E-08	NA	NA	NA	NA	NA	NA	NA	NA	NA	NA	NA
YKL059C	NA	NA	NA	NA	NA	NA	NA	NA	NA	NA	NA	NA	NA	NA	NA	NA
YKL057C	1.70E-07	NA	2.02E-07	1.30E-07	1.05E-07	2.15E-07	8.58E-08	1.03E-07	1.36E-07	NA	1.27E-07	1.04E-07	1.15E-07	9.58E-08	8.64E-08	NA
YKL055C	NA	NA	NA	NA	NA	NA	NA	NA	NA	NA	NA	NA	NA	NA	NA	NA
YKL054C	2.99E-06	3.00E-06	2.95E-06	2.94E-06	2.87E-06	3.13E-06	1.95E-06	1.96E-06	1.88E-06	1.45E-06	1.69E-06	1.69E-06	2.21E-06	2.23E-06	2.35E-06	2.29E-06
YLR399C	5.29E-07	5.37E-07	6.25E-07	7.36E-07	7.50E-07	8.20E-07	4.75E-07	4.87E-07	5.06E-07	4.45E-07	4.43E-07	4.36E-07	4.54E-07	3.95E-07	4.48E-07	3.42E-07
YPL145C	2.89E-06	2.88E-06	3.11E-06	3.10E-06	3.36E-06	3.24E-06	2.46E-06	2.51E-06	2.55E-06	2.28E-06	2.18E-06	2.28E-06	2.14E-06	1.96E-06	2.14E-06	1.98E-06
YAR042W	3.10E-07	2.83E-07	3.71E-07	2.72E-07	2.70E-07	2.52E-07	1.88E-07	1.69E-07	1.74E-07	1.18E-07	1.41E-07	1.30E-07	1.36E-07	1.45E-07	2.07E-07	1.80E-07
YKL170W	6.21E-07	5.94E-07	5.90E-07	4.07E-07	4.49E-07	4.75E-07	2.92E-07	2.63E-07	2.70E-07	1.76E-07	1.89E-07	2.14E-07	7.92E-07	8.39E-07	8.51E-07	8.54E-07
YKL135C	3.96E-07	NA	NA	4.17E-07	4.21E-07	4.40E-07	3.11E-07	2.71E-07	2.75E-07	1.97E-07	1.20E-07	2.15E-07	NA	1.80E-07	2.37E-07	2.35E-07
YKL168C	NA	NA	NA	NA	NA	NA	NA	6.38E-09	NA	NA	NA	NA	NA	NA	NA	NA
YKL129C	1.81E-07	2.18E-07	2.30E-07	2.52E-07	2.49E-07	2.14E-07	1.54E-07	1.67E-07	1.88E-07	1.29E-07	1.28E-07	1.28E-07	5.99E-08	5.56E-08	1.50E-07	1.35E-07
YKL218C	3.07E-07	3.06E-07	1.90E-07	1.38E-06	1.48E-06	1.41E-06	9.39E-07	9.76E-07	9.75E-07	7.87E-07	9.62E-07	8.57E-07	3.49E-07	3.24E-07	3.13E-07	3.44E-07
YKL081W	1.11E-05	1.09E-05	9.85E-06	7.23E-06	7.19E-06	7.26E-06	4.56E-06	4.67E-06	4.49E-06	3.61E-06	3.47E-06	3.94E-06	1.33E-05	1.32E-05	1.32E-05	1.31E-05
YKL067W	2.60E-05	2.47E-05	2.51E-05	1.77E-05	1.64E-05	1.72E-05	1.15E-05	1.09E-05	1.09E-05	7.84E-06	8.39E-06	7.93E-06	1.85E-05	1.84E-05	2.24E-05	1.93E-05
YKL029C	1.43E-06	1.36E-06	1.47E-06	1.14E-06	1.16E-06	1.14E-06	7.37E-07	7.14E-07	7.56E-07	6.10E-07	6.03E-07	6.57E-07	1.49E-06	1.54E-06	1.55E-06	1.52E-06
YKL026C	1.81E-07	1.86E-07	2.59E-07	1.14E-07	9.33E-08	9.05E-08	NA	1.72E-08	NA	NA	8.84E-09	NA	NA	NA	NA	1.27E-08
YKL196C	2.71E-06	2.51E-06	2.90E-06	2.53E-06	2.48E-06	2.67E-06	1.77E-06	1.70E-06	1.56E-06	1.45E-06	1.44E-06	1.42E-06	1.31E-06	1.18E-06	1.40E-06	1.51E-06
YKL073W	2.63E-07	2.31E-07	2.16E-07	2.08E-07	2.01E-07	2.02E-07	1.44E-07	1.34E-07	1.43E-07	1.32E-07	1.35E-07	1.22E-07	1.53E-07	1.34E-07	1.27E-07	1.19E-07
YOR089C	9.24E-07	7.52E-07	1.44E-06	1.32E-06	1.30E-06	1.40E-06	1.12E-06	1.26E-06	1.24E-06	9.55E-07	9.93E-07	1.01E-06	5.66E-07	4.83E-07	4.85E-07	6.96E-07
YKR014C	1.75E-06	1.48E-06	1.76E-06	2.64E-06	2.56E-06	2.75E-06	2.60E-06	2.34E-06	2.30E-06	1.42E-06	2.07E-06	1.94E-06	8.31E-07	6.38E-07	9.68E-07	9.89E-07
YKR072C	NA	NA	NA	NA	2.81E-08	NA	NA	NA	NA	NA	NA	NA	NA	NA	5.86E-08	NA
YKL217W	4.97E-08	5.10E-08	5.86E-08	9.57E-09	2.31E-08	2.25E-08	NA	NA	1.44E-08	NA	1.66E-08	NA	4.23E-09	2.83E-09	7.01E-09	8.08E-09
YKL214C	3.37E-07	2.87E-07	3.45E-07	4.49E-07	4.30E-07	4.86E-07	2.56E-07	2.74E-07	2.69E-07	1.80E-07	2.59E-07	2.57E-07	2.25E-07	2.04E-07	2.44E-07	2.13E-07
YKL213C	6.71E-07	6.07E-07	7.31E-07	6.97E-07	7.27E-07	7.24E-07	5.26E-07	5.12E-07	5.31E-07	4.32E-07	3.90E-07	4.37E-07	5.07E-07	4.96E-07	5.15E-07	4.72E-07
YKL207W	NA	1.85E-07	NA	NA	3.73E-07	2.65E-07	2.23E-07	NA	1.75E-07	8.56E-08	5.23E-07	NA	NA	NA	9.61E-08	1.80E-07
YKL206C	8.18E-07	7.99E-07	7.94E-07	8.06E-07	8.39E-07	8.06E-07	5.06E-07	5.32E-07	5.24E-07	4.01E-07	4.15E-07	4.22E-07	4.88E-07	4.24E-07	3.69E-07	4.02E-07
YKL204W	3.27E-07	4.69E-07	5.03E-07	4.70E-07	5.23E-07	4.69E-07	2.65E-07	3.33E-07	3.05E-07	2.32E-07	2.37E-07	2.59E-07	2.45E-07	3.07E-07	3.08E-07	2.92E-07
YKL195W	3.29E-07	3.18E-07	3.34E-07	2.49E-07	2.55E-07	2.55E-07	1.47E-07	1.51E-07	1.35E-07	9.81E-08	1.24E-07	1.25E-07	2.81E-07	2.63E-07	3.08E-07	3.02E-07
YKL193C	1.98E-06	2.01E-06	2.01E-06	1.76E-06	1.88E-06	1.89E-06	1.11E-06	1.10E-06	1.14E-06	8.67E-07	9.93E-07	9.45E-07	5.91E-07	5.97E-07	6.76E-07	5.73E-07
YKL173W	5.67E-08	5.30E-08	5.91E-08	7.34E-08	7.80E-08	7.75E-08	4.38E-08	3.35E-08	4.39E-08	3.07E-08	2.84E-08	3.17E-08	2.66E-08	1.94E-08	3.34E-08	4.54E-08
YKL172W	9.38E-07	9.25E-07	7.94E-07	8.01E-07	7.90E-07	8.81E-07	4.90E-07	4.95E-07	4.74E-07	3.73E-07	4.32E-07	4.55E-07	7.48E-07	7.29E-07	7.22E-07	7.39E-07
YKL165C	NA	NA	NA	NA	NA	NA	NA	NA	NA	NA	NA	1.48E-08	NA	NA	NA	7.66E-09
YKL155C	NA	NA	NA	NA	NA	NA	NA	NA	NA	NA	NA	NA	NA	NA	NA	NA
YKL154W	1.37E-07	1.41E-07	1.45E-07	2.08E-07	2.08E-07	2.09E-07	1.90E-07	1.55E-07	1.35E-07	1.29E-07	1.36E-07	1.31E-07	8.24E-08	7.95E-08	7.16E-08	8.21E-08
YKL151C	9.15E-07	9.60E-07	1.31E-06	1.35E-06	1.21E-06	1.32E-06	7.40E-07	7.77E-07	7.28E-07	6.47E-07	6.95E-07	6.31E-07	2.37E-07	2.40E-07	2.68E-07	2.28E-07
YKL150W	1.32E-05	1.46E-05	7.44E-06	1.00E-05	9.55E-06	9.97E-06	6.04E-06	6.35E-06	6.15E-06	4.13E-06	4.54E-06	4.40E-06	7.62E-06	7.47E-06	9.14E-06	8.23E-06
YKL137W	6.19E-08	NA	NA	NA	NA	NA	4.00E-08	NA	NA	NA	NA	NA	NA	NA	NA	7.79E-08
YKL130C	6.98E-08	6.33E-08	NA	8.63E-08	9.16E-08	8.26E-08	6.91E-08	NA	6.66E-08	6.55E-08	6.11E-08	6.90E-08	1.30E-07	1.06E-07	1.13E-07	1.18E-07
YKL128C	2.22E-07	2.94E-07	3.28E-07	5.00E-07	NA	2.41E-07	2.14E-07	2.19E-07	2.27E-07	2.02E-07	1.88E-07	2.01E-07	3.83E-07	3.36E-07	3.81E-07	4.82E-07
YKL088W	3.26E-07	2.67E-07	3.14E-07	1.97E-07	1.65E-07	1.84E-07	1.72E-07	1.48E-07	1.62E-07	1.32E-07	1.46E-07	1.36E-07	1.67E-07	1.54E-07	1.91E-07	1.57E-07
YKL082C	2.92E-07	1.82E-07	1.85E-07	1.90E-07	1.74E-07	NA	NA	NA	NA	9.26E-08	9.75E-08	NA	NA	1.87E-07	2.35E-07	1.62E-07
YKL077W	3.09E-07	3.41E-07	3.03E-07	4.05E-07	4.69E-07	4.56E-07	2.69E-07	2.61E-07	2.80E-07	2.14E-07	2.39E-07	2.87E-07	2.35E-07	2.24E-07	2.26E-07	2.47E-07
YKL069W	2.08E-07	2.05E-07	1.64E-07	1.96E-07	1.64E-07	1.89E-07	7.88E-08	9.73E-08	9.90E-08	NA	NA	7.92E-08	9.87E-08	9.13E-08	1.16E-07	9.42E-08
YKL047W	NA	NA	3.10E-08	2.48E-08	2.73E-08	4.21E-08	2.06E-08	2.19E-08	2.07E-08	NA	2.05E-08	1.93E-08	2.09E-08	1.89E-08	1.81E-08	1.98E-08
YKL042W	4.27E-08	4.88E-08	3.54E-08	5.12E-08	6.00E-08	6.36E-08	3.66E-08	3.42E-08	3.04E-08	2.69E-08	2.99E-08	2.95E-08	1.94E-08	2.04E-08	2.25E-08	3.39E-08
YKL041W	4.47E-07	4.48E-07	3.80E-07	4.73E-07	4.50E-07	5.44E-07	3.37E-07	3.49E-07	3.29E-07	3.22E-07	2.75E-07	2.86E-07	2.44E-07	2.39E-07	2.73E-07	2.28E-07
YKL027W	3.37E-07	3.05E-07	4.07E-07	3.86E-07	2.82E-07	3.50E-07	1.77E-07	1.68E-07	1.94E-07	1.38E-07	1.22E-07	1.69E-07	2.68E-07	2.79E-07	2.59E-07	2.47E-07
YKL025C	6.65E-07	NA	7.46E-07	1.42E-06	7.17E-07	6.00E-07	4.46E-07	6.91E-07	6.26E-07	5.78E-07	5.55E-07	NA	7.11E-07	6.30E-07	7.39E-07	NA
YKL023W	8.52E-08	8.52E-08	8.26E-08	9.20E-08	9.06E-08	1.09E-07	6.19E-08	6.67E-08	5.62E-08	5.07E-08	6.29E-08	5.51E-08	2.54E-08	2.05E-08	2.73E-08	2.48E-08
YKL018W	3.58E-07	3.80E-07	3.88E-07	NA	3.64E-07	4.12E-07	2.23E-07	3.71E-07	2.70E-07	2.75E-07	2.41E-07	1.72E-07	NA	NA	2.31E-07	1.93E-07
YKL006W	4.54E-06	5.46E-06	4.20E-06	4.14E-06	4.25E-06	4.31E-06	2.40E-06	2.43E-06	2.47E-06	1.97E-06	2.02E-06	2.35E-06	5.05E-06	5.05E-06	5.02E-06	5.08E-06
YKL005C	NA	NA	NA	NA	NA	4.84E-08	NA	NA	NA	NA	NA	NA	NA	NA	NA	NA
YKL002W	4.79E-07	5.75E-07	4.61E-07	6.21E-07	6.25E-07	6.75E-07	3.34E-07	2.99E-07	3.69E-07	3.23E-07	3.73E-07	4.65E-07	2.58E-07	2.43E-07	2.61E-07	2.63E-07
YKR016W	8.24E-07	8.23E-07	8.01E-07	6.13E-07	6.29E-07	5.69E-07	3.84E-07	4.31E-07	4.04E-07	3.20E-07	3.13E-07	3.47E-07	8.14E-07	7.47E-07	8.84E-07	8.49E-07
YKR018C	4.22E-07	4.03E-07	4.86E-07	4.54E-07	4.89E-07	4.59E-07	2.74E-07	3.13E-07	3.07E-07	2.16E-07	2.38E-07	2.43E-07	1.96E-07	1.59E-07	2.21E-07	2.71E-07
YKR021W	NA	NA	NA	NA	NA	NA	NA	NA	NA	2.39E-09	NA	NA	NA	NA	NA	NA
YKR023W	NA	NA	NA	NA	NA	NA	NA	NA	NA	NA	NA	NA	NA	NA	NA	NA
YKR024C	9.03E-08	NA	1.04E-07	1.02E-07	NA	NA	NA	4.42E-08	6.28E-08	3.05E-08	NA	3.67E-08	1.12E-07	1.15E-07	1.04E-07	NA
YKR025W	5.18E-08	NA	5.72E-08	5.58E-08	NA	6.38E-08	3.60E-08	3.70E-08	3.31E-08	2.79E-08	3.31E-08	1.98E-08	3.45E-08	3.17E-08	NA	NA
YKR028W	4.52E-08	6.59E-08	4.91E-08	8.50E-08	8.03E-08	7.83E-08	5.22E-08	5.29E-08	3.97E-08	4.35E-08	4.31E-08	4.07E-08	8.32E-08	7.40E-08	7.09E-08	7.11E-08
YKR037C	NA	NA	NA	NA	5.36E-08	NA	4.23E-08	NA	3.05E-08	2.73E-08	3.42E-08	NA	NA	2.21E-08	NA	1.76E-08
YKR038C	NA	NA	NA	NA	9.42E-08	1.06E-07	NA	9.55E-08	NA	NA	NA	NA	NA	NA	NA	NA
YKR042W	1.88E-07	1.89E-07	NA	2.09E-07	2.12E-07	2.71E-07	1.50E-07	1.59E-07	1.29E-07	1.14E-07	1.40E-07	1.53E-07	1.09E-07	1.07E-07	1.36E-07	1.24E-07
YKR043C	2.03E-06	2.00E-06	1.83E-06	2.45E-06	2.42E-06	2.67E-06	1.54E-06	1.50E-06	1.53E-06	1.34E-06	1.33E-06	1.39E-06	1.58E-06	1.44E-06	1.46E-06	1.45E-06
YKR046C	2.04E-06	2.32E-06	3.85E-06	3.92E-05	3.03E-05	3.43E-05	3.59E-05	4.19E-05	3.23E-05	2.75E-05	2.66E-05	2.25E-05	1.04E-06	1.03E-06	1.01E-06	8.91E-07
YKR049C	8.32E-07	1.02E-06	6.85E-07	6.59E-07	7.79E-07	8.99E-07	2.75E-07	2.61E-07	2.93E-07	1.77E-07	2.38E-07	2.91E-07	6.89E-08	NA	8.86E-08	1.66E-07
YKR060W	NA	1.03E-07	7.10E-08	NA	9.63E-08	9.75E-08	NA	5.60E-08	NA	5.08E-08	NA	8.55E-08	NA	NA	NA	5.55E-08
YKR062W	4.82E-08	6.17E-08	5.13E-08	5.94E-08	7.74E-08	6.36E-08	4.41E-08	4.37E-08	4.19E-08	3.13E-08	3.46E-08	3.73E-08	3.60E-08	3.57E-08	4.29E-08	3.74E-08
YKR065C	1.13E-06	1.33E-06	1.15E-06	1.48E-06	1.30E-06	1.05E-06	6.19E-07	1.03E-06	6.79E-07	4.80E-07	5.79E-07	5.46E-07	6.36E-07	4.35E-07	3.41E-07	4.25E-07
YKR067W	9.16E-07	7.05E-07	7.81E-07	7.37E-07	6.21E-07	5.71E-07	2.11E-07	2.00E-07	2.72E-07	2.03E-07	2.49E-07	2.31E-07	2.13E-07	2.14E-07	3.50E-07	3.40E-07
YKR068C	4.66E-07	4.99E-07	5.34E-07	5.31E-07	6.02E-07	5.83E-07	3.12E-07	3.50E-07	3.52E-07	2.78E-07	2.71E-07	2.88E-07	2.46E-07	2.47E-07	2.25E-07	2.24E-07
YKR069W	4.18E-07	4.69E-07	3.92E-07	3.02E-07	3.20E-07	2.95E-07	1.99E-07	1.97E-07	2.08E-07	1.53E-07	1.60E-07	1.78E-07	3.62E-07	3.42E-07	3.79E-07	4.16E-07
YKR070W	3.21E-07	2.72E-07	2.88E-07	4.20E-07	3.15E-07	3.34E-07	2.29E-07	2.46E-07	1.94E-07	1.64E-07	1.82E-07	1.73E-07	2.01E-07	1.69E-07	1.80E-07	1.65E-07
YKR071C	4.18E-08	4.17E-08	1.73E-08	3.76E-08	3.22E-08	3.61E-08	2.29E-08	1.15E-08	1.24E-08	1.84E-08	1.87E-08	1.85E-08	5.21E-08	5.01E-08	4.89E-08	4.59E-08
YKR074W	1.95E-06	2.02E-06	2.15E-06	1.99E-06	2.10E-06	1.99E-06	1.26E-06	1.30E-06	1.26E-06	9.51E-07	1.01E-06	1.12E-06	1.12E-06	1.05E-06	1.14E-06	1.15E-06
YKR076W	6.87E-07	7.57E-07	6.26E-07	6.58E-07	5.99E-07	6.67E-07	2.35E-07	2.32E-07	2.17E-07	2.00E-07	1.75E-07	1.86E-07	9.93E-08	9.02E-08	1.17E-07	9.17E-08
YKR079C	NA	NA	NA	NA	9.98E-09	NA	NA	NA	NA	NA	NA	NA	3.22E-08	NA	NA	NA
YKR081C	3.95E-07	4.34E-07	3.43E-07	2.90E-07	3.14E-07	2.98E-07	1.64E-07	1.60E-07	1.59E-07	1.28E-07	1.56E-07	1.51E-07	3.28E-07	3.66E-07	3.14E-07	3.09E-07
YKR082W	7.55E-08	1.13E-07	9.92E-08	1.04E-07	1.19E-07	1.04E-07	7.80E-08	7.45E-08	9.19E-08	5.89E-08	5.92E-08	6.33E-08	5.95E-08	5.68E-08	6.59E-08	8.99E-08
YKR089C	NA	NA	NA	NA	NA	NA	NA	NA	NA	NA	NA	NA	NA	NA	NA	NA
YGR185C	4.70E-06	4.66E-06	4.68E-06	4.03E-06	3.95E-06	4.09E-06	2.78E-06	2.79E-06	2.95E-06	2.46E-06	2.27E-06	2.42E-06	4.49E-06	4.34E-06	4.18E-06	4.15E-06
YMR024W	5.48E-07	5.34E-07	5.42E-07	3.97E-07	4.41E-07	4.80E-07	2.89E-07	2.69E-07	2.92E-07	2.03E-07	1.83E-07	1.97E-07	9.07E-07	8.97E-07	8.97E-07	8.59E-07
YLR439W	3.06E-07	2.64E-07	2.52E-07	2.18E-07	2.06E-07	2.24E-07	1.23E-07	1.33E-07	1.29E-07	8.34E-08	9.82E-08	1.08E-07	5.86E-07	5.78E-07	6.05E-07	6.35E-07
YDR237W	6.70E-07	4.91E-07	6.29E-07	3.09E-07	3.22E-07	4.22E-07	2.71E-07	2.16E-07	2.27E-07	1.53E-07	1.50E-07	1.62E-07	7.72E-07	6.81E-07	9.84E-07	8.50E-07
YNL284C	5.08E-07	4.85E-07	4.73E-07	3.52E-07	3.11E-07	3.89E-07	2.24E-07	2.30E-07	2.32E-07	1.40E-07	1.56E-07	1.77E-07	6.59E-07	7.19E-07	7.20E-07	6.77E-07
YDL202W	4.36E-07	3.97E-07	4.00E-07	2.43E-07	2.47E-07	2.90E-07	2.02E-07	1.76E-07	1.61E-07	1.18E-07	1.18E-07	1.33E-07	6.61E-07	6.93E-07	6.99E-07	6.65E-07
YLR312W-A	1.01E-06	1.04E-06	9.60E-07	7.43E-07	7.89E-07	7.96E-07	5.02E-07	5.07E-07	4.84E-07	3.28E-07	3.57E-07	4.01E-07	1.55E-06	1.64E-06	1.72E-06	1.60E-06
YMR193W	2.38E-07	2.24E-07	2.24E-07	1.71E-07	1.54E-07	1.86E-07	1.00E-07	1.06E-07	1.03E-07	6.54E-08	7.63E-08	8.36E-08	3.24E-07	3.03E-07	3.19E-07	3.24E-07
YBR282W	4.34E-07	4.36E-07	3.85E-07	2.89E-07	2.93E-07	3.02E-07	1.77E-07	1.84E-07	1.82E-07	1.26E-07	1.27E-07	1.47E-07	6.51E-07	6.64E-07	6.65E-07	6.71E-07
YDR462W	3.15E-07	3.15E-07	3.16E-07	2.04E-07	2.01E-07	2.28E-07	1.22E-07	1.28E-07	1.00E-07	8.99E-08	9.17E-08	1.04E-07	3.36E-07	3.47E-07	3.61E-07	3.38E-07
YNL252C	3.09E-07	3.17E-07	2.79E-07	1.95E-07	2.03E-07	2.16E-07	1.24E-07	1.25E-07	1.23E-07	8.21E-08	8.46E-08	9.47E-08	3.73E-07	3.55E-07	3.79E-07	3.57E-07
YBR122C	7.27E-07	6.88E-07	6.63E-07	NA	3.88E-07	2.89E-07	2.46E-07	2.58E-07	2.60E-07	3.19E-07	2.15E-07	2.00E-07	9.14E-07	8.66E-07	1.04E-06	1.12E-06
YBR268W	6.54E-08	5.84E-08	5.90E-08	NA	4.24E-08	NA	2.06E-08	2.32E-08	2.01E-08	1.65E-08	1.69E-08	2.13E-08	8.19E-08	NA	8.86E-08	8.10E-08
YML009C	9.31E-07	8.20E-07	8.02E-07	6.27E-07	7.04E-07	5.81E-07	2.94E-07	3.04E-07	3.55E-07	2.46E-07	2.44E-07	2.71E-07	1.21E-06	1.28E-06	1.28E-06	1.21E-06
YPL173W	5.88E-07	5.58E-07	5.43E-07	4.14E-07	4.09E-07	4.01E-07	2.50E-07	2.48E-07	2.47E-07	1.73E-07	1.86E-07	2.05E-07	9.39E-07	9.46E-07	9.77E-07	9.42E-07
YBL022C	1.26E-06	1.16E-06	1.25E-06	1.05E-06	1.09E-06	1.06E-06	7.03E-07	6.81E-07	6.78E-07	5.77E-07	5.47E-07	5.98E-07	1.37E-06	1.32E-06	1.46E-06	1.48E-06
YMR105C	5.25E-06	5.75E-06	8.00E-06	5.31E-06	4.63E-06	5.01E-06	2.26E-06	2.31E-06	2.29E-06	1.91E-06	1.68E-06	1.73E-06	1.22E-06	1.11E-06	1.48E-06	1.34E-06
YJR040W	1.10E-08	NA	1.37E-08	2.50E-08	NA	2.86E-08	1.72E-08	1.83E-08	1.58E-08	1.38E-08	NA	1.57E-08	NA	NA	NA	NA
YNR033W	1.10E-07	1.05E-07	1.20E-07	8.78E-08	9.37E-08	1.10E-07	5.75E-08	6.32E-08	5.87E-08	4.09E-08	4.73E-08	4.60E-08	NA	1.02E-07	1.08E-07	1.03E-07
YCR073W-A	5.08E-07	5.56E-07	5.70E-07	5.16E-07	5.26E-07	4.87E-07	2.89E-07	2.78E-07	2.87E-07	2.23E-07	2.52E-07	2.42E-07	2.53E-07	2.51E-07	2.93E-07	2.55E-07
YCR087C-A	2.39E-07	2.41E-07	1.52E-07	1.48E-07	1.48E-07	1.56E-07	7.22E-08	7.58E-08	6.51E-08	5.79E-08	6.46E-08	7.43E-08	2.64E-07	2.55E-07	2.62E-07	2.37E-07
YGR174C	1.04E-06	9.83E-07	9.25E-07	8.99E-07	8.35E-07	8.44E-07	5.44E-07	4.96E-07	4.96E-07	3.73E-07	3.74E-07	3.93E-07	7.99E-07	7.16E-07	8.85E-07	8.30E-07
YLR058C	2.70E-05	2.66E-05	2.27E-05	2.52E-05	2.64E-05	2.51E-05	1.82E-05	1.67E-05	1.65E-05	1.61E-05	1.57E-05	1.69E-05	3.08E-05	3.12E-05	3.07E-05	3.03E-05
YBR263W	4.44E-06	4.57E-06	4.44E-06	4.96E-06	4.86E-06	5.19E-06	3.19E-06	2.91E-06	2.94E-06	2.58E-06	2.41E-06	2.67E-06	3.48E-06	3.30E-06	3.52E-06	3.40E-06
YGR147C	8.70E-08	1.27E-07	NA	9.82E-08	8.34E-08	NA	5.61E-08	5.65E-08	5.43E-08	NA	NA	3.97E-08	9.63E-08	NA	9.81E-08	1.33E-07
YMR054W	5.21E-08	NA	5.92E-08	1.07E-07	1.26E-07	1.03E-07	5.84E-08	6.53E-08	4.91E-08	6.11E-08	4.32E-08	5.54E-08	3.57E-08	6.47E-08	6.28E-08	6.85E-08
YLR305C	NA	NA	NA	1.28E-07	NA	NA	NA	NA	NA	NA	NA	NA	NA	NA	NA	NA
YDR178W	1.14E-06	9.97E-07	1.35E-06	1.42E-06	1.31E-06	1.37E-06	1.01E-06	9.01E-07	9.10E-07	5.83E-07	5.02E-07	5.63E-07	9.04E-07	8.28E-07	8.92E-07	9.12E-07
YHR001W-A	8.78E-06	9.74E-06	8.18E-06	8.11E-06	9.02E-06	8.74E-06	7.50E-06	7.59E-06	5.86E-06	4.75E-06	4.96E-06	5.07E-06	6.55E-06	6.62E-06	6.10E-06	7.26E-06
YBR286W	2.85E-06	3.07E-06	2.43E-06	4.29E-06	4.06E-06	4.40E-06	2.41E-06	2.42E-06	2.53E-06	2.11E-06	2.25E-06	2.23E-06	1.42E-06	1.37E-06	1.53E-06	1.34E-06
YEL046C	NA	5.81E-07	3.48E-07	8.06E-07	8.35E-07	9.17E-07	4.66E-07	5.06E-07	4.84E-07	3.88E-07	4.29E-07	4.74E-07	8.07E-07	7.56E-07	6.72E-07	6.99E-07
YDR251W	2.32E-07	2.02E-07	NA	1.56E-07	NA	NA	NA	NA	1.18E-07	1.07E-07	8.67E-08	1.19E-07	1.28E-07	1.47E-07	1.27E-07	NA
YPR025C	1.94E-08	2.00E-08	NA	3.02E-08	NA	2.49E-08	1.80E-08	2.26E-08	1.66E-08	2.17E-08	1.56E-08	1.40E-08	1.59E-08	NA	NA	1.73E-08
YLR337C	NA	3.48E-08	NA	5.04E-08	NA	5.02E-08	3.35E-08	2.70E-08	3.07E-08	NA	NA	NA	2.81E-08	3.25E-08	3.32E-08	3.26E-08
YPL043W	8.25E-08	8.30E-08	7.24E-08	7.38E-08	8.14E-08	1.02E-07	4.85E-08	5.26E-08	4.26E-08	3.17E-08	4.06E-08	3.98E-08	1.31E-07	1.04E-07	1.28E-07	1.03E-07
YHR047C	4.22E-07	3.57E-07	4.92E-07	5.27E-07	5.03E-07	5.08E-07	2.71E-07	2.78E-07	2.95E-07	1.87E-07	2.13E-07	2.27E-07	4.32E-07	4.03E-07	4.05E-07	4.32E-07
YMR120C	1.85E-05	1.64E-05	1.82E-05	1.80E-05	1.87E-05	1.82E-05	1.40E-05	1.39E-05	1.33E-05	1.11E-05	1.12E-05	1.17E-05	2.23E-05	2.19E-05	2.37E-05	2.31E-05
YMR116C	4.85E-05	4.94E-05	4.55E-05	4.26E-05	4.24E-05	4.27E-05	2.57E-05	2.63E-05	2.62E-05	2.13E-05	2.15E-05	2.38E-05	5.30E-05	5.18E-05	5.12E-05	5.12E-05
YLR109W	3.45E-05	3.78E-05	3.71E-05	4.83E-05	5.08E-05	5.09E-05	4.36E-05	4.47E-05	4.16E-05	4.31E-05	4.81E-05	4.30E-05	8.49E-06	8.71E-06	9.14E-06	8.51E-06
YBL085W	NA	NA	NA	3.35E-08	NA	NA	2.74E-08	2.81E-08	NA	NA	1.98E-08	NA	NA	3.85E-08	NA	4.39E-08
YBL092W	5.62E-05	5.48E-05	5.06E-05	5.06E-05	5.07E-05	5.22E-05	3.42E-05	3.31E-05	3.08E-05	2.43E-05	2.60E-05	2.67E-05	5.06E-05	5.39E-05	5.24E-05	5.16E-05
YBL068W	9.24E-07	9.04E-07	1.10E-06	8.71E-07	8.59E-07	8.84E-07	5.76E-07	5.62E-07	5.21E-07	4.80E-07	4.64E-07	4.20E-07	6.65E-07	6.75E-07	6.75E-07	6.60E-07
YBL038W	2.67E-07	2.68E-07	2.61E-07	2.16E-07	2.00E-07	1.90E-07	1.01E-07	1.12E-07	1.14E-07	7.97E-08	8.96E-08	9.72E-08	3.50E-07	3.54E-07	3.85E-07	3.95E-07
YBL037W	5.86E-08	5.92E-08	5.69E-08	7.66E-08	7.05E-08	8.40E-08	4.41E-08	3.76E-08	3.45E-08	3.33E-08	3.31E-08	4.10E-08	3.67E-08	4.69E-08	3.94E-08	5.25E-08
YBL033C	1.57E-07	1.82E-07	1.45E-07	1.46E-07	1.10E-07	1.33E-07	6.93E-08	6.66E-08	5.08E-08	4.51E-08	NA	7.18E-08	1.51E-07	1.55E-07	1.49E-07	1.49E-07
YBR006W	9.00E-07	9.15E-07	8.93E-07	1.46E-06	1.41E-06	1.33E-06	1.04E-06	1.02E-06	8.97E-07	8.64E-07	9.42E-07	8.59E-07	3.16E-07	3.12E-07	3.86E-07	3.38E-07
YBR014C	NA	NA	NA	NA	NA	NA	NA	NA	NA	NA	NA	NA	NA	NA	NA	NA
YBR015C	1.28E-07	1.20E-07	1.33E-07	1.86E-07	1.94E-07	2.03E-07	1.40E-07	1.31E-07	1.34E-07	9.02E-08	1.09E-07	1.05E-07	1.09E-07	1.01E-07	1.29E-07	1.55E-07
YBR028C	NA	NA	NA	NA	NA	NA	NA	NA	NA	NA	NA	NA	NA	NA	NA	NA
YBR026C	5.13E-06	5.52E-06	5.76E-06	8.47E-06	8.32E-06	8.32E-06	3.77E-06	3.87E-06	3.71E-06	2.76E-06	2.80E-06	2.80E-06	7.07E-07	6.37E-07	9.61E-07	7.74E-07
YBR024W	1.85E-07	2.18E-07	2.10E-07	1.84E-07	2.17E-07	1.87E-07	1.17E-07	1.20E-07	1.24E-07	9.12E-08	8.84E-08	8.31E-08	1.16E-07	1.18E-07	1.43E-07	1.19E-07
YBR034C	5.93E-07	5.83E-07	3.69E-07	3.46E-07	3.29E-07	3.23E-07	2.11E-07	1.98E-07	1.89E-07	1.36E-07	1.51E-07	1.67E-07	4.97E-07	4.92E-07	4.93E-07	5.24E-07
YBR035C	4.35E-06	4.71E-06	4.43E-06	4.03E-06	4.12E-06	4.17E-06	2.87E-06	2.80E-06	2.72E-06	2.21E-06	2.42E-06	2.54E-06	2.51E-06	2.56E-06	2.67E-06	2.58E-06
YBR039W	6.87E-06	6.42E-06	6.30E-06	6.21E-06	6.07E-06	6.38E-06	4.49E-06	4.50E-06	4.45E-06	3.02E-06	3.30E-06	3.33E-06	5.30E-06	5.17E-06	5.62E-06	5.31E-06
YBR059C	NA	NA	NA	NA	NA	NA	NA	NA	NA	NA	5.64E-08	5.63E-08	NA	NA	NA	NA
YBR056W	1.30E-06	1.43E-06	1.54E-06	1.53E-06	1.54E-06	1.56E-06	1.11E-06	1.11E-06	1.03E-06	8.14E-07	8.07E-07	8.38E-07	4.50E-07	4.15E-07	4.89E-07	4.60E-07
YBR073W	NA	NA	NA	NA	NA	NA	NA	NA	NA	NA	NA	NA	NA	NA	NA	NA
YBR125C	3.28E-08	NA	2.98E-08	3.35E-08	3.80E-09	4.09E-08	2.18E-08	2.41E-08	NA	7.44E-09	NA	2.03E-08	1.69E-08	1.36E-08	1.71E-08	NA
YBR139W	2.77E-07	3.11E-07	2.95E-07	4.18E-07	4.29E-07	4.46E-07	3.72E-07	3.77E-07	3.34E-07	3.56E-07	3.45E-07	3.01E-07	1.41E-07	1.23E-07	1.71E-07	1.39E-07
YBR142W	1.76E-07	1.73E-07	1.72E-07	1.25E-07	1.27E-07	1.36E-07	8.04E-08	6.95E-08	7.61E-08	7.06E-08	6.43E-08	NA	1.70E-07	1.57E-07	1.62E-07	1.79E-07
YBR145W	5.04E-07	4.80E-07	4.51E-07	3.28E-07	2.83E-07	2.96E-07	1.10E-07	1.08E-07	1.28E-07	1.10E-07	8.33E-08	7.58E-08	2.09E-07	2.02E-07	2.41E-07	2.03E-07
YBR149W	7.69E-06	8.15E-06	7.73E-06	7.90E-06	8.00E-06	8.18E-06	4.45E-06	4.69E-06	4.49E-06	3.68E-06	3.83E-06	3.98E-06	2.01E-06	1.83E-06	2.21E-06	2.11E-06
YBR146W	3.84E-07	3.61E-07	3.20E-07	2.80E-07	2.72E-07	3.01E-07	1.77E-07	1.74E-07	1.68E-07	1.23E-07	1.40E-07	1.45E-07	5.54E-07	5.45E-07	5.68E-07	5.69E-07
YBL035C	NA	NA	NA	NA	NA	NA	NA	NA	NA	NA	NA	NA	NA	NA	NA	NA
YBR176W	6.10E-07	6.39E-07	4.93E-07	4.77E-07	4.97E-07	4.76E-07	2.97E-07	3.60E-07	NA	3.07E-07	2.50E-07	2.35E-07	3.16E-07	4.09E-07	4.01E-07	3.43E-07
YBR192W	NA	4.03E-08	6.42E-08	NA	5.05E-08	6.76E-08	4.04E-08	4.60E-08	5.09E-08	2.74E-08	2.88E-08	2.54E-08	6.58E-08	5.77E-08	5.55E-08	5.24E-08
YBR198C	5.33E-08	6.51E-08	6.95E-08	8.14E-08	7.38E-08	6.95E-08	5.23E-08	5.41E-08	5.01E-08	4.40E-08	4.93E-08	4.24E-08	6.38E-08	5.10E-08	5.50E-08	6.63E-08
YBR199W	NA	1.66E-07	2.15E-07	5.21E-07	3.91E-07	4.29E-07	NA	4.97E-07	NA	NA	2.07E-07	NA	NA	NA	1.28E-07	2.58E-07
YBR202W	2.26E-08	2.22E-08	2.06E-08	2.45E-08	3.64E-08	NA	2.66E-08	2.88E-08	2.92E-08	1.71E-08	2.05E-08	2.23E-08	2.59E-08	2.66E-08	2.84E-08	1.99E-08
YBR222C	1.03E-06	9.70E-07	9.83E-07	2.89E-07	2.72E-07	2.74E-07	1.32E-07	1.45E-07	1.33E-07	9.88E-08	9.40E-08	8.80E-08	4.98E-07	4.76E-07	5.29E-07	5.48E-07
YBR229C	NA	NA	NA	2.26E-08	4.41E-08	2.88E-08	1.89E-08	1.70E-08	1.64E-08	1.80E-08	NA	NA	1.83E-08	1.97E-08	1.51E-08	NA
YBR204C	NA	1.63E-08	NA	NA	1.97E-08	NA	NA	NA	NA	NA	NA	NA	NA	NA	NA	1.05E-08
YBR245C	2.35E-07	2.03E-07	2.36E-07	3.02E-07	2.85E-07	3.11E-07	2.12E-07	2.18E-07	2.06E-07	1.72E-07	1.70E-07	1.76E-07	2.41E-07	2.42E-07	2.26E-07	2.32E-07
YBR256C	1.80E-06	1.93E-06	1.98E-06	1.56E-06	1.49E-06	1.52E-06	8.41E-07	8.55E-07	8.62E-07	6.80E-07	7.38E-07	6.03E-07	6.33E-07	6.91E-07	7.52E-07	6.91E-07
YBR264C	NA	NA	NA	NA	NA	NA	NA	NA	NA	NA	NA	NA	NA	NA	NA	NA
YBR281C	2.33E-07	2.23E-07	2.67E-07	3.20E-07	2.54E-07	2.93E-07	1.54E-07	1.56E-07	1.73E-07	1.17E-07	1.29E-07	1.34E-07	1.99E-07	1.85E-07	1.88E-07	1.76E-07
YBR291C	8.77E-06	NA	1.78E-06	5.43E-07	NA	4.28E-07	1.41E-07	3.19E-07	1.73E-07	1.88E-07	6.97E-07	2.37E-06	4.37E-07	NA	3.23E-06	NA
YBR288C	6.81E-08	5.81E-08	6.56E-08	9.55E-08	NA	8.37E-08	5.28E-08	5.11E-08	5.56E-08	4.33E-08	4.53E-08	4.92E-08	5.45E-08	6.30E-08	4.66E-08	5.05E-08
YBL107C	NA	8.36E-08	8.90E-08	NA	NA	NA	NA	NA	NA	5.70E-09	NA	NA	NA	3.32E-08	NA	5.39E-08
YBL104C	5.76E-09	6.38E-09	5.76E-09	5.86E-09	1.25E-08	5.16E-09	4.99E-09	7.32E-09	6.62E-09	5.94E-09	5.97E-09	6.28E-09	9.72E-10	1.02E-09	NA	9.46E-10
YBL101C	NA	NA	NA	NA	NA	2.62E-07	NA	1.30E-07	NA	NA	1.47E-07	NA	NA	NA	1.22E-07	NA
YBL098W	4.52E-07	4.39E-07	4.30E-07	2.49E-07	2.45E-07	2.52E-07	1.40E-07	1.35E-07	1.45E-07	1.01E-07	9.08E-08	9.66E-08	3.41E-07	3.12E-07	2.78E-07	2.57E-07
YBL097W	NA	NA	NA	NA	NA	NA	2.27E-10	NA	NA	1.28E-10	NA	NA	NA	NA	NA	NA
YBL095W	NA	5.91E-08	6.32E-08	NA	NA	9.11E-08	1.01E-07	NA	1.22E-07	8.89E-08	6.65E-08	7.62E-08	3.47E-08	2.19E-08	2.33E-08	2.84E-08
YBL091C	1.16E-06	1.24E-06	9.38E-07	1.39E-06	1.38E-06	1.46E-06	9.76E-07	8.55E-07	9.43E-07	7.57E-07	8.36E-07	9.55E-07	7.77E-07	7.88E-07	8.26E-07	7.01E-07
YBL090W	7.71E-07	8.16E-07	6.76E-07	4.36E-07	4.45E-07	4.57E-07	3.02E-07	2.77E-07	2.57E-07	1.93E-07	2.18E-07	2.25E-07	1.10E-06	1.16E-06	1.23E-06	1.14E-06
YBL079W	1.28E-07	1.05E-07	1.42E-07	1.73E-07	1.55E-07	1.69E-07	8.94E-08	1.03E-07	1.41E-07	8.52E-08	1.03E-07	9.43E-08	8.32E-08	8.31E-08	1.06E-07	1.26E-07
YBL078C	4.15E-07	4.80E-07	5.02E-07	5.34E-07	5.69E-07	5.33E-07	3.91E-07	4.18E-07	4.07E-07	3.48E-07	4.04E-07	3.73E-07	1.49E-07	1.59E-07	1.71E-07	1.15E-07
YBL036C	2.15E-06	2.34E-06	2.34E-06	2.47E-06	2.46E-06	2.75E-06	1.58E-06	1.68E-06	1.61E-06	1.36E-06	1.48E-06	1.50E-06	1.22E-06	1.22E-06	1.29E-06	1.30E-06
YBL032W	9.67E-07	9.80E-07	8.92E-07	9.22E-07	9.17E-07	9.64E-07	5.99E-07	6.12E-07	5.70E-07	4.94E-07	5.06E-07	5.23E-07	6.55E-07	6.36E-07	6.68E-07	6.38E-07
YBL028C	4.63E-07	4.64E-07	3.02E-07	5.01E-07	5.71E-07	2.84E-07	3.90E-07	1.80E-07	3.66E-07	1.47E-07	1.61E-07	2.80E-07	4.17E-07	4.31E-07	3.72E-07	4.83E-07
YBL026W	9.57E-07	9.64E-07	8.81E-07	9.10E-07	9.11E-07	8.82E-07	5.63E-07	6.40E-07	5.62E-07	4.24E-07	5.24E-07	5.13E-07	4.99E-07	4.53E-07	5.07E-07	4.28E-07
YBL024W	1.53E-06	1.44E-06	1.23E-06	1.33E-06	1.35E-06	1.39E-06	8.32E-07	8.65E-07	7.96E-07	7.15E-07	7.05E-07	7.38E-07	1.23E-06	1.17E-06	1.24E-06	1.21E-06
YBL006C	1.32E-07	NA	NA	NA	1.42E-07	NA	9.29E-08	8.72E-08	NA	NA	NA	NA	8.06E-08	7.00E-08	8.15E-08	NA
YBR016W	2.61E-07	2.02E-07	1.39E-07	3.35E-07	4.04E-07	3.42E-07	2.01E-07	1.60E-07	1.22E-07	1.63E-07	7.07E-08	4.73E-08	4.84E-08	NA	6.93E-08	9.16E-08
YBR017C	3.90E-07	2.69E-07	3.18E-07	2.86E-07	2.84E-07	4.05E-07	2.34E-07	1.79E-07	1.85E-07	1.36E-07	9.72E-08	1.69E-07	1.84E-07	1.42E-07	2.00E-07	2.53E-07
YBR025C	9.15E-06	9.58E-06	1.05E-05	7.82E-06	7.56E-06	7.88E-06	5.14E-06	5.33E-06	5.25E-06	4.18E-06	4.23E-06	4.13E-06	6.75E-06	6.87E-06	6.62E-06	6.56E-06
YBR029C	7.07E-06	6.01E-06	5.49E-06	1.03E-05	7.54E-06	8.79E-06	5.65E-06	5.56E-06	5.31E-06	4.33E-06	4.45E-06	4.78E-06	4.46E-06	4.45E-06	6.80E-06	7.99E-06
YBR041W	NA	1.18E-07	NA	1.77E-07	NA	NA	3.06E-07	NA	3.30E-07	NA	NA	1.30E-07	NA	NA	NA	6.21E-08
YBR044C	NA	NA	NA	4.49E-08	5.32E-08	NA	3.77E-08	NA	3.92E-08	NA	2.47E-08	2.49E-08	NA	1.57E-07	1.07E-07	4.70E-08
YBR046C	1.37E-06	1.45E-06	1.25E-06	1.51E-06	1.43E-06	1.51E-06	6.41E-07	6.17E-07	6.22E-07	5.50E-07	5.03E-07	4.82E-07	2.47E-07	2.26E-07	2.76E-07	2.50E-07
YBR052C	2.00E-06	1.81E-06	1.78E-06	2.29E-06	2.21E-06	2.13E-06	1.79E-06	1.84E-06	1.94E-06	1.51E-06	1.63E-06	1.71E-06	1.30E-06	1.21E-06	1.41E-06	1.27E-06
YBR053C	2.89E-07	2.98E-07	3.16E-07	3.35E-07	3.22E-07	3.64E-07	2.44E-07	2.55E-07	2.34E-07	2.03E-07	1.98E-07	1.94E-07	7.86E-08	7.64E-08	1.02E-07	9.20E-08
YBR058C	5.62E-08	8.46E-08	9.85E-08	7.98E-08	7.93E-08	8.11E-08	4.72E-08	5.10E-08	4.90E-08	4.28E-08	3.94E-08	3.74E-08	2.29E-08	3.51E-08	3.05E-08	2.33E-08
YBR061C	3.82E-07	3.59E-07	3.14E-07	3.63E-07	3.02E-07	3.45E-07	1.76E-07	1.92E-07	1.79E-07	1.54E-07	1.69E-07	1.59E-07	2.41E-07	2.76E-07	2.75E-07	2.36E-07
YBR065C	NA	NA	NA	NA	NA	NA	9.38E-09	NA	NA	NA	7.31E-09	NA	NA	1.06E-08	NA	NA
YBR077C	3.39E-07	3.91E-07	3.05E-07	4.77E-07	4.72E-07	5.01E-07	3.22E-07	3.04E-07	3.37E-07	2.43E-07	2.23E-07	2.29E-07	1.11E-07	1.03E-07	NA	1.16E-07
YBR078W	2.94E-06	3.32E-06	3.37E-06	8.21E-06	7.65E-06	7.71E-06	5.85E-06	5.77E-06	5.96E-06	4.41E-06	5.18E-06	4.61E-06	2.30E-06	2.28E-06	2.74E-06	3.44E-06
YBR079C	2.65E-06	2.55E-06	2.54E-06	2.46E-06	2.63E-06	2.53E-06	1.57E-06	1.60E-06	1.57E-06	1.32E-06	1.19E-06	1.30E-06	3.18E-06	3.17E-06	3.12E-06	3.29E-06
YBR086C	5.62E-07	5.19E-07	6.71E-07	7.73E-07	8.37E-07	8.49E-07	6.36E-07	6.32E-07	6.18E-07	4.50E-07	5.33E-07	5.55E-07	2.47E-07	2.13E-07	2.73E-07	3.92E-07
YBR087W	3.05E-07	3.25E-07	3.07E-07	3.52E-07	3.35E-07	3.60E-07	2.40E-07	2.29E-07	2.43E-07	2.11E-07	1.92E-07	1.94E-07	2.49E-07	2.18E-07	2.17E-07	1.93E-07
YBR094W	1.66E-07	1.60E-07	1.42E-07	1.59E-07	1.74E-07	1.37E-07	1.03E-07	1.02E-07	1.23E-07	9.13E-08	8.21E-08	8.45E-08	1.08E-07	1.05E-07	1.14E-07	1.30E-07
YBR095C	1.18E-07	1.38E-07	1.08E-07	1.66E-07	1.61E-07	1.59E-07	1.14E-07	1.18E-07	1.07E-07	9.46E-08	8.61E-08	9.04E-08	9.45E-08	7.75E-08	8.07E-08	8.41E-08
YBR096W	1.23E-07	1.65E-07	2.51E-07	1.84E-07	NA	1.79E-07	1.46E-07	1.45E-07	NA	7.97E-08	7.69E-08	1.34E-07	1.61E-07	1.14E-07	1.93E-07	1.70E-07
YBR101C	1.14E-06	1.20E-06	1.29E-06	1.29E-06	1.16E-06	1.17E-06	6.21E-07	6.28E-07	5.87E-07	4.55E-07	4.70E-07	4.19E-07	4.63E-07	4.77E-07	4.45E-07	4.13E-07
YBR102C	NA	9.88E-08	1.16E-07	NA	9.40E-08	1.17E-07	5.93E-08	7.71E-08	6.66E-08	4.96E-08	6.84E-08	6.02E-08	5.75E-08	5.30E-08	6.03E-08	7.96E-08
YBR103W	1.13E-07	NA	6.53E-08	1.27E-07	7.57E-08	8.84E-08	4.45E-08	7.62E-08	1.02E-07	NA	6.79E-08	8.53E-08	NA	4.49E-08	6.41E-08	5.96E-08
YBR106W	4.61E-06	4.30E-06	4.51E-06	8.19E-06	8.67E-06	8.32E-06	5.87E-06	5.56E-06	6.27E-06	4.65E-06	4.60E-06	5.23E-06	3.76E-06	3.56E-06	4.29E-06	5.36E-06
YBR108W	NA	3.71E-08	NA	3.51E-08	3.66E-08	NA	NA	NA	2.37E-08	NA	NA	NA	NA	NA	NA	1.87E-08
YBR129C	NA	1.08E-07	9.36E-08	NA	9.99E-08	9.13E-08	6.52E-08	5.59E-08	5.10E-08	4.46E-08	4.91E-08	4.91E-08	NA	NA	NA	3.80E-08
YBR130C	4.06E-08	4.04E-08	3.33E-08	3.16E-08	2.94E-08	3.76E-08	2.15E-08	2.24E-08	2.13E-08	1.61E-08	1.82E-08	2.01E-08	3.35E-08	3.51E-08	2.99E-08	3.71E-08
YBR137W	7.21E-07	1.33E-06	9.16E-07	1.05E-06	1.02E-06	1.04E-06	6.33E-07	5.77E-07	5.89E-07	5.24E-07	6.57E-07	5.52E-07	3.22E-07	2.75E-07	3.42E-07	2.87E-07
YBR151W	4.14E-07	4.89E-07	4.49E-07	3.37E-07	3.52E-07	3.60E-07	2.43E-07	2.37E-07	2.21E-07	1.84E-07	2.02E-07	2.13E-07	2.32E-07	2.43E-07	2.68E-07	2.28E-07
YBR159W	5.12E-07	5.70E-07	5.08E-07	9.50E-07	1.10E-06	1.04E-06	8.94E-07	8.21E-07	8.73E-07	8.16E-07	6.79E-07	1.03E-06	4.16E-07	3.51E-07	4.53E-07	6.75E-07
YBR162C	5.47E-08	5.11E-08	5.77E-08	8.52E-08	7.78E-08	8.84E-08	6.13E-08	6.11E-08	5.75E-08	5.20E-08	5.49E-08	5.54E-08	3.68E-08	3.68E-08	3.72E-08	3.01E-08
YBR177C	4.68E-06	4.22E-06	3.50E-06	4.48E-06	4.79E-06	4.80E-06	5.42E-06	5.50E-06	5.43E-06	4.65E-06	4.67E-06	4.90E-06	5.01E-06	4.76E-06	5.18E-06	4.93E-06
YBR179C	NA	NA	NA	NA	NA	NA	NA	NA	NA	NA	NA	NA	NA	NA	NA	4.75E-08
YBR214W	2.35E-06	2.62E-06	2.60E-06	2.31E-06	2.46E-06	2.28E-06	1.15E-06	1.29E-06	1.28E-06	1.07E-06	1.15E-06	1.04E-06	5.34E-07	3.33E-07	6.14E-07	5.55E-07
YBR225W	NA	NA	NA	NA	5.98E-08	NA	NA	NA	1.08E-07	NA	5.33E-08	NA	NA	NA	7.41E-08	NA
YBR227C	2.87E-07	2.87E-07	2.26E-07	4.45E-07	4.45E-07	3.42E-07	2.71E-07	1.56E-07	1.90E-07	1.85E-07	2.05E-07	2.43E-07	1.89E-07	1.95E-07	1.88E-07	1.85E-07
YBR230C	1.08E-05	1.20E-05	8.82E-06	6.42E-06	6.38E-06	6.48E-06	2.88E-06	2.86E-06	2.75E-06	1.77E-06	1.87E-06	1.68E-06	1.78E-06	1.44E-06	1.70E-06	1.37E-06
YBR231C	NA	NA	NA	4.62E-08	NA	5.50E-08	4.71E-08	3.49E-08	6.18E-08	2.61E-08	2.97E-08	5.50E-08	NA	NA	NA	NA
YBR234C	1.98E-06	2.08E-06	2.17E-06	2.36E-06	2.39E-06	2.17E-06	1.27E-06	1.32E-06	1.54E-06	1.26E-06	1.19E-06	1.36E-06	1.03E-06	9.54E-07	1.16E-06	9.59E-07
YBR247C	3.62E-07	4.60E-07	2.93E-07	3.16E-07	2.66E-07	2.96E-07	1.53E-07	1.71E-07	1.34E-07	1.34E-07	1.12E-07	1.31E-07	3.55E-07	3.21E-07	3.93E-07	3.12E-07
YBR254C	NA	NA	NA	3.14E-07	3.34E-07	NA	NA	NA	NA	1.62E-07	1.73E-07	1.63E-07	NA	NA	NA	NA
YBR260C	1.39E-07	1.66E-07	1.60E-07	1.50E-07	1.77E-07	1.32E-07	9.56E-08	9.83E-08	1.07E-07	8.27E-08	7.72E-08	8.99E-08	1.00E-07	1.02E-07	9.06E-08	1.28E-07
YBR261C	1.19E-07	1.28E-07	1.06E-07	1.30E-07	1.47E-07	1.31E-07	7.26E-08	7.48E-08	7.86E-08	5.79E-08	6.41E-08	6.24E-08	8.40E-08	8.36E-08	8.96E-08	8.40E-08
YBR262C	3.23E-07	3.54E-07	3.20E-07	2.23E-07	1.97E-07	2.61E-07	1.39E-07	1.43E-07	1.38E-07	1.10E-07	1.13E-07	1.20E-07	4.05E-07	3.64E-07	4.15E-07	3.93E-07
YBR265W	NA	NA	NA	NA	NA	NA	NA	NA	NA	NA	NA	NA	NA	NA	NA	NA
YBR267W	1.12E-07	8.94E-08	7.39E-08	7.89E-08	8.65E-08	6.62E-08	NA	4.68E-08	4.83E-08	5.08E-08	3.03E-08	3.92E-08	8.96E-08	1.19E-07	1.06E-07	1.14E-07
YBR272C	1.03E-07	8.18E-08	1.05E-07	NA	1.87E-07	NA	7.59E-08	NA	8.18E-08	6.15E-08	6.90E-08	6.84E-08	NA	NA	NA	6.08E-08
YBR273C	2.01E-07	1.82E-07	1.78E-07	1.62E-07	1.63E-07	1.76E-07	1.10E-07	9.06E-08	1.50E-07	9.96E-08	1.04E-07	1.01E-07	7.23E-08	6.68E-08	8.48E-08	6.73E-08
YBR279W	2.22E-07	2.41E-07	2.15E-07	2.16E-07	2.43E-07	2.45E-07	1.52E-07	1.48E-07	1.36E-07	1.04E-07	1.20E-07	1.11E-07	1.26E-07	1.04E-07	1.37E-07	1.25E-07
YBR280C	7.94E-08	NA	8.27E-08	NA	NA	6.70E-08	NA	4.45E-08	3.93E-08	3.42E-08	3.04E-08	3.30E-08	NA	3.54E-08	2.91E-08	3.46E-08
YBR283C	NA	2.45E-07	NA	4.26E-07	3.86E-07	NA	NA	2.85E-07	3.44E-07	2.85E-07	NA	NA	NA	NA	NA	2.94E-07
YBR162W-A	1.54E-06	1.35E-06	1.68E-06	2.09E-06	NA	1.82E-06	1.46E-06	1.39E-06	1.42E-06	1.30E-06	8.20E-07	8.26E-07	NA	8.95E-07	1.28E-06	NA
YMR261C	3.27E-07	2.33E-07	4.00E-07	2.53E-07	2.80E-07	2.90E-07	2.74E-07	2.84E-07	2.89E-07	2.40E-07	2.32E-07	2.69E-07	3.46E-07	3.41E-07	3.32E-07	3.91E-07
YML100W	1.53E-06	1.54E-06	2.29E-06	1.87E-06	1.90E-06	1.79E-06	1.39E-06	1.38E-06	1.29E-06	1.10E-06	1.16E-06	1.12E-06	7.01E-07	5.79E-07	7.64E-07	7.27E-07
YMR264W	3.20E-07	2.50E-07	NA	2.11E-07	2.90E-07	NA	NA	NA	1.27E-07	1.29E-07	NA	2.30E-07	NA	NA	NA	1.90E-07
YMR263W	NA	NA	NA	NA	NA	NA	1.06E-07	NA	6.51E-08	NA	NA	NA	NA	NA	NA	NA
YOR123C	4.06E-07	4.12E-07	3.63E-07	4.42E-07	3.50E-07	4.43E-07	2.45E-07	2.50E-07	2.68E-07	1.99E-07	2.33E-07	2.23E-07	2.45E-07	2.41E-07	2.41E-07	2.22E-07
YOR232W	3.73E-06	3.59E-06	3.00E-06	2.57E-06	2.81E-06	2.98E-06	1.68E-06	1.78E-06	1.66E-06	1.25E-06	1.40E-06	1.50E-06	3.13E-06	3.05E-06	3.37E-06	3.25E-06
YER031C	9.79E-07	1.07E-06	1.26E-06	1.56E-06	1.81E-06	1.37E-06	1.01E-06	1.04E-06	9.25E-07	7.81E-07	8.81E-07	9.92E-07	8.08E-07	7.46E-07	9.19E-07	1.05E-06
YHR072W	1.86E-07	NA	2.06E-07	6.50E-07	2.39E-07	2.37E-07	1.50E-07	2.13E-07	1.97E-07	1.43E-07	1.45E-07	NA	NA	NA	7.55E-08	1.76E-07
YMR139W	1.25E-07	1.39E-07	1.46E-07	1.30E-07	1.10E-07	1.41E-07	9.78E-08	9.13E-08	9.13E-08	8.07E-08	6.66E-08	7.02E-08	7.85E-08	8.07E-08	8.58E-08	8.50E-08
YNL160W	4.12E-06	4.42E-06	1.16E-05	1.72E-05	1.15E-05	1.61E-05	8.92E-06	9.24E-06	8.79E-06	5.74E-06	5.76E-06	5.06E-06	8.26E-07	7.30E-07	7.02E-07	6.17E-07
YER099C	1.36E-06	1.64E-06	1.51E-06	1.20E-06	1.45E-06	1.28E-06	9.26E-07	9.16E-07	8.57E-07	7.78E-07	6.62E-07	7.23E-07	8.14E-07	7.58E-07	9.34E-07	8.69E-07
YLR248W	2.73E-07	2.37E-07	1.99E-07	3.69E-07	2.21E-07	4.88E-07	3.89E-07	2.96E-07	3.76E-07	2.50E-07	2.89E-07	3.04E-07	2.43E-07	1.83E-07	2.06E-07	1.80E-07
YJL001W	1.68E-06	1.64E-06	1.56E-06	1.91E-06	2.04E-06	1.99E-06	1.17E-06	1.20E-06	1.24E-06	9.93E-07	1.06E-06	1.07E-06	7.51E-07	7.26E-07	8.08E-07	7.92E-07
YMR217W	5.30E-06	5.00E-06	5.00E-06	4.01E-06	3.95E-06	4.13E-06	2.91E-06	2.83E-06	2.84E-06	2.58E-06	2.45E-06	2.77E-06	5.61E-06	5.56E-06	5.57E-06	5.49E-06
YIL043C	2.81E-06	2.72E-06	2.28E-06	2.53E-06	2.40E-06	2.54E-06	1.70E-06	1.74E-06	1.73E-06	1.26E-06	1.33E-06	1.48E-06	1.38E-06	1.37E-06	1.70E-06	1.88E-06
YJR103W	5.70E-07	4.72E-07	6.13E-07	5.53E-07	6.03E-07	6.63E-07	5.90E-07	5.16E-07	4.75E-07	5.17E-07	4.75E-07	4.78E-07	2.41E-07	2.18E-07	3.55E-07	2.53E-07
YEL058W	5.36E-07	5.29E-07	5.39E-07	5.53E-07	6.51E-07	6.12E-07	3.76E-07	3.69E-07	3.74E-07	2.98E-07	2.92E-07	2.82E-07	3.93E-07	4.16E-07	4.23E-07	4.64E-07
YNL290W	4.09E-07	4.54E-07	4.59E-07	4.67E-07	3.98E-07	4.69E-07	2.72E-07	3.06E-07	2.89E-07	2.41E-07	2.63E-07	2.71E-07	3.04E-07	2.96E-07	2.89E-07	2.59E-07
YOR217W	1.89E-07	1.79E-07	2.03E-07	1.83E-07	1.69E-07	1.72E-07	1.24E-07	1.17E-07	1.13E-07	1.10E-07	9.91E-08	1.09E-07	1.18E-07	1.25E-07	1.28E-07	1.15E-07
YLR342W	5.07E-07	4.01E-07	4.76E-07	7.51E-07	7.33E-07	5.69E-07	5.87E-07	4.61E-07	6.98E-07	3.52E-07	3.63E-07	4.30E-07	6.03E-07	5.39E-07	6.11E-07	9.02E-07
YLR079W	NA	5.16E-08	5.46E-08	4.53E-08	5.17E-08	4.66E-08	3.36E-08	3.53E-08	2.84E-08	2.61E-08	2.81E-08	2.71E-08	NA	NA	NA	NA
YFR025C	3.26E-07	1.03E-07	NA	5.09E-07	NA	5.62E-07	3.53E-07	3.95E-07	3.72E-07	2.78E-07	NA	3.25E-07	2.08E-07	2.17E-07	3.11E-07	2.05E-07
YNL259C	2.95E-06	3.21E-06	3.40E-06	2.42E-06	3.01E-06	2.71E-06	1.74E-06	1.83E-06	1.68E-06	1.32E-06	1.46E-06	1.62E-06	1.84E-06	1.69E-06	1.88E-06	1.74E-06
YER122C	1.35E-06	1.50E-06	1.29E-06	1.46E-06	1.54E-06	1.57E-06	9.31E-07	1.00E-06	9.24E-07	7.03E-07	8.53E-07	8.52E-07	8.43E-07	8.62E-07	8.82E-07	8.95E-07
YPL243W	2.90E-07	2.79E-07	2.73E-07	2.88E-07	2.87E-07	2.92E-07	1.90E-07	1.76E-07	1.89E-07	1.70E-07	1.39E-07	1.53E-07	2.13E-07	2.13E-07	2.30E-07	2.59E-07
YPL210C	4.02E-07	3.33E-07	2.90E-07	3.42E-07	4.02E-07	4.06E-07	2.38E-07	2.22E-07	2.62E-07	1.75E-07	1.88E-07	1.71E-07	1.67E-07	1.85E-07	2.02E-07	2.65E-07
YHL011C	3.32E-06	2.75E-06	2.81E-06	2.16E-06	2.25E-06	2.87E-06	1.59E-06	1.49E-06	1.84E-06	1.19E-06	1.26E-06	1.38E-06	2.14E-06	2.27E-06	2.09E-06	1.91E-06
YHR039C	4.85E-07	3.73E-07	4.24E-07	6.55E-07	6.02E-07	6.26E-07	5.10E-07	5.39E-07	5.28E-07	3.64E-07	4.03E-07	4.06E-07	2.09E-07	1.93E-07	2.42E-07	2.55E-07
YHR096C	NA	4.17E-07	NA	8.06E-07	8.59E-07	9.53E-07	NA	NA	NA	NA	4.19E-07	3.47E-07	NA	NA	NA	NA
YHR201C	5.40E-07	5.63E-07	5.29E-07	5.58E-07	6.08E-07	6.08E-07	3.84E-07	3.64E-07	3.74E-07	3.24E-07	3.43E-07	3.85E-07	3.56E-07	3.48E-07	3.11E-07	3.23E-07
YHL015W	4.17E-05	4.39E-05	4.07E-05	3.98E-05	3.74E-05	4.12E-05	2.35E-05	2.39E-05	2.39E-05	1.84E-05	2.03E-05	2.14E-05	4.49E-05	4.38E-05	4.55E-05	4.28E-05
YHL003C	2.34E-07	2.38E-07	2.28E-07	NA	2.76E-07	2.60E-07	NA	2.13E-07	2.09E-07	1.84E-07	NA	1.94E-07	NA	NA	NA	NA
YHR011W	7.73E-08	6.17E-08	7.11E-08	6.88E-08	5.70E-08	7.85E-08	3.57E-08	4.04E-08	4.60E-08	3.47E-08	3.22E-08	4.04E-08	5.50E-08	5.74E-08	7.35E-08	5.38E-08
YHR019C	4.37E-06	4.33E-06	4.55E-06	4.48E-06	4.81E-06	4.88E-06	2.97E-06	2.94E-06	2.83E-06	2.49E-06	2.33E-06	2.57E-06	4.90E-06	4.78E-06	4.62E-06	4.69E-06
YHR020W	2.39E-06	2.40E-06	2.33E-06	2.34E-06	2.26E-06	2.40E-06	1.54E-06	1.53E-06	1.49E-06	1.45E-06	1.32E-06	1.49E-06	3.35E-06	3.37E-06	3.22E-06	3.13E-06
YHR065C	5.24E-07	5.14E-07	5.19E-07	3.90E-07	NA	4.34E-07	2.63E-07	2.59E-07	2.83E-07	2.07E-07	NA	2.20E-07	6.54E-07	6.07E-07	7.06E-07	6.27E-07
YHR073W	1.64E-07	1.35E-07	NA	1.44E-07	1.32E-07	1.60E-07	1.08E-07	NA	9.75E-08	8.97E-08	8.96E-08	NA	1.45E-07	1.49E-07	1.43E-07	1.28E-07
YHR091C	NA	NA	NA	NA	NA	NA	2.33E-09	NA	NA	NA	NA	2.89E-10	NA	NA	4.05E-09	3.49E-09
YHR104W	4.37E-06	4.53E-06	5.41E-06	5.04E-06	4.56E-06	5.00E-06	3.16E-06	3.25E-06	3.30E-06	2.62E-06	2.73E-06	2.73E-06	1.56E-06	1.51E-06	1.59E-06	1.59E-06
YHR112C	2.05E-06	2.23E-06	2.18E-06	1.91E-06	2.31E-06	1.90E-06	2.20E-06	1.64E-06	1.92E-06	1.89E-06	1.76E-06	1.97E-06	1.56E-06	1.76E-06	1.93E-06	1.84E-06
YHR169W	6.30E-08	5.87E-08	7.22E-08	6.95E-08	6.16E-08	6.07E-08	4.21E-08	4.19E-08	4.08E-08	3.75E-08	3.52E-08	3.81E-08	5.96E-08	6.43E-08	6.14E-08	6.72E-08
YHR183W	2.85E-05	2.63E-05	2.63E-05	2.63E-05	2.65E-05	2.50E-05	1.14E-05	1.14E-05	1.16E-05	9.76E-06	8.94E-06	9.87E-06	2.29E-05	2.34E-05	2.08E-05	2.11E-05
YHL039W	8.88E-08	NA	8.86E-08	7.98E-08	6.34E-08	7.07E-08	4.07E-08	3.81E-08	4.20E-08	2.81E-08	3.21E-08	3.12E-08	9.13E-08	8.55E-08	7.83E-08	9.14E-08
YHL031C	4.86E-07	5.33E-07	4.36E-07	5.08E-07	4.96E-07	5.80E-07	NA	NA	3.52E-07	1.61E-07	2.03E-07	2.31E-07	3.87E-07	2.87E-07	3.01E-07	4.26E-07
YHL030W	1.67E-07	1.41E-07	6.34E-08	1.98E-07	1.94E-07	2.21E-07	1.25E-07	9.84E-08	1.31E-07	1.05E-07	1.30E-07	1.16E-07	5.80E-08	NA	1.03E-07	1.24E-07
YHL029C	NA	3.01E-08	3.24E-08	3.82E-08	NA	3.49E-08	2.53E-08	2.60E-08	2.96E-08	1.54E-08	2.44E-08	NA	NA	1.30E-08	NA	2.26E-08
YHL024W	7.81E-07	7.27E-07	1.04E-06	1.59E-06	1.60E-06	1.63E-06	9.11E-07	8.43E-07	8.87E-07	6.71E-07	6.74E-07	7.61E-07	3.65E-07	3.35E-07	4.46E-07	4.02E-07
YHL023C	NA	NA	NA	NA	NA	NA	NA	NA	NA	NA	NA	NA	NA	NA	NA	NA
YHL014C	5.50E-08	4.79E-08	8.52E-08	3.14E-08	2.36E-08	3.78E-08	2.34E-08	3.03E-08	2.41E-08	1.88E-08	1.63E-08	1.74E-08	5.29E-08	5.35E-08	5.26E-08	5.76E-08
YHL013C	1.50E-07	1.37E-07	1.27E-07	1.08E-07	1.32E-07	1.40E-07	8.89E-08	8.21E-08	7.66E-08	6.48E-08	7.89E-08	8.25E-08	6.82E-08	5.88E-08	6.67E-08	6.83E-08
YHL002W	8.76E-08	8.39E-08	8.10E-08	9.75E-08	1.15E-07	NA	7.53E-08	5.90E-08	5.62E-08	5.93E-08	5.67E-08	7.25E-08	3.72E-08	4.10E-08	3.93E-08	4.36E-08
YHL001W	5.86E-05	7.10E-05	6.67E-05	5.74E-05	7.47E-05	5.86E-05	4.02E-05	3.67E-05	4.00E-05	4.29E-05	3.46E-05	3.67E-05	4.87E-05	4.40E-05	4.82E-05	4.67E-05
YHR001W	1.49E-06	1.62E-06	1.22E-06	1.34E-06	1.36E-06	1.42E-06	9.56E-07	9.89E-07	9.43E-07	7.94E-07	8.18E-07	8.13E-07	8.23E-07	8.34E-07	9.54E-07	8.44E-07
YHR003C	NA	NA	1.39E-07	1.91E-07	1.20E-07	1.25E-07	1.26E-07	NA	NA	NA	6.98E-08	9.24E-08	9.07E-08	1.26E-07	1.16E-07	NA
YHR009C	5.30E-07	4.58E-07	3.85E-07	2.84E-07	2.81E-07	2.85E-07	1.85E-07	1.87E-07	2.24E-07	1.29E-07	1.91E-07	1.61E-07	4.15E-07	4.01E-07	4.95E-07	4.50E-07
YHR012W	NA	1.03E-06	8.72E-07	1.33E-06	1.28E-06	1.27E-06	1.02E-06	8.61E-07	8.21E-07	7.24E-07	7.17E-07	7.27E-07	6.34E-07	6.49E-07	6.81E-07	6.82E-07
YHR027C	1.80E-06	1.69E-06	1.90E-06	2.07E-06	2.01E-06	2.13E-06	1.34E-06	1.36E-06	1.45E-06	1.07E-06	1.06E-06	1.18E-06	1.22E-06	1.13E-06	1.21E-06	1.36E-06
YHR029C	1.93E-06	1.94E-06	2.13E-06	1.11E-05	1.16E-05	1.10E-05	8.52E-06	8.69E-06	8.77E-06	8.43E-06	8.88E-06	8.49E-06	8.44E-07	8.21E-07	9.43E-07	9.60E-07
YHR034C	9.41E-08	1.05E-07	1.08E-07	9.89E-08	1.37E-07	1.62E-07	8.32E-08	1.23E-07	6.67E-08	6.42E-08	9.07E-08	7.19E-08	8.12E-08	1.19E-07	8.75E-08	NA
YHR038W	4.27E-07	4.14E-07	4.25E-07	2.98E-07	2.73E-07	3.13E-07	1.83E-07	1.81E-07	1.66E-07	1.22E-07	1.47E-07	1.38E-07	3.47E-07	3.37E-07	3.85E-07	3.55E-07
YHR045W	NA	NA	NA	NA	NA	NA	NA	NA	NA	NA	4.81E-08	NA	NA	NA	NA	NA
YHR049W	7.18E-07	5.83E-07	7.64E-07	5.52E-07	5.70E-07	5.54E-07	1.15E-06	1.08E-06	1.15E-06	1.01E-06	1.11E-06	1.24E-06	1.66E-06	1.63E-06	1.59E-06	1.58E-06
YHR052W	5.56E-07	5.45E-07	4.85E-07	4.60E-07	4.54E-07	4.96E-07	2.95E-07	3.16E-07	2.90E-07	2.43E-07	2.74E-07	2.83E-07	4.88E-07	4.97E-07	5.01E-07	5.00E-07
YHR059W	NA	1.59E-07	NA	1.01E-07	NA	1.02E-07	6.86E-08	6.81E-08	6.66E-08	3.80E-08	6.15E-08	NA	1.99E-07	NA	2.39E-07	1.93E-07
YHR062C	1.77E-07	1.88E-07	1.48E-07	1.38E-07	1.87E-07	1.56E-07	8.91E-08	9.32E-08	9.14E-08	7.29E-08	7.66E-08	8.29E-08	1.13E-07	1.21E-07	1.19E-07	1.04E-07
YHR063C	7.08E-07	7.74E-07	7.68E-07	1.94E-06	2.04E-06	2.01E-06	1.63E-06	1.61E-06	1.58E-06	1.40E-06	1.33E-06	1.60E-06	8.76E-07	8.33E-07	7.16E-07	7.36E-07
YHR064C	5.58E-06	5.33E-06	5.64E-06	5.47E-06	5.67E-06	5.54E-06	3.49E-06	3.32E-06	3.46E-06	2.98E-06	2.91E-06	3.27E-06	5.04E-06	4.96E-06	4.86E-06	4.91E-06
YHR066W	3.09E-07	4.45E-07	3.45E-07	4.89E-07	4.19E-07	4.55E-07	2.66E-07	2.86E-07	2.26E-07	2.44E-07	2.16E-07	2.06E-07	3.13E-07	3.62E-07	5.29E-07	3.48E-07
YHR068W	1.17E-06	1.12E-06	1.02E-06	8.52E-07	7.96E-07	8.78E-07	4.34E-07	4.19E-07	4.05E-07	3.42E-07	3.67E-07	3.86E-07	1.28E-06	1.35E-06	1.14E-06	1.18E-06
YHR069C	4.64E-07	6.21E-07	4.77E-07	4.20E-07	3.00E-07	4.29E-07	2.56E-07	3.11E-07	2.56E-07	2.12E-07	2.43E-07	2.85E-07	4.03E-07	3.78E-07	3.45E-07	4.76E-07
YHR070W	3.18E-07	2.77E-07	2.30E-07	2.21E-07	2.38E-07	2.32E-07	1.98E-07	1.60E-07	1.91E-07	1.92E-07	1.68E-07	1.40E-07	2.09E-07	1.88E-07	1.90E-07	2.06E-07
YHR074W	9.26E-07	9.17E-07	9.17E-07	1.22E-06	1.04E-06	1.21E-06	8.20E-07	7.79E-07	8.42E-07	6.64E-07	5.88E-07	6.21E-07	6.49E-07	6.02E-07	6.34E-07	6.28E-07
YHR075C	NA	NA	NA	NA	NA	NA	NA	NA	NA	1.06E-08	NA	1.29E-08	NA	NA	NA	NA
YHR076W	2.57E-07	2.17E-07	2.23E-07	3.22E-07	2.71E-07	3.29E-07	1.98E-07	2.27E-07	2.07E-07	1.35E-07	1.68E-07	1.29E-07	1.39E-07	1.58E-07	1.64E-07	1.58E-07
YHR077C	1.06E-07	1.22E-07	1.11E-07	1.89E-07	NA	1.40E-07	9.08E-08	1.24E-07	9.52E-08	6.78E-08	5.89E-08	7.67E-08	3.99E-08	NA	5.94E-08	8.20E-08
YHR081W	1.16E-07	7.39E-08	8.39E-08	5.89E-08	1.16E-07	8.27E-08	6.31E-08	4.83E-08	6.01E-08	7.81E-08	4.50E-08	4.19E-08	7.44E-08	7.60E-08	7.69E-08	6.33E-08
YHR085W	7.76E-08	NA	6.93E-08	1.08E-07	NA	1.09E-07	7.71E-08	5.42E-08	7.80E-08	6.10E-08	7.89E-08	NA	6.96E-08	8.19E-08	8.43E-08	NA
YHR087W	2.41E-06	2.82E-06	3.75E-06	2.31E-06	1.81E-06	2.07E-06	9.91E-07	1.01E-06	1.07E-06	7.28E-07	7.46E-07	6.34E-07	3.12E-07	2.92E-07	2.71E-07	1.93E-07
YHR088W	2.78E-07	NA	1.90E-07	3.26E-07	3.12E-07	3.07E-07	1.75E-07	2.07E-07	1.85E-07	6.42E-08	1.92E-07	1.15E-07	2.89E-07	3.03E-07	2.79E-07	2.57E-07
YHR097C	8.02E-07	2.38E-06	9.98E-07	1.10E-06	1.58E-06	8.93E-07	3.59E-07	7.10E-07	6.71E-07	4.96E-07	5.46E-07	7.19E-07	2.01E-07	1.97E-07	2.92E-07	2.31E-07
YHR098C	4.45E-07	4.14E-07	4.42E-07	3.71E-07	3.70E-07	3.74E-07	2.54E-07	2.32E-07	2.40E-07	2.00E-07	1.75E-07	2.07E-07	4.42E-07	4.34E-07	4.37E-07	4.79E-07
YHR099W	1.25E-08	1.37E-08	1.57E-08	1.71E-08	1.68E-08	1.68E-08	1.49E-08	1.26E-08	6.50E-09	5.37E-09	6.30E-09	9.60E-09	1.21E-08	NA	1.32E-08	1.50E-08
YHR100C	1.24E-08	1.51E-08	1.30E-08	1.46E-08	1.42E-08	NA	1.10E-08	8.92E-09	9.27E-09	5.76E-09	7.80E-09	8.54E-09	8.16E-09	7.84E-09	NA	8.31E-09
YHR106W	NA	3.60E-08	NA	4.86E-08	5.25E-08	NA	3.28E-08	2.43E-08	2.79E-08	2.63E-08	1.87E-08	1.57E-08	NA	NA	NA	1.62E-08
YHR108W	5.72E-07	5.04E-07	5.06E-07	5.94E-07	5.94E-07	5.66E-07	3.85E-07	3.63E-07	3.68E-07	3.39E-07	3.27E-07	3.28E-07	4.70E-07	4.40E-07	4.63E-07	4.52E-07
YHR109W	NA	NA	NA	NA	2.49E-08	NA	1.74E-08	NA	NA	NA	2.08E-08	1.56E-08	3.80E-08	NA	NA	NA
YHR110W	3.03E-07	3.23E-07	2.77E-07	2.86E-07	2.90E-07	3.06E-07	2.05E-07	1.75E-07	1.80E-07	NA	NA	1.42E-07	NA	1.45E-07	1.46E-07	1.63E-07
YHR111W	9.62E-07	8.56E-07	7.10E-07	9.38E-07	6.65E-07	8.94E-07	5.25E-07	5.41E-07	5.69E-07	4.29E-07	2.84E-07	5.29E-07	4.21E-07	4.18E-07	4.60E-07	2.93E-07
YHR113W	1.55E-06	1.62E-06	1.72E-06	1.85E-06	1.94E-06	2.00E-06	1.39E-06	1.44E-06	1.43E-06	1.20E-06	1.25E-06	1.31E-06	7.23E-07	7.58E-07	8.01E-07	7.03E-07
YHR114W	3.45E-07	3.29E-07	3.55E-07	3.24E-07	3.31E-07	3.30E-07	2.10E-07	2.32E-07	2.11E-07	1.75E-07	1.98E-07	1.90E-07	1.78E-07	1.80E-07	1.79E-07	1.88E-07
YHR117W	2.65E-07	2.42E-07	3.09E-07	3.53E-07	3.59E-07	3.74E-07	2.42E-07	2.14E-07	2.16E-07	1.89E-07	1.75E-07	1.70E-07	2.60E-07	2.19E-07	2.46E-07	2.28E-07
YHR121W	1.25E-06	1.28E-06	1.08E-06	1.33E-06	1.25E-06	1.25E-06	8.09E-07	7.52E-07	7.70E-07	6.78E-07	7.41E-07	7.46E-07	9.04E-07	9.30E-07	9.64E-07	9.46E-07
YHR122W	1.20E-07	9.89E-08	9.33E-08	9.02E-08	7.50E-08	1.05E-07	6.30E-08	5.99E-08	6.08E-08	5.85E-08	4.70E-08	5.23E-08	6.52E-08	6.42E-08	8.28E-08	NA
YHR127W	2.21E-07	2.25E-07	1.98E-07	3.45E-07	3.60E-07	3.81E-07	2.19E-07	2.35E-07	2.11E-07	1.65E-07	2.15E-07	2.02E-07	1.44E-07	1.52E-07	1.54E-07	1.54E-07
YHR132C	7.87E-07	1.02E-06	8.44E-07	1.32E-06	1.45E-06	1.39E-06	8.15E-07	8.00E-07	7.42E-07	6.97E-07	6.87E-07	6.97E-07	3.83E-07	4.12E-07	3.66E-07	3.68E-07
YHR133C	NA	NA	NA	NA	NA	NA	NA	NA	NA	NA	NA	NA	NA	NA	NA	NA
YHR137W	6.19E-07	5.47E-07	1.08E-06	5.27E-07	4.73E-07	5.06E-07	5.98E-08	NA	NA	NA	NA	NA	NA	NA	1.04E-07	1.48E-07
YHR138C	5.30E-08	5.82E-08	5.78E-08	7.20E-08	5.86E-08	6.37E-08	4.05E-08	4.51E-08	4.95E-08	3.72E-08	3.52E-08	3.75E-08	1.35E-08	1.36E-08	1.75E-08	1.23E-08
YHR146W	1.72E-06	1.71E-06	1.79E-06	2.43E-06	2.75E-06	2.46E-06	1.46E-06	1.43E-06	1.48E-06	1.48E-06	1.39E-06	1.53E-06	5.23E-07	5.43E-07	5.77E-07	5.62E-07
YHR154W	NA	NA	NA	NA	NA	NA	2.81E-08	NA	NA	NA	2.17E-08	2.53E-08	NA	NA	NA	NA
YHR156C	5.65E-08	3.41E-08	NA	6.42E-08	5.36E-08	6.75E-08	3.85E-08	6.52E-08	4.08E-08	NA	3.07E-08	3.51E-08	NA	1.62E-08	1.34E-08	1.06E-08
YHR158C	9.79E-08	9.26E-08	1.09E-07	1.27E-07	1.41E-07	1.22E-07	8.50E-08	8.22E-08	8.81E-08	7.06E-08	7.02E-08	7.06E-08	6.62E-08	7.66E-08	8.09E-08	7.01E-08
YHR161C	NA	NA	NA	NA	NA	NA	NA	NA	NA	NA	NA	NA	NA	NA	NA	NA
YHR163W	2.92E-06	3.06E-06	2.74E-06	4.02E-06	4.11E-06	4.11E-06	1.09E-06	1.22E-06	1.11E-06	8.96E-07	1.09E-06	1.07E-06	1.27E-06	1.38E-06	1.20E-06	1.20E-06
YHR170W	6.70E-07	5.69E-07	6.76E-07	3.62E-07	3.47E-07	3.62E-07	2.06E-07	2.04E-07	2.04E-07	1.74E-07	1.59E-07	1.67E-07	5.78E-07	5.60E-07	5.60E-07	5.00E-07
YHR171W	5.83E-08	4.82E-08	9.83E-08	3.78E-08	2.64E-08	9.91E-08	6.34E-08	6.70E-08	5.98E-08	5.54E-08	4.94E-08	4.37E-08	1.85E-08	2.36E-08	2.02E-08	NA
YHR176W	NA	NA	NA	NA	NA	NA	NA	NA	NA	NA	NA	NA	NA	NA	NA	NA
YHR186C	NA	NA	2.27E-08	NA	NA	5.92E-08	NA	3.18E-08	NA	1.19E-08	NA	2.66E-08	NA	NA	NA	NA
YHR187W	4.18E-08	5.22E-08	3.45E-08	3.78E-08	4.19E-08	4.62E-08	2.41E-08	2.36E-08	NA	1.73E-08	2.18E-08	2.24E-08	1.78E-08	1.96E-08	2.90E-08	1.51E-08
YHR188C	NA	1.02E-07	1.73E-07	1.76E-07	1.87E-07	NA	1.33E-07	1.23E-07	NA	9.64E-08	NA	1.05E-07	6.95E-08	NA	7.66E-08	NA
YHR193C	1.01E-05	1.11E-05	9.55E-06	8.77E-06	8.97E-06	9.76E-06	5.71E-06	5.73E-06	5.70E-06	4.72E-06	4.69E-06	5.06E-06	7.29E-06	6.89E-06	7.44E-06	6.78E-06
YHR196W	1.47E-07	NA	1.06E-07	1.76E-07	2.32E-07	2.19E-07	1.48E-07	1.47E-07	1.03E-07	1.05E-07	1.43E-07	1.04E-07	1.88E-07	8.37E-08	NA	9.74E-08
YHR197W	7.82E-08	9.54E-08	8.67E-08	1.02E-07	7.17E-08	5.97E-08	4.21E-08	4.94E-08	4.71E-08	3.25E-08	3.30E-08	5.03E-08	7.71E-08	4.81E-08	7.59E-08	NA
YHR198C	5.08E-07	5.56E-07	4.90E-07	4.37E-07	4.73E-07	4.36E-07	2.85E-07	3.05E-07	2.86E-07	2.21E-07	2.29E-07	2.14E-07	3.66E-07	3.75E-07	4.03E-07	4.07E-07
YHR199C	NA	NA	1.31E-07	NA	1.29E-07	1.11E-07	1.60E-07	1.30E-07	NA	8.09E-08	1.20E-07	8.85E-08	NA	NA	NA	NA
YHR200W	1.26E-05	1.22E-05	1.16E-05	1.38E-05	1.45E-05	1.48E-05	9.83E-06	9.28E-06	9.40E-06	7.40E-06	8.43E-06	8.82E-06	6.04E-06	5.84E-06	6.69E-06	6.52E-06
YHR206W	4.81E-08	4.89E-08	4.83E-08	5.80E-08	6.07E-08	6.53E-08	5.08E-08	4.01E-08	4.85E-08	4.84E-08	3.93E-08	3.58E-08	3.63E-08	3.92E-08	3.92E-08	4.43E-08
YHR207C	NA	1.68E-07	NA	1.91E-07	2.06E-07	2.36E-07	1.02E-07	1.07E-07	9.76E-08	9.50E-08	7.79E-08	1.22E-07	1.00E-07	1.27E-07	1.65E-07	1.33E-07
YHR208W	8.15E-06	7.89E-06	7.81E-06	6.68E-06	6.71E-06	6.93E-06	4.96E-06	4.68E-06	4.69E-06	3.93E-06	3.81E-06	4.12E-06	6.88E-06	7.12E-06	6.48E-06	6.56E-06
YOL005C	9.02E-07	8.72E-07	7.48E-07	7.20E-07	7.22E-07	7.82E-07	4.30E-07	4.69E-07	4.39E-07	3.40E-07	3.99E-07	3.93E-07	5.89E-07	5.50E-07	5.92E-07	5.23E-07
YOR014W	7.75E-08	NA	7.65E-08	1.08E-07	1.39E-07	8.31E-08	8.07E-08	7.87E-08	6.48E-08	5.81E-08	7.37E-08	5.61E-08	4.09E-08	3.26E-08	5.60E-08	6.88E-08
YOR020C	3.17E-05	3.34E-05	4.13E-05	2.18E-05	2.36E-05	2.33E-05	1.20E-05	1.23E-05	9.91E-06	7.96E-06	8.28E-06	7.82E-06	2.27E-05	2.22E-05	2.59E-05	2.44E-05
YML074C	2.59E-06	2.67E-06	2.33E-06	2.56E-06	2.60E-06	2.68E-06	1.72E-06	1.61E-06	1.70E-06	1.48E-06	1.50E-06	1.62E-06	1.37E-06	1.40E-06	1.38E-06	1.38E-06
YMR260C	3.18E-06	3.29E-06	2.60E-06	2.62E-06	2.50E-06	2.55E-06	1.51E-06	1.52E-06	1.50E-06	1.17E-06	1.33E-06	1.29E-06	2.35E-06	2.26E-06	2.27E-06	2.22E-06
YDL045C	4.18E-08	NA	NA	1.05E-07	NA	NA	4.83E-08	NA	NA	NA	NA	NA	6.72E-08	NA	NA	NA
YLR055C	9.67E-08	9.66E-08	1.22E-07	9.78E-08	9.56E-08	9.85E-08	8.31E-08	7.56E-08	6.83E-08	5.55E-08	6.65E-08	7.06E-08	1.17E-07	1.48E-07	1.23E-07	1.56E-07
YMR167W	4.36E-09	NA	4.21E-09	7.30E-09	5.22E-09	5.34E-09	5.34E-09	NA	7.86E-09	NA	NA	NA	NA	4.36E-09	NA	4.64E-09
YNL004W	3.63E-07	4.72E-07	3.52E-07	3.13E-07	3.61E-07	3.81E-07	2.31E-07	2.06E-07	1.80E-07	1.57E-07	1.78E-07	1.79E-07	2.18E-07	2.23E-07	2.52E-07	2.76E-07
YGL006W	1.82E-07	1.49E-07	1.66E-07	3.38E-07	3.41E-07	3.51E-07	2.48E-07	2.36E-07	2.71E-07	2.14E-07	2.01E-07	2.17E-07	7.19E-08	6.37E-08	NA	1.05E-07
YOR039W	1.02E-06	9.62E-07	9.89E-07	9.62E-07	9.38E-07	1.05E-06	6.24E-07	5.51E-07	5.72E-07	4.48E-07	4.75E-07	5.06E-07	4.50E-07	4.24E-07	5.16E-07	4.49E-07
YDR443C	NA	NA	NA	NA	NA	8.97E-10	NA	NA	NA	NA	NA	NA	NA	NA	NA	NA
YGL095C	5.25E-08	5.69E-08	5.48E-08	6.64E-08	NA	6.20E-08	4.54E-08	3.97E-08	3.88E-08	3.54E-08	3.50E-08	3.77E-08	2.86E-08	2.70E-08	2.99E-08	2.92E-08
YOR198C	4.77E-06	4.93E-06	4.73E-06	4.28E-06	4.41E-06	4.48E-06	2.69E-06	2.81E-06	2.64E-06	2.19E-06	2.36E-06	2.53E-06	3.35E-06	3.25E-06	3.46E-06	3.29E-06
YDR080W	NA	NA	NA	NA	NA	2.69E-07	NA	NA	NA	NA	NA	NA	1.75E-07	NA	NA	NA
YDR083W	NA	1.95E-08	2.09E-08	1.57E-08	2.06E-08	NA	NA	5.96E-09	NA	7.91E-09	4.91E-09	NA	NA	NA	NA	2.01E-08
YDR089W	NA	NA	NA	NA	NA	NA	NA	NA	NA	NA	NA	NA	NA	NA	NA	NA
YDL195W	1.75E-06	1.66E-06	2.21E-06	1.95E-06	1.90E-06	1.94E-06	1.22E-06	1.24E-06	1.22E-06	1.02E-06	1.01E-06	1.01E-06	1.69E-06	1.73E-06	1.70E-06	1.70E-06
YJL165C	5.46E-08	4.65E-08	NA	NA	5.13E-08	6.53E-08	NA	5.95E-08	NA	4.02E-08	NA	3.76E-08	2.34E-08	3.37E-08	4.76E-08	3.57E-08
YGR061C	2.47E-06	2.27E-06	2.97E-06	2.96E-06	2.98E-06	3.05E-06	1.79E-06	1.80E-06	1.79E-06	1.49E-06	1.54E-06	1.63E-06	2.64E-06	2.63E-06	2.60E-06	2.87E-06
YDL092W	4.07E-07	3.63E-07	NA	3.94E-07	3.07E-07	NA	NA	NA	NA	NA	1.68E-07	1.85E-07	2.36E-07	NA	NA	1.75E-07
YDR321W	8.69E-07	9.03E-07	9.28E-07	6.54E-07	7.08E-07	6.78E-07	3.40E-07	3.42E-07	3.52E-07	2.75E-07	2.98E-07	3.17E-07	9.21E-07	8.71E-07	7.62E-07	7.86E-07
YDL198C	2.08E-06	2.03E-06	2.50E-06	3.03E-06	3.23E-06	3.11E-06	2.26E-06	2.35E-06	2.30E-06	2.05E-06	1.96E-06	2.12E-06	2.15E-06	2.13E-06	2.15E-06	2.05E-06
YDR297W	3.32E-07	2.71E-07	3.84E-07	5.02E-07	6.47E-07	7.15E-07	6.07E-07	4.24E-07	6.57E-07	3.17E-07	3.56E-07	5.35E-07	2.12E-07	1.95E-07	2.37E-07	3.58E-07
YPL190C	6.17E-07	6.85E-07	7.29E-07	8.05E-07	8.49E-07	8.87E-07	5.16E-07	5.67E-07	5.34E-07	4.51E-07	5.27E-07	5.29E-07	3.76E-07	3.66E-07	3.72E-07	3.83E-07
YNR050C	2.46E-05	2.44E-05	2.12E-05	2.15E-05	2.16E-05	2.21E-05	1.12E-05	1.10E-05	1.08E-05	9.38E-06	9.24E-06	1.03E-05	2.11E-05	2.05E-05	2.16E-05	1.97E-05
YIL009W	3.63E-07	2.90E-07	3.43E-07	5.44E-07	5.67E-07	5.95E-07	3.38E-07	3.51E-07	3.37E-07	2.63E-07	2.98E-07	3.15E-07	3.37E-07	3.36E-07	3.73E-07	4.26E-07
YDR342C	7.80E-06	9.58E-06	7.34E-06	8.62E-06	1.07E-05	9.13E-06	3.03E-06	3.20E-06	3.03E-06	1.60E-06	1.33E-06	3.09E-06	9.75E-06	5.95E-06	7.34E-06	1.32E-05
YJL174W	NA	NA	NA	NA	NA	NA	NA	NA	NA	NA	NA	NA	NA	NA	NA	NA
YNL169C	2.31E-09	2.23E-09	2.23E-09	2.71E-09	NA	2.98E-09	3.04E-09	3.50E-09	2.83E-09	2.99E-09	3.57E-09	3.05E-09	4.82E-09	4.46E-09	6.82E-09	3.53E-09
YGL022W	1.66E-07	NA	1.99E-07	3.48E-07	NA	3.72E-07	NA	2.05E-07	2.66E-07	NA	1.86E-07	NA	9.80E-08	NA	1.24E-07	NA
YNR052C	NA	7.48E-08	NA	NA	NA	NA	NA	NA	NA	4.35E-08	NA	4.59E-08	NA	7.86E-08	5.44E-08	9.61E-08
YDL101C	1.47E-07	1.60E-07	1.91E-07	1.40E-07	1.55E-07	1.63E-07	9.54E-08	1.06E-07	NA	7.53E-08	7.40E-08	7.39E-08	9.61E-08	1.24E-07	1.13E-07	1.26E-07
YDR264C	NA	NA	NA	NA	NA	NA	NA	NA	NA	8.66E-08	NA	NA	NA	NA	1.05E-07	NA
YPL161C	NA	2.28E-08	NA	NA	1.66E-08	3.46E-08	NA	NA	NA	7.28E-09	NA	1.08E-08	3.13E-08	2.83E-08	NA	2.32E-08
YNL084C	3.75E-07	4.02E-07	3.91E-07	5.04E-07	4.74E-07	5.03E-07	3.43E-07	3.54E-07	3.26E-07	2.67E-07	2.84E-07	3.12E-07	2.52E-07	2.26E-07	2.52E-07	2.52E-07
YLR150W	1.14E-05	1.17E-05	1.07E-05	1.10E-05	1.05E-05	1.21E-05	6.91E-06	6.94E-06	6.39E-06	4.94E-06	5.68E-06	5.85E-06	1.24E-05	1.23E-05	1.21E-05	1.17E-05
YIL142W	4.81E-06	4.44E-06	4.52E-06	4.08E-06	4.35E-06	4.24E-06	2.57E-06	2.67E-06	2.68E-06	2.27E-06	2.21E-06	2.38E-06	3.18E-06	3.17E-06	3.25E-06	3.20E-06
YJL014W	3.94E-06	3.62E-06	3.75E-06	3.32E-06	3.50E-06	3.57E-06	2.25E-06	2.14E-06	2.18E-06	1.84E-06	1.72E-06	1.76E-06	2.97E-06	2.95E-06	2.92E-06	2.91E-06
YDL143W	4.06E-06	3.93E-06	4.17E-06	3.09E-06	3.41E-06	3.23E-06	2.03E-06	2.11E-06	2.08E-06	1.70E-06	1.65E-06	1.85E-06	2.71E-06	2.75E-06	2.71E-06	2.64E-06
YDR188W	2.25E-06	2.50E-06	2.40E-06	2.14E-06	2.26E-06	2.31E-06	1.43E-06	1.40E-06	1.43E-06	1.19E-06	1.12E-06	1.20E-06	1.73E-06	1.78E-06	1.87E-06	1.87E-06
YDR228C	8.16E-08	7.32E-08	7.32E-08	5.08E-08	5.79E-08	5.84E-08	4.38E-08	3.65E-08	4.06E-08	2.90E-08	3.24E-08	3.28E-08	2.41E-08	4.40E-08	3.50E-08	NA
YER048C	1.52E-06	1.56E-06	1.62E-06	1.47E-06	1.50E-06	1.45E-06	9.58E-07	9.34E-07	9.23E-07	7.36E-07	8.20E-07	8.91E-07	7.91E-07	7.82E-07	8.58E-07	7.91E-07
YLR090W	NA	NA	1.15E-08	NA	NA	1.23E-08	NA	NA	NA	7.76E-09	NA	NA	9.24E-09	NA	1.31E-08	NA
YML129C	1.35E-06	1.41E-06	1.26E-06	8.23E-07	8.59E-07	8.91E-07	5.80E-07	5.59E-07	5.42E-07	4.08E-07	4.33E-07	4.47E-07	1.24E-06	1.16E-06	1.29E-06	1.24E-06
YNL267W	NA	7.15E-08	8.33E-08	NA	8.36E-08	NA	6.51E-08	NA	4.78E-08	3.76E-08	NA	3.78E-08	3.60E-08	NA	NA	5.26E-08
YMR008C	3.63E-07	3.01E-07	6.81E-07	7.05E-07	6.51E-07	8.04E-07	7.27E-07	6.44E-07	6.96E-07	4.93E-07	6.54E-07	6.98E-07	1.74E-07	1.78E-07	2.45E-07	2.28E-07
YER001W	NA	NA	NA	6.00E-08	NA	5.42E-08	7.55E-08	7.55E-08	8.33E-08	8.44E-08	8.07E-08	NA	7.22E-08	6.70E-08	6.92E-08	1.34E-07
YPL050C	1.71E-06	1.69E-06	1.93E-06	2.81E-06	2.73E-06	2.67E-06	1.63E-06	1.60E-06	1.81E-06	1.23E-06	1.30E-06	1.33E-06	1.27E-06	1.15E-06	1.47E-06	1.68E-06
YGR020C	7.77E-07	7.74E-07	6.25E-07	9.66E-07	1.08E-06	1.12E-06	7.54E-07	7.88E-07	7.32E-07	6.42E-07	6.23E-07	7.35E-07	6.67E-07	6.49E-07	6.82E-07	6.32E-07
YMR280C	NA	NA	NA	NA	NA	NA	NA	NA	NA	NA	NA	NA	NA	NA	NA	NA
YJL143W	3.06E-07	3.59E-07	2.83E-07	1.90E-07	2.46E-07	2.18E-07	1.31E-07	1.26E-07	1.42E-07	1.09E-07	1.14E-07	1.24E-07	3.52E-07	3.40E-07	3.21E-07	3.62E-07
YDL160C	1.86E-06	1.83E-06	1.84E-06	1.82E-06	1.69E-06	1.79E-06	1.24E-06	1.25E-06	1.28E-06	1.05E-06	9.19E-07	9.67E-07	1.79E-06	1.68E-06	1.61E-06	1.75E-06
YER015W	1.85E-06	1.95E-06	1.56E-06	1.36E-06	1.32E-06	1.26E-06	1.43E-07	1.40E-07	1.38E-07	8.40E-08	8.71E-08	8.31E-08	2.54E-07	2.26E-07	3.44E-07	2.83E-07
YPR104C	1.42E-08	1.41E-08	NA	NA	1.99E-08	1.63E-08	NA	NA	NA	NA	NA	6.86E-09	1.14E-08	NA	1.29E-08	NA
YJR016C	1.13E-05	1.08E-05	8.54E-06	9.03E-06	9.52E-06	9.17E-06	6.22E-06	5.60E-06	5.73E-06	4.62E-06	4.35E-06	4.73E-06	1.08E-05	1.09E-05	1.06E-05	1.04E-05
YMR124W	4.96E-08	4.05E-08	4.11E-08	NA	3.28E-08	4.04E-08	2.65E-08	2.60E-08	2.35E-08	1.87E-08	2.05E-08	NA	3.40E-08	3.28E-08	4.17E-08	3.05E-08
YER061C	5.31E-07	5.99E-07	5.23E-07	6.28E-07	6.86E-07	6.32E-07	4.93E-07	5.21E-07	4.06E-07	3.59E-07	3.97E-07	4.18E-07	3.73E-07	4.37E-07	3.41E-07	3.47E-07
YJL207C	NA	NA	NA	NA	NA	NA	NA	NA	NA	NA	NA	NA	NA	NA	NA	NA
YJL204C	NA	NA	NA	NA	NA	NA	NA	NA	NA	NA	NA	NA	NA	NA	NA	NA
YJL200C	4.05E-06	3.53E-06	3.53E-06	4.32E-06	4.37E-06	4.10E-06	2.60E-06	2.51E-06	2.57E-06	2.04E-06	2.00E-06	2.19E-06	5.06E-06	5.00E-06	4.92E-06	4.42E-06
YJL197W	NA	1.02E-08	NA	NA	NA	NA	6.59E-09	NA	NA	NA	NA	NA	NA	9.82E-09	NA	1.39E-08
YJL192C	1.86E-07	1.54E-07	1.89E-07	2.57E-07	2.36E-07	2.41E-07	1.58E-07	1.52E-07	1.52E-07	1.39E-07	1.33E-07	1.23E-07	1.40E-07	1.10E-07	1.10E-07	1.10E-07
YGR234W	2.72E-05	2.24E-05	1.73E-05	1.50E-05	1.65E-05	1.66E-05	1.26E-05	1.14E-05	1.17E-05	7.20E-06	7.21E-06	7.60E-06	3.02E-05	2.87E-05	3.52E-05	3.29E-05
YJL102W	NA	3.35E-08	NA	2.52E-08	2.76E-08	NA	1.41E-08	NA	NA	NA	NA	1.49E-08	NA	NA	NA	4.31E-08
YDL056W	NA	NA	NA	NA	NA	NA	NA	NA	NA	2.71E-08	NA	NA	NA	NA	NA	NA
YOR209C	1.94E-06	2.00E-06	1.86E-06	1.78E-06	1.76E-06	1.90E-06	1.24E-06	1.27E-06	1.28E-06	1.05E-06	1.07E-06	1.10E-06	1.34E-06	1.45E-06	1.47E-06	1.46E-06
YMR129W	1.41E-07	1.17E-07	1.58E-07	2.14E-07	1.86E-07	1.90E-07	1.09E-07	1.37E-07	1.33E-07	9.50E-08	9.62E-08	1.02E-07	8.00E-08	6.96E-08	9.72E-08	1.14E-07
YFR030W	3.30E-06	2.99E-06	2.95E-06	3.97E-06	3.78E-06	3.73E-06	2.62E-06	2.58E-06	2.67E-06	1.97E-06	2.00E-06	2.21E-06	4.54E-06	4.18E-06	4.51E-06	5.20E-06
YAR002W	2.21E-07	2.09E-07	2.01E-07	2.75E-07	2.90E-07	2.77E-07	2.01E-07	1.71E-07	1.68E-07	1.36E-07	1.85E-07	1.61E-07	1.52E-07	1.19E-07	1.38E-07	1.63E-07
YAL062W	6.77E-08	7.60E-08	6.89E-08	4.48E-07	4.23E-07	4.58E-07	6.84E-08	7.27E-08	6.45E-08	3.90E-08	3.89E-08	3.56E-08	6.04E-07	1.55E-08	2.35E-08	2.47E-08
YAL061W	NA	NA	NA	NA	NA	NA	NA	NA	NA	NA	NA	NA	NA	NA	NA	NA
YAL060W	1.36E-05	1.29E-05	1.42E-05	6.07E-06	6.00E-06	5.85E-06	2.68E-06	2.81E-06	2.84E-06	2.01E-06	2.12E-06	2.24E-06	6.58E-06	6.40E-06	6.44E-06	6.10E-06
YAL059W	3.31E-07	3.02E-07	2.50E-07	2.59E-07	2.26E-07	2.77E-07	1.38E-07	1.34E-07	1.30E-07	1.04E-07	1.15E-07	1.10E-07	2.47E-07	2.42E-07	2.30E-07	2.42E-07
YAL053W	NA	NA	3.70E-08	5.79E-08	6.16E-08	NA	3.53E-08	3.36E-08	3.51E-08	2.48E-08	NA	2.88E-08	1.82E-08	1.52E-08	NA	4.23E-08
YAL051W	NA	NA	NA	NA	NA	NA	NA	NA	NA	NA	NA	NA	NA	NA	NA	NA
YAL049C	9.68E-07	9.05E-07	1.07E-06	1.32E-06	1.19E-06	1.26E-06	8.47E-07	9.09E-07	9.42E-07	7.68E-07	8.21E-07	9.23E-07	4.64E-07	4.79E-07	5.38E-07	4.83E-07
YAL044C	4.89E-06	4.88E-06	3.83E-06	6.94E-06	8.04E-06	7.41E-06	4.21E-06	4.62E-06	4.56E-06	3.50E-06	3.76E-06	3.71E-06	3.45E-06	3.20E-06	3.36E-06	3.48E-06
YAL042W	4.74E-07	5.28E-07	4.78E-07	7.54E-07	8.68E-07	8.07E-07	4.95E-07	4.84E-07	5.18E-07	4.04E-07	3.76E-07	3.53E-07	5.23E-07	4.88E-07	4.14E-07	4.04E-07
YAL036C	6.94E-07	7.56E-07	6.72E-07	5.85E-07	5.76E-07	6.48E-07	3.46E-07	3.44E-07	3.23E-07	2.90E-07	3.05E-07	2.97E-07	6.89E-07	7.65E-07	6.95E-07	6.63E-07
YAL035W	2.44E-06	2.33E-06	2.42E-06	2.18E-06	2.20E-06	2.21E-06	1.35E-06	1.37E-06	1.38E-06	1.12E-06	1.06E-06	1.13E-06	2.71E-06	2.64E-06	2.63E-06	2.75E-06
YAL034W-A	1.66E-08	NA	2.75E-08	NA	2.40E-08	3.18E-08	NA	1.28E-08	1.44E-08	1.34E-08	NA	NA	1.08E-08	1.61E-08	NA	1.44E-08
YLR292C	2.15E-07	2.36E-07	1.81E-07	2.63E-07	2.42E-07	2.85E-07	1.38E-07	1.45E-07	1.58E-07	1.14E-07	1.41E-07	1.49E-07	1.42E-07	1.23E-07	1.43E-07	1.21E-07
YDR388W	1.14E-06	1.21E-06	1.34E-06	1.43E-06	1.59E-06	1.49E-06	1.03E-06	9.35E-07	1.01E-06	8.12E-07	8.32E-07	9.04E-07	8.13E-07	7.75E-07	8.52E-07	8.67E-07
YOR206W	4.02E-07	3.57E-07	3.65E-07	3.70E-07	3.41E-07	3.59E-07	2.33E-07	2.10E-07	2.10E-07	1.58E-07	1.73E-07	1.95E-07	3.69E-07	3.39E-07	3.70E-07	4.13E-07
YDR484W	2.80E-08	NA	3.27E-08	3.21E-08	3.69E-08	3.53E-08	2.52E-08	2.31E-08	2.66E-08	1.73E-08	1.57E-08	NA	1.83E-08	2.83E-08	NA	1.98E-08
YER017C	3.55E-07	3.34E-07	3.41E-07	3.11E-07	3.45E-07	3.55E-07	2.47E-07	2.71E-07	3.00E-07	1.89E-07	2.12E-07	2.09E-07	2.67E-07	2.57E-07	3.47E-07	4.31E-07
YMR183C	1.15E-06	1.03E-06	1.47E-06	1.64E-06	1.77E-06	1.68E-06	1.04E-06	1.10E-06	1.05E-06	7.89E-07	8.87E-07	9.16E-07	5.87E-07	5.77E-07	7.54E-07	8.72E-07
YGR156W	1.90E-07	2.09E-07	1.73E-07	2.18E-07	9.98E-08	1.87E-07	NA	1.55E-07	7.39E-08	1.12E-07	1.50E-07	6.74E-08	NA	1.12E-07	1.20E-07	NA
YLR025W	9.25E-07	7.83E-07	7.93E-07	8.97E-07	NA	9.83E-07	6.61E-07	6.02E-07	6.53E-07	4.88E-07	5.17E-07	5.83E-07	4.58E-07	NA	NA	3.66E-07
YLR250W	4.95E-07	4.83E-07	4.93E-07	6.22E-07	6.06E-07	6.31E-07	3.74E-07	4.03E-07	3.88E-07	3.17E-07	3.48E-07	3.31E-07	2.14E-07	1.98E-07	2.26E-07	2.19E-07
YGR162W	1.05E-06	9.90E-07	7.97E-07	7.89E-07	8.04E-07	8.73E-07	6.28E-07	6.17E-07	6.03E-07	4.81E-07	4.75E-07	4.96E-07	1.14E-06	1.12E-06	1.13E-06	1.08E-06
YGL049C	2.85E-07	2.65E-07	2.15E-07	2.75E-07	2.73E-07	2.88E-07	1.46E-07	1.49E-07	1.65E-07	1.30E-07	1.21E-07	1.32E-07	2.91E-07	2.99E-07	2.90E-07	3.05E-07
YGL189C	1.81E-05	2.00E-05	1.78E-05	1.71E-05	1.65E-05	1.72E-05	1.00E-05	1.02E-05	1.03E-05	8.87E-06	9.10E-06	9.97E-06	2.05E-05	2.11E-05	1.91E-05	1.93E-05
YER131W	2.89E-06	3.24E-06	2.77E-06	3.04E-06	2.85E-06	3.30E-06	1.72E-06	1.78E-06	1.75E-06	1.34E-06	1.54E-06	1.75E-06	4.43E-06	4.29E-06	3.71E-06	4.11E-06
YER125W	1.08E-06	1.18E-06	1.16E-06	1.37E-06	1.65E-06	1.31E-06	9.67E-07	9.03E-07	9.88E-07	8.24E-07	7.71E-07	7.45E-07	9.63E-07	1.02E-06	1.08E-06	1.01E-06
YER101C	NA	NA	NA	6.27E-07	NA	NA	NA	4.64E-07	NA	NA	2.59E-07	1.62E-07	NA	3.12E-07	NA	2.18E-07
YER154W	NA	4.33E-07	NA	7.29E-07	5.20E-07	NA	NA	NA	5.69E-07	NA	NA	NA	NA	NA	5.12E-07	6.94E-07
YER043C	4.67E-05	4.16E-05	3.55E-05	4.19E-05	4.19E-05	4.25E-05	3.04E-05	2.60E-05	2.71E-05	2.22E-05	1.83E-05	2.00E-05	5.78E-05	5.54E-05	5.66E-05	5.66E-05
YER169W	NA	NA	NA	NA	NA	NA	NA	NA	NA	NA	1.28E-08	NA	NA	NA	NA	NA
YER136W	2.21E-06	2.25E-06	2.22E-06	2.27E-06	2.43E-06	2.30E-06	1.50E-06	1.51E-06	1.60E-06	1.43E-06	1.35E-06	1.44E-06	1.07E-06	1.00E-06	1.08E-06	1.07E-06
YER155C	6.29E-08	8.35E-08	1.19E-07	1.26E-07	1.37E-07	1.61E-07	1.13E-07	1.11E-07	1.02E-07	7.71E-08	9.75E-08	7.86E-08	5.42E-08	6.67E-08	7.74E-08	8.34E-08
YER123W	NA	NA	NA	2.81E-07	9.46E-08	2.99E-07	NA	NA	2.28E-07	NA	1.55E-07	NA	1.29E-07	NA	NA	9.71E-08
YER087W	8.44E-08	7.41E-08	8.52E-08	5.88E-08	7.08E-08	4.65E-08	3.43E-08	3.44E-08	2.98E-08	2.56E-08	NA	2.01E-08	6.25E-08	5.75E-08	5.95E-08	9.59E-08
YER089C	3.92E-07	4.36E-07	3.37E-07	4.77E-07	4.97E-07	4.88E-07	3.45E-07	3.24E-07	3.54E-07	2.84E-07	3.19E-07	3.28E-07	2.90E-07	2.84E-07	2.95E-07	2.87E-07
YEL013W	1.19E-06	1.13E-06	1.18E-06	1.51E-06	1.53E-06	1.51E-06	1.12E-06	1.10E-06	1.22E-06	9.95E-07	9.61E-07	9.53E-07	4.91E-07	4.25E-07	3.93E-07	4.37E-07
YER114C	6.22E-08	6.05E-08	7.04E-08	6.94E-08	7.32E-08	6.17E-08	3.69E-08	5.00E-08	4.99E-08	4.23E-08	6.89E-08	4.41E-08	3.70E-08	4.35E-08	4.91E-08	4.67E-08
YEL071W	2.81E-06	2.72E-06	3.15E-06	1.58E-06	1.58E-06	1.72E-06	8.96E-07	7.51E-07	8.31E-07	7.05E-07	7.59E-07	9.47E-07	5.62E-06	5.79E-06	4.72E-06	5.11E-06
YEL066W	1.39E-06	1.48E-06	1.45E-06	2.75E-06	3.07E-06	3.16E-06	1.73E-06	2.19E-06	2.08E-06	1.99E-06	1.95E-06	2.10E-06	1.26E-06	1.29E-06	1.21E-06	1.39E-06
YEL056W	7.41E-07	4.07E-07	3.42E-07	4.41E-07	3.73E-07	5.22E-07	3.35E-07	3.16E-07	3.74E-07	2.56E-07	3.11E-07	2.34E-07	2.02E-07	2.26E-07	2.37E-07	1.98E-07
YEL055C	4.24E-08	NA	4.37E-08	6.64E-08	3.76E-08	5.41E-08	3.88E-08	2.44E-08	2.45E-08	2.55E-08	1.91E-08	2.02E-08	4.24E-08	4.80E-08	NA	4.91E-08
YEL031W	7.06E-07	6.71E-07	7.97E-07	1.33E-06	1.25E-06	1.32E-06	8.43E-07	7.63E-07	8.27E-07	6.26E-07	6.58E-07	6.89E-07	6.09E-07	5.49E-07	7.00E-07	9.10E-07
YEL029C	5.48E-08	5.48E-08	4.20E-08	NA	4.46E-08	5.78E-08	NA	2.77E-08	2.91E-08	2.57E-08	NA	2.89E-08	3.99E-08	NA	3.39E-08	3.30E-08
YEL026W	1.11E-05	1.28E-05	1.09E-05	7.23E-06	8.04E-06	7.46E-06	4.23E-06	4.25E-06	4.22E-06	3.46E-06	3.65E-06	3.82E-06	9.30E-06	8.55E-06	8.46E-06	9.63E-06
YEL022W	NA	NA	NA	5.27E-08	NA	6.72E-08	3.38E-08	NA	2.44E-08	1.90E-08	2.03E-08	2.11E-08	NA	NA	NA	2.64E-08
YEL020C	NA	6.37E-08	NA	NA	NA	4.02E-08	NA	NA	NA	NA	1.49E-08	NA	NA	NA	NA	NA
YEL018W	1.93E-08	2.56E-08	1.92E-08	2.29E-08	1.72E-08	3.65E-08	1.32E-08	1.87E-08	1.40E-08	1.16E-08	1.33E-08	1.46E-08	2.00E-08	NA	1.34E-08	NA
YEL015W	3.61E-07	2.93E-07	2.96E-07	3.93E-07	3.86E-07	4.04E-07	2.30E-07	2.34E-07	2.30E-07	2.12E-07	2.18E-07	NA	2.68E-07	2.45E-07	2.95E-07	2.41E-07
YEL007W	NA	NA	NA	NA	NA	NA	NA	NA	NA	NA	NA	NA	NA	NA	NA	NA
YEL003W	2.86E-07	3.08E-07	2.57E-07	3.49E-07	3.58E-07	3.50E-07	2.09E-07	2.29E-07	2.34E-07	1.92E-07	2.16E-07	2.05E-07	2.13E-07	1.91E-07	2.08E-07	1.94E-07
YER002W	6.43E-07	6.13E-07	5.38E-07	4.94E-07	4.99E-07	5.14E-07	2.80E-07	2.99E-07	2.67E-07	2.49E-07	2.62E-07	2.83E-07	5.35E-07	5.32E-07	5.81E-07	5.79E-07
YER004W	6.86E-06	7.54E-06	6.90E-06	8.60E-06	8.60E-06	8.60E-06	4.88E-06	4.93E-06	4.45E-06	4.09E-06	4.44E-06	4.20E-06	2.19E-06	2.14E-06	2.45E-06	2.43E-06
YER006W	8.52E-07	8.06E-07	6.93E-07	6.60E-07	6.76E-07	7.00E-07	3.74E-07	3.76E-07	3.60E-07	3.27E-07	3.22E-07	3.62E-07	6.62E-07	6.87E-07	6.63E-07	6.70E-07
YER010C	6.18E-07	6.38E-07	5.72E-07	9.07E-07	9.15E-07	NA	4.92E-07	5.08E-07	4.80E-07	4.10E-07	NA	3.98E-07	1.90E-07	NA	2.50E-07	2.09E-07
YER014W	8.14E-08	NA	1.09E-07	NA	1.40E-07	1.49E-07	7.42E-08	8.31E-08	NA	5.17E-08	NA	6.57E-08	NA	NA	3.97E-08	NA
YER016W	NA	NA	1.15E-07	1.66E-07	NA	NA	1.31E-07	1.27E-07	NA	NA	9.92E-08	NA	9.68E-08	1.14E-07	NA	NA
YER019W	NA	NA	9.73E-08	NA	NA	6.07E-08	NA	7.00E-08	NA	7.16E-08	3.97E-08	4.27E-08	7.18E-08	NA	9.19E-08	NA
YER021W	2.04E-06	1.90E-06	2.29E-06	2.71E-06	2.63E-06	2.74E-06	1.81E-06	1.76E-06	1.73E-06	1.36E-06	1.38E-06	1.50E-06	1.05E-06	9.79E-07	1.21E-06	1.37E-06
YER024W	8.15E-07	7.16E-07	6.46E-07	1.89E-07	1.88E-07	1.89E-07	NA	NA	1.18E-06	NA	NA	NA	1.32E-07	1.33E-07	1.66E-07	1.32E-07
YER029C	2.95E-07	3.78E-07	4.03E-07	4.90E-07	4.31E-07	4.74E-07	3.00E-07	2.92E-07	2.64E-07	2.39E-07	2.37E-07	1.64E-07	2.28E-07	1.86E-07	2.05E-07	2.84E-07
YER030W	4.00E-07	4.36E-07	3.46E-07	3.84E-07	4.10E-07	4.86E-07	2.27E-07	2.34E-07	2.20E-07	1.75E-07	1.86E-07	2.11E-07	1.34E-07	1.31E-07	NA	1.42E-07
YER036C	6.09E-06	6.13E-06	6.07E-06	6.41E-06	6.74E-06	6.58E-06	3.99E-06	4.15E-06	3.94E-06	3.53E-06	3.33E-06	3.32E-06	4.37E-06	4.50E-06	4.50E-06	4.33E-06
YER042W	4.50E-06	4.67E-06	4.72E-06	5.36E-06	5.23E-06	5.21E-06	3.01E-06	3.04E-06	3.11E-06	2.58E-06	3.02E-06	2.87E-06	1.84E-06	1.84E-06	1.95E-06	1.93E-06
YER044C	3.40E-06	2.83E-06	NA	NA	3.34E-06	NA	2.70E-06	1.56E-06	1.83E-06	1.42E-06	1.53E-06	1.62E-06	NA	NA	NA	1.20E-06
YER049W	9.45E-07	9.06E-07	9.24E-07	9.36E-07	9.24E-07	9.13E-07	5.89E-07	5.58E-07	5.82E-07	5.50E-07	5.17E-07	6.08E-07	8.17E-07	8.68E-07	8.02E-07	7.83E-07
YER050C	3.40E-07	3.38E-07	3.08E-07	2.38E-07	2.31E-07	2.90E-07	1.49E-07	1.59E-07	1.60E-07	1.01E-07	1.14E-07	1.32E-07	4.70E-07	4.42E-07	4.32E-07	4.58E-07
YER053C	5.48E-07	2.95E-07	4.54E-07	4.86E-07	4.85E-07	4.47E-07	6.15E-07	6.52E-07	6.81E-07	4.31E-07	4.29E-07	4.01E-07	5.97E-07	5.00E-07	5.84E-07	7.35E-07
YER057C	1.09E-05	1.11E-05	9.88E-06	1.49E-05	1.51E-05	1.68E-05	9.96E-06	1.02E-05	9.75E-06	8.47E-06	1.01E-05	9.54E-06	5.08E-06	4.70E-06	5.39E-06	5.05E-06
YER059W	NA	NA	NA	NA	NA	NA	NA	NA	NA	NA	NA	NA	NA	NA	NA	NA
YER063W	1.41E-06	1.24E-06	1.12E-06	1.87E-06	1.78E-06	1.90E-06	1.22E-06	1.21E-06	1.13E-06	1.09E-06	1.07E-06	1.14E-06	7.53E-07	7.85E-07	8.61E-07	7.56E-07
YER067W	2.53E-06	2.40E-06	3.47E-06	6.60E-07	6.14E-07	6.93E-07	3.39E-07	2.54E-07	2.49E-07	1.89E-07	1.34E-07	1.98E-07	1.08E-06	1.05E-06	1.19E-06	1.12E-06
YER071C	NA	1.59E-07	1.12E-07	9.86E-08	1.08E-07	9.90E-08	8.83E-08	8.50E-08	7.16E-08	5.85E-08	6.41E-08	6.73E-08	5.80E-08	4.63E-08	6.16E-08	5.86E-08
YER072W	9.96E-07	7.04E-07	1.04E-06	3.02E-06	2.78E-06	2.93E-06	2.91E-06	2.81E-06	2.73E-06	2.11E-06	2.65E-06	2.62E-06	1.23E-06	1.01E-06	1.47E-06	1.55E-06
YER073W	3.29E-06	3.29E-06	2.92E-06	3.46E-06	3.51E-06	3.53E-06	1.75E-06	1.73E-06	1.71E-06	1.42E-06	1.44E-06	1.49E-06	2.45E-06	2.53E-06	2.39E-06	2.46E-06
YER077C	NA	NA	NA	NA	NA	NA	NA	NA	1.80E-08	NA	1.77E-08	1.36E-08	4.45E-09	1.14E-08	NA	NA
YER078C	1.96E-07	1.95E-07	1.77E-07	2.13E-07	2.08E-07	NA	2.20E-07	1.80E-07	NA	1.26E-07	1.65E-07	1.23E-07	2.49E-07	2.27E-07	2.37E-07	2.29E-07
YER079W	3.13E-07	3.01E-07	2.21E-07	3.53E-07	3.54E-07	3.35E-07	2.06E-07	2.21E-07	1.48E-07	1.42E-07	1.82E-07	1.45E-07	6.49E-08	NA	NA	5.82E-08
YER080W	7.49E-07	6.72E-07	6.70E-07	6.55E-07	5.37E-07	6.76E-07	4.15E-07	3.90E-07	3.87E-07	3.21E-07	2.98E-07	3.27E-07	5.23E-07	4.79E-07	5.53E-07	4.98E-07
YER081W	2.08E-06	1.88E-06	1.66E-06	1.08E-06	1.06E-06	1.10E-06	7.27E-07	7.06E-07	7.77E-07	6.18E-07	4.87E-07	6.16E-07	1.66E-06	1.59E-06	1.70E-06	1.84E-06
YER083C	3.64E-07	3.62E-07	NA	7.12E-07	8.07E-07	NA	4.92E-07	4.97E-07	3.65E-07	3.80E-07	4.49E-07	4.60E-07	3.39E-07	4.27E-07	4.03E-07	5.23E-07
YER092W	5.09E-06	3.85E-06	4.87E-06	4.51E-06	4.31E-06	5.08E-06	3.82E-06	3.53E-06	3.50E-06	2.24E-06	6.37E-07	8.50E-07	2.66E-06	2.23E-06	2.76E-06	2.07E-06
YER105C	4.12E-08	4.99E-08	NA	NA	6.29E-08	NA	NA	2.87E-08	3.04E-08	1.87E-08	NA	2.83E-08	NA	2.16E-08	NA	3.86E-08
YER107C	3.62E-07	3.20E-07	3.53E-07	3.18E-07	3.31E-07	4.31E-07	2.52E-07	2.78E-07	2.35E-07	2.09E-07	2.15E-07	2.36E-07	1.60E-07	1.85E-07	1.80E-07	2.31E-07
YER110C	1.41E-06	1.34E-06	1.64E-06	1.83E-06	1.80E-06	1.87E-06	1.14E-06	1.17E-06	1.14E-06	8.43E-07	9.29E-07	1.04E-06	1.52E-06	1.43E-06	1.78E-06	2.17E-06
YER112W	2.38E-06	2.40E-06	2.37E-06	2.60E-06	2.48E-06	2.71E-06	1.40E-06	1.63E-06	1.52E-06	1.29E-06	1.38E-06	1.58E-06	1.20E-06	1.25E-06	1.28E-06	1.25E-06
YER120W	1.62E-06	1.60E-06	1.97E-06	2.47E-06	2.48E-06	2.52E-06	1.74E-06	1.84E-06	1.91E-06	1.45E-06	1.46E-06	1.59E-06	1.01E-06	9.22E-07	1.21E-06	1.36E-06
YER126C	3.33E-07	3.17E-07	2.53E-07	3.32E-07	3.13E-07	3.05E-07	1.98E-07	2.07E-07	1.97E-07	1.56E-07	1.86E-07	1.83E-07	3.47E-07	3.49E-07	3.33E-07	3.36E-07
YER127W	5.94E-08	NA	NA	5.16E-08	NA	5.01E-08	2.64E-08	2.99E-08	NA	2.95E-08	NA	NA	NA	5.59E-08	NA	NA
YER128W	9.68E-08	1.15E-07	8.33E-08	1.19E-07	1.03E-07	1.16E-07	NA	NA	6.62E-08	5.49E-08	6.28E-08	5.38E-08	4.23E-08	4.23E-08	5.29E-08	4.73E-08
YER134C	7.10E-07	7.14E-07	6.83E-07	7.03E-07	8.16E-07	7.26E-07	5.22E-07	5.25E-07	4.62E-07	4.09E-07	2.38E-07	5.01E-07	3.99E-07	5.19E-07	5.32E-07	4.91E-07
YER139C	NA	1.78E-08	2.95E-08	3.02E-08	2.69E-08	NA	NA	2.44E-08	NA	1.32E-08	NA	1.77E-08	NA	1.21E-08	NA	1.33E-08
YER141W	2.32E-07	1.62E-07	2.93E-07	2.03E-07	2.02E-07	2.38E-07	NA	1.67E-07	1.61E-07	9.97E-08	1.19E-07	1.58E-07	1.39E-07	1.35E-07	2.27E-07	2.60E-07
YER143W	2.74E-06	2.99E-06	2.68E-06	3.14E-06	3.40E-06	3.17E-06	1.93E-06	2.01E-06	2.00E-06	1.68E-06	1.72E-06	1.60E-06	9.12E-07	1.03E-06	1.08E-06	1.09E-06
YER145C	NA	NA	NA	NA	NA	NA	NA	NA	NA	NA	NA	NA	NA	9.97E-07	NA	1.70E-06
YER156C	1.31E-06	1.33E-06	1.07E-06	1.16E-06	1.24E-06	1.34E-06	7.78E-07	7.54E-07	7.83E-07	6.08E-07	6.75E-07	7.37E-07	1.05E-06	1.07E-06	1.04E-06	9.91E-07
YER157W	NA	NA	9.88E-08	4.32E-08	5.98E-08	NA	5.00E-08	6.97E-08	NA	NA	2.22E-08	NA	3.23E-08	NA	NA	NA
YER159C	8.94E-08	8.89E-08	9.25E-08	7.79E-08	7.95E-08	9.38E-08	5.16E-08	5.18E-08	4.96E-08	4.29E-08	4.63E-08	4.78E-08	4.92E-08	4.93E-08	5.15E-08	4.74E-08
YER182W	6.20E-07	6.17E-07	6.12E-07	5.26E-07	4.99E-07	5.30E-07	2.96E-07	3.03E-07	2.95E-07	2.19E-07	2.33E-07	2.37E-07	3.33E-07	3.17E-07	3.89E-07	3.51E-07
YER062C	1.37E-06	1.42E-06	1.05E-06	2.61E-06	2.63E-06	2.88E-06	3.08E-06	3.77E-06	3.40E-06	3.11E-06	3.26E-06	2.84E-06	1.01E-06	9.95E-07	8.54E-07	9.12E-07
YNL209W	5.36E-07	5.59E-07	5.24E-07	5.28E-07	5.58E-07	5.31E-07	3.49E-07	3.16E-07	3.14E-07	2.82E-07	2.78E-07	3.20E-07	7.18E-07	7.17E-07	6.55E-07	6.69E-07
YNL215W	3.64E-08	4.46E-08	3.74E-08	4.24E-08	3.56E-08	4.20E-08	2.68E-08	2.74E-08	2.53E-08	1.47E-08	2.81E-08	2.43E-08	1.89E-08	2.56E-08	2.02E-08	2.75E-08
YNL212W	2.29E-07	1.83E-07	1.80E-07	2.27E-07	2.50E-07	2.28E-07	1.64E-07	1.24E-07	1.31E-07	1.20E-07	1.24E-07	1.07E-07	1.49E-07	1.73E-07	1.53E-07	1.81E-07
YNL208W	1.15E-05	1.27E-05	1.25E-05	1.13E-05	1.12E-05	1.22E-05	7.06E-06	6.76E-06	6.23E-06	4.99E-06	5.75E-06	5.79E-06	3.22E-06	2.95E-06	3.34E-06	2.96E-06
YNL207W	7.12E-08	6.69E-08	6.03E-08	6.93E-08	6.47E-08	6.60E-08	3.46E-08	NA	4.14E-08	NA	2.48E-08	2.63E-08	4.69E-08	3.75E-08	5.41E-08	5.48E-08
YNL206C	1.43E-08	1.81E-08	1.47E-08	1.70E-08	2.42E-08	1.71E-08	1.62E-08	1.69E-08	1.72E-08	1.10E-08	1.45E-08	1.54E-08	1.61E-08	1.47E-08	1.53E-08	1.49E-08
YNL201C	NA	NA	NA	NA	NA	NA	NA	7.43E-09	NA	NA	NA	3.54E-09	NA	NA	NA	NA
YNL200C	8.59E-07	9.51E-07	1.33E-06	1.08E-06	9.63E-07	1.05E-06	5.40E-07	5.83E-07	5.64E-07	4.12E-07	4.17E-07	4.20E-07	1.62E-07	1.41E-07	1.92E-07	1.56E-07
YNL195C	1.21E-07	1.48E-07	2.27E-07	9.11E-08	7.88E-08	7.96E-08	2.41E-08	3.89E-08	1.07E-08	1.70E-08	2.73E-08	1.65E-08	NA	NA	NA	4.90E-09
YNL194C	NA	NA	5.83E-08	NA	NA	NA	NA	NA	NA	NA	NA	NA	NA	NA	NA	NA
YIL051C	1.10E-05	1.13E-05	1.29E-05	9.86E-06	1.03E-05	1.02E-05	7.45E-06	7.53E-06	7.51E-06	5.81E-06	6.10E-06	6.09E-06	8.92E-06	8.71E-06	8.22E-06	8.23E-06
YIL057C	4.69E-07	5.93E-07	5.60E-07	4.02E-08	NA	3.79E-08	NA	NA	NA	NA	NA	NA	NA	3.26E-08	NA	NA
YMR038C	1.53E-06	1.25E-06	1.26E-06	1.83E-06	1.88E-06	1.93E-06	1.20E-06	1.20E-06	1.20E-06	9.46E-07	1.14E-06	1.20E-06	9.46E-07	9.39E-07	9.51E-07	8.67E-07
YFL017W-A	9.02E-08	1.49E-07	1.05E-07	1.59E-07	1.43E-07	1.46E-07	6.80E-08	6.90E-08	NA	5.40E-08	6.09E-08	5.88E-08	5.25E-08	NA	NA	NA
YMR134W	3.99E-07	3.30E-07	3.83E-07	3.67E-07	3.82E-07	4.27E-07	3.65E-07	4.07E-07	4.20E-07	2.55E-07	2.82E-07	3.03E-07	3.04E-07	2.61E-07	2.87E-07	3.15E-07
YMR135C	9.80E-08	9.17E-08	1.06E-07	7.92E-08	8.14E-08	8.39E-08	5.83E-08	8.52E-08	5.15E-08	5.84E-08	4.78E-08	4.25E-08	NA	4.56E-08	4.18E-08	3.68E-08
YMR140W	1.13E-07	1.26E-07	1.04E-07	1.12E-07	1.22E-07	1.17E-07	8.72E-08	8.99E-08	9.01E-08	7.89E-08	8.93E-08	8.09E-08	4.88E-08	4.71E-08	5.68E-08	5.25E-08
YMR142C	4.80E-05	5.29E-05	4.52E-05	4.53E-05	4.68E-05	4.96E-05	2.82E-05	2.78E-05	2.83E-05	2.29E-05	2.49E-05	2.56E-05	5.56E-05	5.35E-05	5.46E-05	5.61E-05
YMR145C	4.05E-06	4.17E-06	3.67E-06	2.69E-06	2.68E-06	2.79E-06	2.76E-06	2.67E-06	2.75E-06	2.21E-06	2.21E-06	2.39E-06	4.15E-06	3.67E-06	3.89E-06	4.60E-06
YMR146C	2.11E-06	2.09E-06	1.79E-06	1.72E-06	1.67E-06	1.87E-06	1.10E-06	1.10E-06	1.13E-06	8.97E-07	9.94E-07	1.00E-06	1.70E-06	1.71E-06	1.75E-06	1.67E-06
YMR148W	1.27E-07	NA	NA	2.60E-07	NA	NA	1.05E-07	3.36E-08	1.01E-07	3.86E-08	NA	NA	NA	NA	NA	NA
YMR314W	7.22E-06	7.92E-06	7.66E-06	8.16E-06	8.39E-06	8.84E-06	5.55E-06	5.48E-06	5.23E-06	4.44E-06	4.75E-06	4.99E-06	3.49E-06	3.66E-06	3.73E-06	3.78E-06
YOL038W	2.82E-06	3.00E-06	3.03E-06	3.41E-06	3.42E-06	3.53E-06	2.16E-06	2.15E-06	2.12E-06	1.77E-06	1.89E-06	1.93E-06	1.46E-06	1.39E-06	1.56E-06	1.44E-06
YNL111C	8.84E-07	8.62E-07	7.75E-07	8.18E-07	8.03E-07	7.76E-07	6.01E-07	6.74E-07	6.29E-07	5.03E-07	5.26E-07	4.86E-07	4.20E-07	3.75E-07	4.23E-07	4.58E-07
YDR006C	1.07E-08	1.15E-08	1.16E-08	1.05E-08	1.09E-08	1.11E-08	6.12E-09	6.33E-09	NA	4.30E-09	4.47E-09	5.88E-09	NA	1.33E-08	NA	1.37E-08
YIL030C	NA	1.59E-08	2.09E-08	1.74E-08	2.12E-08	NA	NA	NA	2.01E-08	NA	NA	NA	NA	2.39E-08	1.80E-08	NA
YLR372W	1.23E-07	NA	NA	2.30E-07	NA	NA	NA	NA	1.56E-07	1.24E-07	9.93E-08	1.66E-07	NA	NA	NA	3.34E-07
YDL007W	2.35E-06	2.46E-06	2.31E-06	2.22E-06	2.41E-06	2.35E-06	1.51E-06	1.57E-06	1.56E-06	1.29E-06	1.35E-06	1.44E-06	1.24E-06	1.20E-06	1.23E-06	1.16E-06
YPL074W	NA	NA	NA	NA	NA	NA	NA	NA	NA	NA	NA	NA	NA	NA	NA	NA
YJL053W	2.60E-07	2.36E-07	2.52E-07	3.28E-07	3.81E-07	3.44E-07	2.01E-07	2.23E-07	2.01E-07	2.14E-07	1.84E-07	1.57E-07	1.23E-07	9.88E-08	1.16E-07	1.32E-07
YOL094C	5.68E-07	1.25E-07	1.13E-07	1.48E-07	1.35E-07	1.43E-07	7.94E-08	1.04E-07	8.15E-08	7.73E-08	8.58E-08	6.64E-08	7.70E-08	8.66E-08	8.47E-08	6.80E-08
YGR270W	2.10E-08	1.41E-08	NA	NA	1.81E-08	NA	NA	NA	1.51E-08	1.42E-08	1.67E-08	9.37E-09	1.24E-08	NA	1.93E-08	NA
YMR089C	2.40E-07	2.08E-07	2.35E-07	2.83E-07	2.66E-07	2.84E-07	2.03E-07	1.93E-07	2.13E-07	1.27E-07	1.43E-07	1.76E-07	2.39E-07	2.06E-07	3.27E-07	3.53E-07
YNR006W	1.86E-08	2.58E-08	2.14E-08	2.71E-08	2.14E-08	2.44E-08	2.02E-08	1.97E-08	1.76E-08	1.43E-08	1.71E-08	1.58E-08	1.08E-08	8.28E-09	1.23E-08	NA
YNR007C	4.88E-08	4.69E-08	5.04E-08	NA	4.13E-08	NA	3.29E-08	NA	NA	2.12E-08	2.70E-08	2.62E-08	1.69E-08	1.63E-08	2.27E-08	NA
YNR008W	NA	NA	NA	NA	NA	NA	NA	NA	NA	NA	NA	NA	NA	NA	NA	NA
YPR073C	4.68E-07	4.81E-07	4.87E-07	4.60E-07	4.96E-07	5.31E-07	3.35E-07	3.69E-07	3.64E-07	2.98E-07	3.16E-07	3.53E-07	4.87E-07	5.46E-07	5.18E-07	5.23E-07
YJR068W	NA	3.04E-07	NA	3.44E-07	3.36E-07	NA	NA	1.59E-07	NA	1.57E-07	1.62E-07	1.83E-07	1.51E-07	NA	NA	NA
YJR062C	NA	1.87E-08	3.83E-08	NA	1.82E-08	NA	NA	NA	NA	8.61E-09	1.07E-08	9.69E-09	NA	NA	NA	2.35E-08
YGR009C	2.45E-07	2.58E-07	2.83E-07	1.96E-07	3.15E-07	2.49E-07	1.05E-07	1.60E-07	2.19E-07	1.85E-07	9.93E-08	1.33E-07	1.82E-07	1.73E-07	1.88E-07	1.51E-07
YJL071W	6.53E-08	7.58E-08	6.71E-08	5.85E-08	5.55E-08	6.44E-08	2.97E-08	3.28E-08	3.06E-08	2.92E-08	2.59E-08	3.01E-08	5.18E-08	5.72E-08	3.57E-08	NA
YJL069C	1.72E-07	2.20E-07	1.84E-07	1.75E-07	1.80E-07	1.80E-07	9.30E-08	NA	7.64E-08	7.92E-08	7.42E-08	NA	2.51E-07	2.46E-07	1.93E-07	2.39E-07
YJL068C	8.96E-07	9.61E-07	9.44E-07	8.82E-07	9.06E-07	8.96E-07	5.69E-07	5.61E-07	5.98E-07	4.66E-07	4.76E-07	5.02E-07	3.52E-07	3.52E-07	3.95E-07	3.57E-07
YJL066C	1.07E-06	1.18E-06	1.18E-06	7.48E-07	6.91E-07	7.68E-07	4.69E-07	4.63E-07	4.28E-07	3.34E-07	3.45E-07	3.70E-07	4.81E-07	4.66E-07	6.06E-07	5.31E-07
YJL061W	1.11E-07	9.61E-08	1.20E-07	1.59E-07	1.43E-07	2.10E-07	9.63E-08	8.90E-08	9.38E-08	8.58E-08	7.65E-08	7.81E-08	9.93E-08	8.75E-08	1.01E-07	NA
YLR039C	NA	6.99E-09	8.60E-09	1.22E-08	1.50E-08	1.27E-08	4.37E-09	4.88E-09	1.23E-08	3.12E-09	5.11E-09	5.13E-09	NA	5.46E-09	3.92E-09	9.09E-09
YJR064W	2.72E-06	2.52E-06	2.72E-06	2.38E-06	2.44E-06	2.48E-06	1.51E-06	1.50E-06	1.51E-06	1.27E-06	1.27E-06	1.38E-06	2.02E-06	2.00E-06	2.05E-06	1.95E-06
YIL138C	9.93E-08	1.08E-07	1.14E-07	8.36E-08	9.06E-08	9.58E-08	4.41E-08	4.91E-08	4.76E-08	3.70E-08	4.36E-08	4.32E-08	3.56E-08	3.65E-08	4.06E-08	3.93E-08
YHR143W-A	7.69E-07	8.19E-07	8.27E-07	6.82E-07	8.12E-07	7.29E-07	3.84E-07	4.52E-07	3.86E-07	3.30E-07	3.76E-07	3.73E-07	6.00E-07	6.81E-07	6.44E-07	5.61E-07
YIL107C	NA	NA	NA	NA	NA	NA	NA	NA	NA	NA	NA	NA	NA	NA	NA	1.27E-08
YIL157C	5.33E-07	6.64E-07	4.78E-07	3.75E-07	3.83E-07	4.07E-07	2.23E-07	2.10E-07	2.30E-07	1.52E-07	1.76E-07	1.95E-07	4.44E-07	3.32E-07	3.74E-07	3.58E-07
YIL149C	3.18E-08	NA	NA	NA	NA	NA	NA	2.32E-08	NA	1.47E-08	2.35E-08	2.91E-08	NA	1.85E-08	3.40E-08	1.82E-08
YIL145C	2.28E-07	2.34E-07	2.14E-07	1.85E-07	2.25E-07	1.69E-07	9.08E-08	9.49E-08	8.54E-08	8.21E-08	8.19E-08	7.86E-08	1.47E-07	1.41E-07	1.31E-07	NA
YIL137C	2.30E-07	2.35E-07	1.94E-07	2.37E-07	2.27E-07	2.16E-07	2.03E-07	1.88E-07	2.03E-07	1.59E-07	1.56E-07	1.80E-07	2.59E-07	2.61E-07	2.33E-07	2.79E-07
YIL135C	NA	NA	NA	NA	NA	NA	NA	3.81E-08	4.64E-08	NA	2.55E-08	NA	1.50E-08	NA	1.58E-08	NA
YIL131C	6.01E-08	NA	7.64E-08	1.11E-07	NA	1.19E-07	4.94E-08	NA	6.57E-08	5.96E-08	4.75E-08	6.04E-08	1.17E-07	9.77E-08	9.11E-08	NA
YIL130W	NA	5.19E-08	5.82E-08	1.09E-07	1.06E-07	7.86E-08	5.92E-08	3.46E-08	6.68E-08	4.47E-08	3.82E-08	1.07E-08	NA	NA	NA	4.28E-08
YIL129C	NA	NA	NA	2.93E-09	NA	9.10E-09	NA	NA	NA	NA	NA	NA	8.21E-11	7.86E-11	NA	NA
YIL128W	9.31E-08	9.15E-08	9.46E-08	9.08E-08	6.69E-08	1.09E-07	5.60E-08	6.42E-08	5.89E-08	NA	3.19E-08	6.24E-08	6.19E-08	4.72E-08	6.49E-08	7.47E-08
YIL127C	2.39E-08	2.52E-08	2.83E-08	NA	NA	1.84E-08	NA	1.06E-08	1.03E-08	8.30E-09	1.18E-08	1.23E-08	2.56E-08	3.02E-08	2.44E-08	2.51E-08
YIL124W	1.88E-06	1.93E-06	2.16E-06	4.00E-06	3.42E-06	4.42E-06	1.63E-06	1.49E-06	1.61E-06	1.46E-06	1.20E-06	1.09E-06	3.87E-07	4.11E-07	5.49E-07	4.09E-07
YIL115C	1.70E-07	1.57E-07	1.50E-07	2.19E-07	2.37E-07	1.77E-07	1.20E-07	1.12E-07	1.19E-07	8.76E-08	1.05E-07	9.00E-08	1.01E-07	9.83E-08	1.05E-07	1.08E-07
YIL112W	NA	NA	NA	NA	NA	NA	NA	NA	NA	1.94E-08	1.73E-08	NA	NA	NA	NA	1.53E-08
YIL110W	7.64E-08	6.25E-08	5.38E-08	NA	5.66E-08	5.53E-08	3.73E-08	3.53E-08	3.52E-08	3.62E-08	3.28E-08	3.62E-08	4.76E-08	NA	NA	3.95E-08
YIL109C	3.66E-06	3.61E-06	4.10E-06	3.96E-06	4.00E-06	4.01E-06	2.44E-06	2.50E-06	2.50E-06	1.96E-06	1.99E-06	2.25E-06	3.17E-06	3.15E-06	3.19E-06	3.52E-06
YIL108W	3.52E-07	3.58E-07	3.72E-07	3.10E-07	2.84E-07	3.42E-07	1.77E-07	1.96E-07	1.90E-07	1.67E-07	1.43E-07	1.50E-07	1.69E-07	1.57E-07	1.90E-07	2.04E-07
YIL106W	NA	2.02E-07	NA	3.25E-07	2.73E-07	3.89E-07	1.95E-07	2.26E-07	1.74E-07	1.31E-07	1.28E-07	NA	2.07E-07	NA	1.56E-07	NA
YIL105C	5.46E-07	5.30E-07	5.55E-07	5.64E-07	6.08E-07	6.80E-07	4.24E-07	4.07E-07	4.46E-07	3.58E-07	3.08E-07	3.24E-07	2.44E-07	2.27E-07	3.14E-07	2.63E-07
YIL098C	2.33E-07	2.35E-07	2.05E-07	2.14E-07	1.77E-07	2.33E-07	1.73E-07	1.32E-07	1.45E-07	1.01E-07	1.23E-07	1.16E-07	3.39E-07	2.85E-07	3.13E-07	3.25E-07
YIL097W	1.94E-07	1.67E-07	1.67E-07	NA	1.54E-07	1.54E-07	9.76E-08	1.03E-07	8.07E-08	NA	7.75E-08	9.15E-08	NA	NA	6.24E-08	6.46E-08
YIL094C	1.05E-05	1.09E-05	8.83E-06	7.81E-06	7.56E-06	7.74E-06	4.41E-06	4.17E-06	4.24E-06	3.53E-06	3.46E-06	3.88E-06	8.65E-06	8.40E-06	8.26E-06	8.29E-06
YIL093C	4.99E-07	4.94E-07	4.05E-07	3.09E-07	2.32E-07	4.10E-07	1.85E-07	1.87E-07	1.97E-07	1.19E-07	1.34E-07	1.52E-07	8.04E-07	7.68E-07	7.71E-07	7.36E-07
YIL091C	3.28E-07	3.27E-07	2.94E-07	2.65E-07	2.43E-07	2.04E-07	1.54E-07	1.32E-07	1.23E-07	1.29E-07	1.10E-07	1.21E-07	2.53E-07	2.59E-07	2.46E-07	2.74E-07
YIL084C	NA	1.08E-07	NA	1.51E-07	1.08E-07	NA	NA	NA	NA	7.61E-08	NA	NA	NA	NA	NA	5.15E-08
YIL083C	5.47E-07	5.20E-07	4.88E-07	4.42E-07	4.50E-07	4.43E-07	1.94E-07	1.97E-07	1.83E-07	1.48E-07	1.40E-07	1.57E-07	2.69E-07	2.60E-07	3.05E-07	3.04E-07
YIL076W	5.04E-07	4.61E-07	4.01E-07	4.20E-07	4.34E-07	4.43E-07	2.60E-07	2.49E-07	2.37E-07	2.10E-07	2.14E-07	2.16E-07	2.70E-07	2.98E-07	3.01E-07	3.07E-07
YIL074C	5.35E-06	4.92E-06	4.85E-06	4.11E-06	4.50E-06	4.42E-06	2.90E-06	2.88E-06	2.95E-06	2.35E-06	2.31E-06	2.34E-06	5.06E-06	5.14E-06	4.73E-06	4.90E-06
YIL070C	4.25E-07	4.22E-07	4.01E-07	3.12E-07	3.17E-07	3.29E-07	2.12E-07	2.14E-07	2.07E-07	1.30E-07	1.43E-07	1.65E-07	5.20E-07	4.77E-07	5.32E-07	5.00E-07
YIL065C	3.24E-06	3.24E-06	3.43E-06	2.81E-06	2.76E-06	2.95E-06	2.00E-06	1.87E-06	1.93E-06	1.43E-06	1.54E-06	1.56E-06	2.16E-06	2.02E-06	2.57E-06	2.26E-06
YIL064W	NA	NA	NA	NA	NA	NA	NA	NA	NA	NA	NA	NA	NA	NA	NA	8.36E-08
YIL063C	3.23E-07	3.16E-07	3.21E-07	3.76E-07	3.64E-07	3.58E-07	2.24E-07	2.39E-07	2.32E-07	1.98E-07	2.12E-07	2.10E-07	1.16E-07	1.05E-07	1.32E-07	1.32E-07
YIL062C	1.91E-06	2.05E-06	2.09E-06	2.31E-06	1.98E-06	2.38E-06	1.33E-06	1.39E-06	1.54E-06	1.17E-06	1.25E-06	1.20E-06	9.31E-07	9.12E-07	9.90E-07	8.53E-07
YIL055C	NA	1.08E-07	NA	9.82E-08	NA	NA	NA	5.15E-08	NA	3.28E-08	3.46E-08	NA	NA	2.53E-08	NA	NA
YIL052C	9.28E-06	9.89E-06	9.23E-06	8.29E-06	8.74E-06	8.59E-06	5.16E-06	4.68E-06	4.99E-06	3.82E-06	4.52E-06	4.35E-06	9.53E-06	1.04E-05	1.02E-05	9.82E-06
YIL048W	NA	NA	6.85E-08	8.75E-08	8.48E-08	NA	6.54E-08	6.53E-08	6.83E-08	5.13E-08	6.47E-08	6.43E-08	NA	3.55E-08	3.64E-08	NA
YIL044C	3.59E-07	3.28E-07	2.26E-07	2.94E-07	NA	2.66E-07	1.23E-07	1.30E-07	1.46E-07	1.26E-07	1.12E-07	9.86E-08	2.05E-07	1.82E-07	1.73E-07	1.29E-07
YIL042C	1.65E-07	1.23E-07	1.46E-07	1.30E-07	1.32E-07	1.31E-07	6.86E-08	1.02E-07	6.46E-08	7.42E-08	4.91E-08	6.16E-08	6.92E-08	5.86E-08	6.93E-08	7.60E-08
YIL041W	7.76E-06	7.71E-06	6.36E-06	7.41E-06	7.71E-06	8.21E-06	4.54E-06	4.63E-06	4.49E-06	3.89E-06	4.16E-06	4.34E-06	3.30E-06	3.19E-06	3.69E-06	3.30E-06
YIL039W	NA	2.06E-07	3.21E-07	NA	3.56E-07	5.34E-07	3.65E-07	NA	2.67E-07	2.09E-07	NA	2.23E-07	NA	NA	NA	NA
YIL027C	3.83E-07	1.30E-07	4.54E-07	4.58E-07	5.40E-07	5.68E-07	4.37E-07	3.77E-07	4.02E-07	3.37E-07	3.98E-07	3.24E-07	2.14E-07	1.82E-07	2.68E-07	2.90E-07
YIL026C	2.49E-08	NA	2.34E-08	2.35E-08	3.17E-08	2.73E-08	1.49E-08	1.92E-08	2.30E-08	1.27E-08	NA	NA	1.46E-08	NA	1.49E-08	2.01E-08
YIL020C	4.43E-07	4.49E-07	4.52E-07	4.74E-07	4.65E-07	4.88E-07	3.20E-07	3.17E-07	3.11E-07	2.52E-07	2.63E-07	2.85E-07	2.87E-07	2.69E-07	2.50E-07	2.53E-07
YIL017C	NA	NA	NA	NA	1.40E-08	NA	NA	NA	NA	NA	NA	NA	NA	NA	NA	NA
YIL016W	1.12E-07	1.11E-07	6.49E-08	1.30E-07	1.22E-07	1.07E-07	6.12E-08	7.84E-08	7.78E-08	5.40E-08	5.33E-08	5.89E-08	1.09E-07	9.37E-08	9.32E-08	9.90E-08
YIL010W	4.96E-07	4.25E-07	4.13E-07	7.33E-07	6.08E-07	7.50E-07	4.07E-07	3.81E-07	3.83E-07	3.24E-07	3.57E-07	3.66E-07	2.27E-07	2.61E-07	3.93E-07	2.61E-07
YIL007C	7.83E-07	7.43E-07	8.00E-07	7.83E-07	9.07E-07	8.34E-07	4.82E-07	4.34E-07	4.51E-07	3.39E-07	3.40E-07	4.27E-07	2.04E-07	2.02E-07	2.49E-07	2.08E-07
YIL005W	1.19E-07	1.17E-07	1.26E-07	1.82E-07	1.85E-07	1.84E-07	1.23E-07	1.27E-07	1.23E-07	9.04E-08	9.48E-08	1.04E-07	4.69E-08	4.52E-08	NA	7.65E-08
YIL002C	4.77E-09	NA	NA	8.63E-09	NA	5.76E-09	2.32E-09	NA	3.56E-09	2.71E-09	NA	3.12E-09	NA	NA	NA	NA
YIR001C	8.56E-07	8.05E-07	7.98E-07	6.96E-07	7.69E-07	7.39E-07	4.49E-07	4.30E-07	3.96E-07	3.43E-07	3.79E-07	4.31E-07	5.65E-07	4.64E-07	5.30E-07	5.00E-07
YIR003W	1.42E-07	1.27E-07	1.39E-07	1.20E-07	1.18E-07	1.40E-07	7.46E-08	9.04E-08	8.07E-08	7.02E-08	7.82E-08	7.44E-08	6.02E-08	6.15E-08	7.59E-08	6.11E-08
YIR004W	5.37E-07	5.19E-07	3.94E-07	4.36E-07	4.48E-07	4.41E-07	3.09E-07	3.12E-07	3.16E-07	2.60E-07	2.98E-07	2.82E-07	4.29E-07	3.83E-07	4.25E-07	4.33E-07
YIR007W	NA	NA	NA	2.58E-08	NA	2.83E-08	NA	NA	NA	NA	NA	NA	NA	NA	NA	NA
YIR009W	NA	NA	NA	NA	NA	4.33E-08	NA	NA	NA	1.36E-08	NA	NA	NA	1.56E-08	1.96E-08	NA
YIR024C	4.20E-08	4.89E-08	4.08E-08	4.76E-08	4.27E-08	4.88E-08	2.24E-08	NA	NA	NA	1.85E-08	2.24E-08	NA	2.72E-08	3.52E-08	3.91E-08
YIR035C	4.73E-07	3.49E-07	4.78E-07	4.98E-07	4.94E-07	4.87E-07	4.99E-07	5.33E-07	5.34E-07	4.12E-07	4.97E-07	4.22E-07	1.40E-07	1.40E-07	1.46E-07	1.53E-07
YIR036C	1.57E-06	1.39E-06	1.42E-06	1.56E-06	1.55E-06	1.85E-06	1.03E-06	9.39E-07	1.06E-06	9.08E-07	8.98E-07	8.10E-07	6.33E-07	5.89E-07	6.07E-07	6.25E-07
YIR037W	8.37E-06	8.76E-06	8.76E-06	1.12E-05	1.15E-05	1.21E-05	7.21E-06	6.85E-06	6.79E-06	5.55E-06	5.88E-06	5.63E-06	2.94E-06	2.69E-06	3.19E-06	2.88E-06
YIR038C	5.57E-07	6.36E-07	6.72E-07	8.03E-07	8.24E-07	8.21E-07	3.84E-07	4.09E-07	4.23E-07	3.02E-07	3.32E-07	3.64E-07	1.33E-07	1.36E-07	1.52E-07	1.18E-07
YNL002C	1.04E-06	1.02E-06	8.92E-07	8.99E-07	9.25E-07	9.54E-07	5.86E-07	5.62E-07	5.66E-07	4.36E-07	4.82E-07	5.09E-07	1.15E-06	1.09E-06	1.09E-06	1.07E-06
YNL085W	4.17E-07	3.90E-07	4.87E-07	5.72E-07	5.51E-07	5.28E-07	3.56E-07	3.52E-07	3.92E-07	2.37E-07	2.90E-07	2.74E-07	3.15E-07	2.87E-07	4.24E-07	4.83E-07
YJL096W	6.27E-07	6.64E-07	6.13E-07	4.52E-07	4.71E-07	4.80E-07	2.88E-07	2.94E-07	2.63E-07	1.88E-07	2.19E-07	2.77E-07	1.00E-06	1.01E-06	1.05E-06	9.72E-07
YJL217W	2.05E-06	2.24E-06	2.94E-06	9.68E-07	9.13E-07	1.02E-06	2.82E-07	2.71E-07	2.48E-07	1.68E-07	1.99E-07	1.97E-07	1.19E-06	1.16E-06	1.32E-06	1.21E-06
YJL213W	3.23E-07	3.04E-07	4.48E-07	NA	1.13E-07	1.92E-07	4.24E-07	4.23E-07	4.70E-07	3.98E-07	3.47E-07	3.42E-07	NA	4.64E-07	4.88E-07	3.47E-07
YJL099W	NA	NA	NA	NA	NA	NA	NA	NA	NA	NA	NA	NA	NA	NA	NA	NA
YGL181W	7.73E-07	7.71E-07	7.96E-07	8.87E-07	1.01E-06	9.01E-07	5.58E-07	6.23E-07	5.61E-07	4.30E-07	5.36E-07	5.21E-07	5.38E-07	5.01E-07	5.93E-07	5.26E-07
YGL086W	4.27E-08	4.26E-08	4.10E-08	NA	NA	5.39E-08	4.08E-08	3.54E-08	3.58E-08	3.06E-08	NA	NA	2.74E-08	2.40E-08	2.74E-08	2.10E-08
YJL030W	8.63E-08	8.82E-08	NA	NA	9.25E-08	1.23E-07	6.27E-08	6.54E-08	6.22E-08	4.21E-08	6.47E-08	5.43E-08	3.99E-08	NA	4.79E-08	4.21E-08
YMR004W	1.08E-07	6.65E-08	NA	1.38E-07	1.09E-07	NA	9.60E-08	1.03E-07	9.40E-08	8.26E-08	1.05E-07	NA	6.52E-08	4.87E-08	5.47E-08	4.51E-08
YGR132C	3.24E-06	3.38E-06	2.81E-06	2.66E-06	2.65E-06	2.72E-06	1.50E-06	1.62E-06	1.51E-06	1.15E-06	1.18E-06	1.29E-06	2.58E-06	2.54E-06	2.77E-06	2.64E-06
YDR062W	1.23E-07	7.22E-08	1.46E-07	1.41E-07	1.17E-07	1.50E-07	1.07E-07	8.47E-08	1.10E-07	7.32E-08	6.48E-08	NA	1.03E-07	7.90E-08	1.07E-07	8.73E-08
YGR032W	1.36E-07	1.83E-07	NA	4.69E-07	5.55E-07	4.23E-07	4.12E-07	4.68E-07	4.25E-07	3.33E-07	3.36E-07	3.24E-07	NA	NA	NA	6.18E-08
YDL107W	3.35E-08	NA	NA	NA	NA	NA	NA	NA	1.52E-08	NA	1.31E-08	NA	3.69E-08	NA	NA	NA
YNL061W	1.84E-06	1.78E-06	1.53E-06	1.30E-06	1.34E-06	1.42E-06	7.82E-07	8.30E-07	7.81E-07	6.61E-07	7.10E-07	7.34E-07	1.47E-06	1.49E-06	1.41E-06	1.41E-06
YOR094W	3.78E-07	NA	NA	5.32E-07	4.81E-07	NA	3.82E-07	NA	NA	4.32E-07	NA	3.02E-07	NA	NA	NA	NA
YOR234C	4.29E-05	4.19E-05	4.07E-05	3.98E-05	3.72E-05	3.64E-05	2.06E-05	2.17E-05	2.24E-05	1.81E-05	1.96E-05	1.81E-05	3.41E-05	3.46E-05	3.31E-05	3.41E-05
YLR388W	2.44E-05	2.75E-05	2.74E-05	2.33E-05	2.47E-05	2.00E-05	1.56E-05	1.21E-05	1.23E-05	1.27E-05	1.11E-05	1.10E-05	3.30E-05	3.57E-05	3.13E-05	3.20E-05
YDL061C	2.12E-05	2.35E-05	2.01E-05	2.19E-05	2.25E-05	2.32E-05	1.47E-05	1.19E-05	1.32E-05	1.18E-05	1.30E-05	1.39E-05	2.52E-05	2.32E-05	2.20E-05	2.20E-05
YIL053W	8.13E-06	8.37E-06	6.17E-06	2.06E-05	2.02E-05	2.05E-05	1.71E-05	1.72E-05	1.76E-05	1.60E-05	1.69E-05	1.54E-05	2.51E-06	2.98E-06	2.18E-06	2.14E-06
YPL028W	1.12E-05	1.12E-05	1.13E-05	1.11E-05	1.17E-05	1.17E-05	8.64E-06	8.95E-06	8.77E-06	7.14E-06	7.56E-06	7.46E-06	5.62E-06	5.33E-06	5.81E-06	5.47E-06
YJL002C	6.68E-07	6.98E-07	6.20E-07	1.10E-06	1.22E-06	1.11E-06	7.44E-07	7.14E-07	8.13E-07	5.84E-07	5.85E-07	6.79E-07	6.66E-07	5.61E-07	5.82E-07	6.92E-07
YLR319C	9.30E-08	5.59E-08	8.79E-08	7.99E-08	9.20E-08	1.04E-07	6.11E-08	6.54E-08	5.21E-08	4.92E-08	6.99E-08	5.80E-08	4.48E-08	4.30E-08	6.64E-08	5.00E-08
YOR126C	3.85E-07	4.29E-07	3.83E-07	3.78E-07	3.39E-07	3.69E-07	2.26E-07	2.15E-07	1.98E-07	1.65E-07	1.73E-07	1.88E-07	1.67E-07	1.57E-07	1.63E-07	1.59E-07
YOR125C	NA	1.39E-07	NA	NA	NA	NA	1.08E-07	6.93E-07	6.11E-08	NA	8.90E-07	1.32E-07	NA	NA	8.88E-08	NA
YLR075W	4.50E-05	4.78E-05	4.39E-05	4.46E-05	4.18E-05	4.57E-05	2.56E-05	2.52E-05	2.48E-05	2.14E-05	2.14E-05	2.34E-05	4.95E-05	4.94E-05	4.77E-05	4.71E-05
YPR036W	1.10E-06	1.02E-06	1.25E-06	1.75E-06	1.79E-06	1.73E-06	1.29E-06	1.34E-06	1.36E-06	1.01E-06	1.13E-06	1.24E-06	7.43E-07	7.69E-07	8.52E-07	1.12E-06
YDR238C	9.31E-07	8.49E-07	9.80E-07	1.11E-06	1.22E-06	1.19E-06	7.15E-07	6.58E-07	6.97E-07	5.00E-07	5.72E-07	5.94E-07	5.42E-07	5.40E-07	6.87E-07	8.10E-07
YGL137W	2.25E-06	2.14E-06	2.33E-06	2.13E-06	2.30E-06	2.19E-06	1.41E-06	1.47E-06	1.52E-06	1.23E-06	1.21E-06	1.23E-06	2.16E-06	2.19E-06	2.22E-06	2.20E-06
YNL221C	NA	NA	NA	NA	NA	NA	NA	NA	NA	NA	NA	NA	1.78E-08	NA	NA	NA
YNL062C	1.87E-07	1.89E-07	1.66E-07	2.30E-07	1.80E-07	2.23E-07	1.47E-07	1.04E-07	1.21E-07	1.30E-07	1.01E-07	NA	1.56E-07	1.68E-07	1.42E-07	1.27E-07
YPL171C	NA	8.83E-08	7.06E-08	1.23E-07	9.79E-08	1.32E-07	1.05E-07	8.74E-08	8.61E-08	7.66E-08	8.02E-08	6.77E-08	NA	5.06E-08	3.27E-08	NA
YMR311C	4.35E-07	4.23E-07	4.59E-07	4.16E-07	NA	4.63E-07	2.34E-07	2.66E-07	3.14E-07	2.05E-07	2.35E-07	2.18E-07	2.05E-07	2.02E-07	2.03E-07	2.24E-07
YPL266W	1.83E-07	2.57E-07	1.84E-07	2.16E-07	2.35E-07	2.28E-07	1.26E-07	1.34E-07	NA	1.04E-07	1.22E-07	8.95E-08	2.45E-07	2.60E-07	2.66E-07	2.19E-07
YNL271C	4.50E-09	NA	5.42E-09	7.98E-09	1.00E-08	NA	NA	NA	NA	6.14E-09	NA	6.02E-09	NA	NA	NA	2.93E-09
YOR075W	4.62E-08	4.57E-08	5.16E-08	4.77E-08	4.78E-08	5.48E-08	3.81E-08	3.08E-08	3.30E-08	NA	2.76E-08	2.21E-08	2.20E-08	NA	2.15E-08	NA
YGR186W	2.47E-07	2.40E-07	2.15E-07	2.41E-07	2.40E-07	2.77E-07	2.01E-07	1.81E-07	1.94E-07	1.55E-07	1.53E-07	1.58E-07	1.53E-07	1.43E-07	1.65E-07	1.43E-07
YGR005C	3.42E-07	3.10E-07	3.27E-07	3.57E-07	3.19E-07	3.60E-07	2.09E-07	2.10E-07	1.69E-07	1.50E-07	1.83E-07	1.96E-07	2.13E-07	1.98E-07	2.04E-07	1.74E-07
YJR019C	2.72E-06	2.45E-06	2.27E-06	2.74E-06	2.59E-06	2.92E-06	1.09E-06	1.02E-06	9.38E-07	7.91E-07	7.09E-07	6.74E-07	8.17E-07	7.21E-07	1.07E-06	8.79E-07
YPL147W	NA	NA	NA	6.09E-09	6.23E-09	6.40E-09	NA	NA	NA	NA	NA	NA	NA	4.70E-09	NA	NA
YDR005C	3.73E-08	4.34E-08	5.25E-08	8.28E-08	6.56E-08	4.36E-08	5.00E-08	NA	5.03E-08	NA	3.11E-08	NA	NA	NA	NA	NA
YOL059W	2.62E-06	2.82E-06	2.88E-06	3.59E-06	3.57E-06	3.70E-06	1.35E-06	1.39E-06	1.34E-06	1.06E-06	1.20E-06	1.13E-06	9.12E-07	8.60E-07	9.62E-07	8.39E-07
YDR002W	6.25E-06	6.20E-06	7.47E-06	6.26E-06	6.41E-06	7.04E-06	4.20E-06	3.95E-06	4.19E-06	3.49E-06	3.80E-06	3.91E-06	3.75E-06	3.62E-06	3.38E-06	3.50E-06
YLR174W	1.43E-05	1.43E-05	1.13E-05	6.86E-06	7.31E-06	7.30E-06	1.44E-06	1.57E-06	1.46E-06	4.87E-07	4.68E-07	4.03E-07	1.90E-06	1.54E-06	3.13E-06	2.34E-06
YDL055C	1.29E-05	1.28E-05	1.34E-05	9.81E-06	1.05E-05	1.04E-05	8.74E-06	8.53E-06	9.24E-06	6.95E-06	7.19E-06	8.71E-06	1.09E-05	1.05E-05	1.11E-05	1.03E-05
YNL142W	1.51E-07	1.48E-07	4.59E-08	NA	3.02E-07	NA	1.58E-06	1.76E-06	NA	NA	1.25E-06	NA	3.67E-08	NA	5.08E-08	3.43E-08
YDR195W	1.90E-07	1.91E-07	1.87E-07	2.70E-07	2.19E-07	2.83E-07	1.24E-07	1.51E-07	1.13E-07	1.28E-07	1.26E-07	1.15E-07	1.10E-07	1.07E-07	1.30E-07	1.11E-07
YGR194C	NA	NA	1.82E-07	2.00E-07	1.59E-07	1.69E-07	1.46E-07	1.17E-07	1.35E-07	9.93E-08	1.08E-07	1.11E-07	1.33E-07	1.27E-07	1.65E-07	1.55E-07
YNL327W	NA	5.50E-09	NA	NA	8.02E-09	NA	NA	NA	4.99E-09	NA	NA	NA	NA	5.70E-09	NA	4.74E-09
YNL323W	NA	1.68E-07	2.25E-07	NA	3.65E-07	4.32E-07	2.39E-07	2.34E-07	2.56E-07	1.63E-07	1.48E-07	NA	1.39E-07	1.67E-07	NA	2.07E-07
YNL321W	NA	NA	NA	NA	NA	NA	NA	NA	NA	NA	NA	NA	NA	NA	NA	NA
YNL320W	1.82E-07	1.27E-07	1.42E-07	NA	1.77E-07	NA	NA	1.19E-07	1.11E-07	8.65E-08	1.15E-07	9.29E-08	NA	NA	NA	1.43E-07
YNL313C	2.18E-07	1.76E-07	2.34E-07	2.17E-07	2.18E-07	2.25E-07	1.23E-07	1.32E-07	1.26E-07	8.61E-08	1.03E-07	1.06E-07	1.53E-07	1.38E-07	1.72E-07	2.11E-07
YNL310C	1.93E-07	1.87E-07	2.02E-07	1.43E-07	1.97E-07	1.59E-07	1.13E-07	NA	8.93E-08	7.89E-08	1.18E-07	8.97E-08	1.22E-07	1.13E-07	1.33E-07	1.51E-07
YNL308C	1.26E-07	1.18E-07	1.18E-07	1.08E-07	9.70E-08	1.08E-07	6.10E-08	6.32E-08	6.02E-08	5.01E-08	5.34E-08	6.31E-08	9.39E-08	8.83E-08	9.58E-08	8.76E-08
YNL306W	3.98E-07	4.69E-07	3.63E-07	3.13E-07	3.27E-07	3.67E-07	1.79E-07	2.12E-07	1.73E-07	1.42E-07	1.72E-07	1.64E-07	6.88E-07	6.35E-07	7.06E-07	6.32E-07
YLR139C	2.63E-08	NA	3.05E-08	1.60E-08	NA	2.52E-08	NA	NA	NA	NA	NA	9.68E-09	6.18E-08	9.06E-08	6.41E-08	NA
YGR199W	NA	NA	NA	NA	NA	NA	7.25E-09	4.83E-08	NA	8.22E-09	2.59E-08	8.54E-09	NA	NA	NA	NA
YGR200C	2.58E-07	2.55E-07	2.71E-07	2.28E-07	1.50E-07	NA	1.11E-07	1.42E-07	1.55E-07	1.38E-07	1.20E-07	1.15E-07	2.92E-07	2.93E-07	2.43E-07	3.20E-07
YGR201C	1.23E-07	1.29E-07	2.56E-07	1.42E-07	NA	1.15E-07	4.22E-08	4.70E-08	4.13E-08	NA	NA	3.42E-08	NA	NA	8.96E-08	NA
YGR203W	NA	NA	NA	NA	5.20E-07	NA	NA	NA	NA	NA	1.92E-07	NA	1.09E-07	1.19E-07	NA	2.35E-07
YGR205W	4.09E-06	3.96E-06	3.85E-06	3.43E-06	3.38E-06	3.52E-06	1.44E-06	1.40E-06	1.33E-06	9.53E-07	1.01E-06	1.03E-06	1.12E-06	1.12E-06	1.20E-06	1.07E-06
YGR207C	2.81E-06	2.86E-06	2.47E-06	2.49E-06	2.57E-06	2.69E-06	1.51E-06	1.53E-06	1.47E-06	1.13E-06	1.34E-06	1.40E-06	2.03E-06	2.02E-06	2.14E-06	2.19E-06
YGR208W	8.24E-07	7.95E-07	8.07E-07	8.63E-07	8.65E-07	8.18E-07	5.17E-07	5.09E-07	4.38E-07	4.12E-07	4.51E-07	4.93E-07	5.53E-07	5.12E-07	5.20E-07	5.72E-07
YGR210C	5.25E-07	5.37E-07	5.77E-07	6.80E-07	7.14E-07	7.05E-07	4.90E-07	5.05E-07	4.73E-07	3.74E-07	3.88E-07	4.46E-07	4.45E-07	4.46E-07	4.56E-07	4.34E-07
YJL111W	2.43E-06	2.44E-06	2.43E-06	2.08E-06	2.37E-06	2.35E-06	1.43E-06	1.33E-06	1.34E-06	1.17E-06	1.17E-06	1.27E-06	1.64E-06	1.62E-06	1.79E-06	1.70E-06
YJL109C	6.77E-08	8.00E-08	9.89E-08	8.06E-08	5.91E-08	7.53E-08	4.54E-08	4.41E-08	4.34E-08	2.15E-08	3.44E-08	3.91E-08	7.08E-08	6.24E-08	7.15E-08	9.83E-08
YJL104W	6.24E-07	6.35E-07	5.12E-07	4.23E-07	4.30E-07	4.67E-07	2.42E-07	2.86E-07	2.78E-07	2.26E-07	2.48E-07	2.39E-07	7.97E-07	7.83E-07	7.65E-07	8.85E-07
YDL103C	1.36E-06	1.24E-06	1.53E-06	1.14E-06	1.13E-06	1.13E-06	7.25E-07	7.10E-07	7.02E-07	5.92E-07	6.08E-07	6.56E-07	6.15E-07	5.73E-07	6.48E-07	6.35E-07
YLR015W	1.78E-08	NA	NA	NA	NA	NA	1.46E-08	NA	9.88E-09	9.34E-09	NA	NA	1.21E-08	9.37E-09	8.19E-09	1.25E-08
YLR147C	1.06E-06	1.19E-06	1.01E-06	1.26E-06	1.29E-06	NA	7.74E-07	7.58E-07	7.56E-07	6.66E-07	6.61E-07	7.60E-07	5.73E-07	5.49E-07	6.03E-07	4.54E-07
YFR009W	6.53E-07	6.52E-07	6.93E-07	5.93E-07	6.16E-07	6.55E-07	5.10E-07	4.55E-07	4.50E-07	4.12E-07	3.79E-07	3.34E-07	7.83E-07	7.75E-07	7.48E-07	7.49E-07
YFL049W	NA	NA	NA	NA	NA	NA	NA	NA	NA	NA	NA	NA	NA	NA	NA	NA
YFL048C	4.63E-07	4.80E-07	6.06E-07	7.95E-07	7.90E-07	8.28E-07	5.23E-07	4.97E-07	4.98E-07	4.02E-07	4.05E-07	4.23E-07	2.68E-07	2.43E-07	3.27E-07	4.14E-07
YFL047W	1.34E-07	1.26E-07	1.05E-07	1.44E-07	1.20E-07	NA	NA	5.87E-08	4.99E-08	4.95E-08	5.07E-08	NA	NA	1.08E-07	7.18E-08	8.25E-08
YFL046W	2.51E-07	NA	NA	5.05E-07	NA	NA	NA	NA	NA	NA	NA	NA	1.36E-07	NA	1.01E-07	NA
YFL044C	5.82E-07	5.54E-07	5.87E-07	7.73E-07	6.83E-07	6.62E-07	4.97E-07	4.79E-07	4.86E-07	3.62E-07	3.73E-07	3.36E-07	2.58E-07	2.66E-07	3.13E-07	2.73E-07
YFL041W	2.66E-07	3.09E-07	NA	NA	NA	NA	2.59E-07	NA	NA	NA	NA	NA	2.34E-07	NA	NA	3.13E-07
YFL033C	1.28E-08	NA	NA	1.07E-08	1.34E-08	1.06E-08	NA	8.23E-09	8.91E-09	NA	5.26E-09	5.97E-09	NA	NA	NA	1.10E-08
YFL030W	5.45E-06	5.28E-06	3.96E-06	4.05E-06	4.05E-06	3.82E-06	2.74E-06	2.73E-06	2.72E-06	1.72E-06	1.65E-06	1.59E-06	3.66E-06	3.23E-06	4.79E-06	4.22E-06
YFL028C	4.88E-07	5.12E-07	5.28E-07	5.92E-07	5.69E-07	6.02E-07	3.67E-07	3.86E-07	3.40E-07	2.88E-07	3.27E-07	3.33E-07	3.07E-07	2.98E-07	3.09E-07	2.96E-07
YFL023W	1.80E-08	1.31E-08	1.15E-08	1.53E-08	1.40E-08	1.25E-08	7.77E-09	7.93E-09	8.18E-09	6.45E-09	6.62E-09	5.13E-09	7.74E-09	9.22E-09	1.13E-08	9.98E-09
YFL017C	4.48E-07	4.42E-07	3.06E-07	5.17E-07	6.37E-07	5.69E-07	4.14E-07	3.75E-07	4.37E-07	3.07E-07	3.23E-07	4.27E-07	1.84E-07	2.19E-07	2.80E-07	2.93E-07
YFL013C	NA	NA	NA	1.49E-08	NA	1.29E-08	NA	NA	NA	1.52E-08	NA	9.98E-09	NA	NA	NA	NA
YFL010C	1.72E-07	1.40E-07	NA	2.48E-07	2.92E-07	2.15E-07	1.44E-07	1.14E-07	NA	1.37E-07	NA	NA	NA	NA	NA	8.62E-08
YFL007W	NA	NA	NA	4.52E-08	NA	3.79E-08	2.16E-08	2.18E-08	1.83E-08	1.84E-08	1.78E-08	NA	NA	NA	NA	NA
YFL004W	2.66E-07	1.61E-07	2.32E-07	4.72E-07	4.79E-07	5.60E-07	4.80E-07	4.43E-07	5.60E-07	3.62E-07	3.99E-07	3.50E-07	2.07E-07	1.61E-07	2.01E-07	2.88E-07
YFR001W	1.31E-06	1.38E-06	1.06E-06	1.23E-06	1.14E-06	1.30E-06	7.21E-07	6.72E-07	5.76E-07	4.57E-07	6.24E-07	5.20E-07	7.61E-07	8.33E-07	8.42E-07	8.14E-07
YFR004W	2.75E-06	2.74E-06	2.64E-06	2.84E-06	2.74E-06	2.92E-06	1.84E-06	1.83E-06	1.76E-06	1.53E-06	1.70E-06	1.73E-06	1.28E-06	1.26E-06	1.28E-06	1.26E-06
YFR006W	9.23E-07	8.33E-07	7.14E-07	9.36E-07	9.18E-07	9.19E-07	6.73E-07	7.07E-07	6.31E-07	5.39E-07	5.77E-07	5.62E-07	5.61E-07	3.70E-07	4.81E-07	4.37E-07
YFR010W	1.61E-06	1.56E-06	1.41E-06	1.74E-06	1.66E-06	1.66E-06	1.11E-06	1.06E-06	1.02E-06	8.95E-07	9.20E-07	9.33E-07	6.60E-07	7.78E-07	7.60E-07	7.33E-07
YFR011C	1.28E-06	1.15E-06	1.20E-06	8.11E-07	8.68E-07	9.28E-07	5.40E-07	5.71E-07	5.39E-07	4.15E-07	4.35E-07	4.76E-07	1.14E-06	1.11E-06	1.31E-06	1.17E-06
YFR013W	NA	9.24E-09	NA	NA	NA	NA	NA	1.09E-08	NA	NA	8.14E-09	NA	NA	NA	NA	NA
YFR016C	3.06E-09	NA	3.11E-09	2.90E-09	2.57E-09	NA	2.07E-09	1.93E-09	1.91E-09	1.42E-09	1.72E-09	NA	2.09E-09	2.15E-09	1.91E-09	2.05E-09
YFR017C	1.75E-06	1.62E-06	2.28E-06	1.62E-06	1.59E-06	NA	7.80E-07	7.70E-07	6.39E-07	6.13E-07	5.13E-07	4.97E-07	5.61E-07	4.51E-07	6.42E-07	6.04E-07
YFR024C-A	2.48E-06	2.64E-06	2.48E-06	3.06E-06	2.82E-06	3.18E-06	1.85E-06	1.80E-06	1.75E-06	1.54E-06	1.56E-06	1.58E-06	1.64E-06	1.67E-06	1.75E-06	1.78E-06
YFR029W	4.73E-09	NA	NA	NA	9.16E-09	NA	NA	6.44E-09	NA	4.84E-09	NA	NA	3.78E-09	NA	NA	6.37E-09
YFR037C	6.60E-07	6.61E-07	5.85E-07	6.71E-07	7.89E-07	6.76E-07	5.13E-07	5.21E-07	4.84E-07	4.30E-07	4.32E-07	4.59E-07	4.63E-07	4.49E-07	5.01E-07	4.60E-07
YFR039C	2.55E-08	NA	2.68E-08	3.71E-08	NA	3.28E-08	2.86E-08	2.10E-08	NA	1.76E-08	NA	NA	1.07E-08	NA	1.63E-08	1.27E-08
YFR040W	1.51E-07	1.25E-07	1.12E-07	1.03E-07	8.94E-08	8.48E-08	4.40E-08	4.39E-08	5.32E-08	3.46E-08	4.66E-08	5.45E-08	6.35E-08	6.89E-08	8.47E-08	7.13E-08
YFR041C	1.10E-07	6.49E-08	NA	1.25E-07	7.19E-08	5.86E-08	1.46E-07	3.89E-08	7.68E-08	3.71E-08	7.55E-08	7.44E-08	NA	NA	NA	NA
YFR043C	5.19E-08	NA	3.77E-08	4.12E-08	4.96E-08	NA	2.33E-08	2.37E-08	2.41E-08	1.51E-08	1.67E-08	1.64E-08	2.76E-08	2.53E-08	2.95E-08	NA
YFR044C	8.44E-06	7.80E-06	6.91E-06	9.33E-06	8.51E-06	9.75E-06	7.33E-06	7.41E-06	7.30E-06	6.66E-06	6.35E-06	6.84E-06	5.77E-06	5.32E-06	6.14E-06	6.03E-06
YFR047C	2.56E-06	2.74E-06	2.73E-06	2.52E-06	2.53E-06	2.63E-06	1.59E-06	1.66E-06	1.68E-06	1.33E-06	1.41E-06	1.46E-06	1.48E-06	1.40E-06	1.61E-06	1.51E-06
YFR051C	1.97E-06	2.21E-06	2.01E-06	2.43E-06	2.53E-06	2.44E-06	1.46E-06	1.41E-06	1.51E-06	1.24E-06	1.19E-06	1.36E-06	1.60E-06	1.60E-06	1.60E-06	1.65E-06
YPR001W	1.10E-06	9.98E-07	9.61E-07	7.45E-07	6.42E-07	6.96E-07	NA	NA	NA	7.20E-08	NA	NA	4.42E-08	NA	5.57E-08	NA
YGL065C	1.87E-07	2.69E-07	NA	2.86E-07	2.87E-07	NA	NA	2.13E-07	NA	NA	NA	NA	NA	NA	NA	NA
YJL042W	8.28E-08	1.07E-07	9.60E-08	1.02E-07	1.19E-07	9.89E-08	NA	7.49E-08	8.60E-08	4.85E-08	5.64E-08	6.47E-08	6.01E-08	4.37E-08	7.45E-08	7.77E-08
YGL019W	2.89E-07	3.27E-07	3.04E-07	3.23E-07	3.64E-07	3.37E-07	2.08E-07	2.02E-07	2.06E-07	1.71E-07	1.71E-07	1.67E-07	1.69E-07	1.67E-07	1.92E-07	1.94E-07
YKL006C-A	3.10E-07	NA	NA	NA	NA	NA	NA	NA	NA	NA	NA	NA	NA	NA	5.38E-07	NA
YGL171W	1.42E-07	1.36E-07	1.26E-07	8.88E-08	8.11E-08	9.53E-08	5.27E-08	4.08E-08	4.28E-08	4.41E-08	3.69E-08	5.16E-08	1.86E-07	1.82E-07	1.69E-07	1.88E-07
YJR093C	2.26E-08	2.45E-08	2.42E-08	2.18E-08	2.73E-08	2.36E-08	1.64E-08	1.61E-08	1.41E-08	1.26E-08	1.16E-08	1.40E-08	1.33E-08	1.59E-08	1.31E-08	1.43E-08
YPR129W	5.43E-07	5.76E-07	4.88E-07	5.36E-07	5.51E-07	5.37E-07	2.90E-07	2.91E-07	2.82E-07	2.32E-07	2.65E-07	2.62E-07	3.58E-07	3.21E-07	3.62E-07	3.44E-07
YPL023C	2.97E-07	3.14E-07	3.21E-07	3.24E-07	3.68E-07	3.62E-07	2.45E-07	2.70E-07	2.79E-07	2.25E-07	2.16E-07	2.19E-07	2.75E-07	2.47E-07	2.84E-07	2.73E-07
YOR374W	0.000341032	0.000322524	0.000312175	0.00029542	0.000265175	0.000272273	2.42E-05	2.51E-05	2.40E-05	1.94E-05	1.80E-05	1.96E-05	2.18E-05	1.87E-05	3.12E-05	2.49E-05
YLR048W	1.30E-05	1.55E-05	1.47E-05	1.11E-05	1.68E-05	1.17E-05	9.28E-06	9.08E-06	8.35E-06	8.42E-06	7.64E-06	5.80E-06	1.79E-05	1.87E-05	1.75E-05	1.81E-05
YGL245W	7.79E-06	7.50E-06	7.70E-06	9.40E-06	1.02E-05	9.66E-06	6.91E-06	6.99E-06	7.05E-06	6.07E-06	5.70E-06	6.21E-06	8.54E-06	8.31E-06	8.63E-06	8.31E-06
YOR340C	9.62E-07	1.05E-06	8.30E-07	8.18E-07	8.72E-07	8.99E-07	4.47E-07	NA	5.83E-07	4.19E-07	3.57E-07	4.31E-07	6.47E-07	7.74E-07	7.16E-07	7.27E-07
YPL241C	NA	NA	NA	NA	NA	NA	NA	NA	NA	NA	NA	NA	NA	NA	NA	NA
YGL105W	2.80E-06	2.89E-06	2.99E-06	3.34E-06	3.34E-06	3.62E-06	2.30E-06	2.32E-06	2.36E-06	1.82E-06	2.00E-06	2.22E-06	2.24E-06	2.28E-06	2.28E-06	2.21E-06
YJR042W	NA	NA	7.06E-08	6.99E-08	NA	7.16E-08	4.30E-08	4.25E-08	4.53E-08	3.10E-08	3.56E-08	2.84E-08	2.63E-08	3.23E-08	NA	6.94E-08
YLR045C	3.68E-08	3.57E-08	3.98E-08	4.84E-08	5.13E-08	5.43E-08	3.86E-08	3.53E-08	3.42E-08	3.14E-08	3.02E-08	3.06E-08	3.35E-08	3.54E-08	3.55E-08	3.10E-08
YDR310C	NA	NA	NA	3.64E-08	NA	1.71E-08	NA	NA	NA	1.25E-08	NA	1.30E-08	NA	NA	NA	NA
YGR274C	3.22E-09	NA	4.63E-09	5.29E-09	5.91E-09	5.01E-09	NA	NA	2.88E-09	NA	NA	NA	2.60E-09	NA	3.03E-09	NA
YMR092C	2.38E-06	2.38E-06	2.46E-06	2.16E-06	2.32E-06	2.20E-06	1.40E-06	1.49E-06	1.50E-06	1.27E-06	1.29E-06	1.28E-06	1.71E-06	1.62E-06	1.82E-06	1.66E-06
YDL178W	7.78E-07	6.57E-07	8.33E-07	5.52E-07	6.05E-07	6.29E-07	3.96E-07	3.94E-07	4.00E-07	2.98E-07	3.13E-07	3.28E-07	4.99E-07	4.71E-07	5.59E-07	4.94E-07
YGR261C	1.05E-07	NA	1.26E-07	1.70E-07	NA	1.33E-07	9.57E-08	1.22E-07	9.44E-08	NA	8.44E-08	7.03E-08	NA	NA	NA	NA
YPL239W	3.64E-08	3.95E-08	3.21E-08	3.46E-08	3.35E-08	3.68E-08	2.08E-08	2.05E-08	2.08E-08	1.80E-08	1.81E-08	1.99E-08	2.10E-08	2.22E-08	2.32E-08	2.10E-08
YMR230W	7.48E-05	7.60E-05	7.37E-05	7.11E-05	7.07E-05	6.99E-05	4.76E-05	4.36E-05	4.04E-05	3.51E-05	3.65E-05	3.72E-05	8.25E-05	8.51E-05	8.24E-05	7.99E-05
YDR108W	NA	NA	NA	NA	NA	NA	NA	NA	NA	NA	NA	NA	NA	NA	NA	NA
YGR196C	3.55E-08	NA	NA	2.98E-08	3.63E-08	9.53E-08	2.54E-08	3.25E-08	1.41E-08	NA	2.79E-08	1.86E-08	2.49E-08	1.95E-08	1.32E-08	NA
YGR198W	NA	1.58E-08	NA	NA	2.89E-08	NA	NA	NA	NA	NA	8.36E-09	NA	NA	NA	NA	NA
YJL117W	4.56E-07	4.25E-07	5.10E-07	6.18E-07	6.24E-07	6.13E-07	4.72E-07	4.55E-07	3.90E-07	3.27E-07	3.37E-07	3.59E-07	2.35E-07	2.22E-07	3.25E-07	3.90E-07
YJL125C	3.81E-07	4.32E-07	3.77E-07	3.99E-07	3.63E-07	4.20E-07	2.16E-07	2.59E-07	1.96E-07	1.46E-07	1.86E-07	1.83E-07	3.05E-07	2.83E-07	2.79E-07	2.86E-07
YOR103C	NA	NA	NA	NA	NA	NA	NA	5.89E-07	NA	3.81E-07	4.80E-07	NA	NA	NA	NA	NA
YJR010C-A	NA	NA	NA	NA	NA	NA	NA	NA	NA	NA	NA	NA	NA	NA	NA	NA
YJL121C	2.69E-06	2.75E-06	2.27E-06	2.50E-06	2.64E-06	2.51E-06	1.59E-06	1.63E-06	1.58E-06	1.27E-06	1.45E-06	1.55E-06	1.76E-06	1.74E-06	1.91E-06	1.78E-06
YJR132W	4.22E-08	5.14E-08	7.23E-08	4.57E-08	NA	NA	4.43E-08	4.64E-08	4.52E-08	3.30E-08	3.56E-08	2.82E-08	NA	NA	NA	NA
YJR143C	NA	2.15E-07	3.09E-07	3.91E-07	4.58E-07	NA	3.73E-07	3.58E-07	3.33E-07	2.67E-07	3.18E-07	NA	2.01E-07	2.58E-07	3.68E-07	3.75E-07
YJL186W	1.47E-07	1.35E-07	1.40E-07	2.16E-07	2.05E-07	2.97E-07	1.33E-07	1.51E-07	1.64E-07	1.08E-07	NA	1.19E-07	1.04E-07	8.45E-08	1.37E-07	1.11E-07
YJL183W	7.18E-07	5.61E-07	7.05E-07	9.08E-07	9.30E-07	8.79E-07	6.16E-07	5.55E-07	6.29E-07	4.28E-07	5.05E-07	4.85E-07	4.43E-07	4.04E-07	5.93E-07	6.37E-07
YJL179W	2.54E-07	2.59E-07	2.46E-07	3.05E-07	2.59E-07	3.19E-07	2.08E-07	1.94E-07	1.84E-07	1.58E-07	1.61E-07	1.66E-07	1.87E-07	1.82E-07	1.88E-07	1.71E-07
YJL178C	3.92E-07	3.62E-07	5.20E-07	4.28E-07	4.53E-07	NA	4.63E-07	4.50E-07	4.48E-07	3.61E-07	1.56E-07	1.62E-07	1.76E-07	1.65E-07	2.10E-07	2.56E-07
YJL177W	6.89E-06	7.14E-06	6.82E-06	6.40E-06	6.84E-06	6.87E-06	3.67E-06	3.97E-06	3.84E-06	2.93E-06	3.56E-06	3.35E-06	7.13E-06	7.05E-06	6.94E-06	6.87E-06
YJL171C	2.21E-07	2.48E-07	1.92E-07	6.48E-07	6.53E-07	6.24E-07	5.91E-07	5.59E-07	5.60E-07	4.07E-07	5.66E-07	4.84E-07	2.44E-07	2.05E-07	2.42E-07	2.68E-07
YJL168C	1.38E-08	1.76E-08	NA	1.35E-08	1.57E-08	1.36E-08	NA	NA	6.93E-09	NA	7.68E-09	6.49E-09	1.83E-08	1.70E-08	1.43E-08	1.62E-08
YJL158C	5.26E-07	NA	2.73E-07	6.19E-07	5.80E-07	5.93E-07	3.41E-07	4.16E-07	4.02E-07	3.44E-07	2.71E-07	2.73E-07	3.90E-07	3.54E-07	3.88E-07	3.81E-07
YJL148W	2.44E-07	2.28E-07	2.15E-07	2.02E-07	2.00E-07	2.19E-07	1.19E-07	1.20E-07	1.08E-07	9.41E-08	1.11E-07	1.03E-07	2.05E-07	2.13E-07	2.06E-07	2.01E-07
YJL145W	1.10E-06	1.19E-06	9.03E-07	1.67E-06	1.68E-06	1.68E-06	9.07E-07	8.39E-07	8.70E-07	7.75E-07	8.38E-07	7.70E-07	5.85E-07	5.41E-07	5.69E-07	5.41E-07
YJL131C	1.03E-07	9.00E-08	1.13E-07	8.72E-08	8.19E-08	8.43E-08	6.07E-08	4.85E-08	4.82E-08	3.94E-08	3.61E-08	3.40E-08	6.32E-08	6.37E-08	8.18E-08	7.57E-08
YJL126W	NA	NA	NA	NA	NA	NA	NA	NA	NA	NA	NA	NA	NA	NA	NA	NA
YJL124C	8.44E-07	8.35E-07	9.85E-07	8.83E-07	8.72E-07	9.60E-07	5.09E-07	6.13E-07	4.85E-07	3.69E-07	5.38E-07	4.58E-07	6.30E-07	5.71E-07	6.54E-07	5.51E-07
YJL123C	4.75E-07	4.94E-07	4.41E-07	5.08E-07	5.16E-07	5.63E-07	2.77E-07	2.70E-07	2.77E-07	2.21E-07	2.61E-07	2.88E-07	2.80E-07	2.53E-07	2.64E-07	2.46E-07
YJL122W	2.32E-07	2.29E-07	2.12E-07	1.65E-07	1.49E-07	1.87E-07	9.50E-08	1.01E-07	8.97E-08	NA	9.27E-08	NA	2.88E-07	3.09E-07	2.85E-07	2.74E-07
YJL112W	1.77E-07	1.64E-07	1.63E-07	1.32E-07	1.56E-07	1.54E-07	NA	1.13E-07	1.23E-07	8.50E-08	8.97E-08	1.02E-07	2.37E-07	1.81E-07	2.51E-07	8.72E-09
YJL084C	NA	NA	NA	NA	NA	NA	NA	NA	NA	NA	NA	NA	NA	NA	NA	NA
YJL082W	2.88E-07	2.36E-07	5.93E-07	5.25E-07	4.97E-07	4.71E-07	3.14E-07	3.13E-07	3.35E-07	2.68E-07	1.92E-07	1.86E-07	1.63E-07	2.07E-07	1.83E-07	2.23E-07
YJL076W	7.24E-08	6.51E-08	7.77E-08	8.56E-08	5.77E-08	7.57E-08	6.14E-08	5.17E-08	5.75E-08	4.38E-08	4.99E-08	4.67E-08	5.75E-08	5.95E-08	6.31E-08	6.32E-08
YJL074C	8.87E-08	6.98E-08	7.59E-08	1.39E-07	1.01E-07	1.45E-07	9.30E-08	8.97E-08	8.25E-08	7.32E-08	6.77E-08	6.98E-08	7.12E-08	6.89E-08	6.67E-08	7.65E-08
YJL060W	3.66E-06	3.81E-06	3.84E-06	6.59E-06	6.89E-06	6.63E-06	5.78E-06	5.50E-06	5.52E-06	5.33E-06	4.54E-06	4.96E-06	2.71E-06	2.75E-06	2.65E-06	2.73E-06
YJL055W	2.91E-06	2.85E-06	2.79E-06	2.83E-06	2.93E-06	2.74E-06	1.86E-06	1.80E-06	2.01E-06	1.57E-06	1.80E-06	1.86E-06	2.16E-06	2.26E-06	2.43E-06	2.26E-06
YJL054W	6.92E-08	8.21E-08	7.94E-08	5.77E-08	NA	3.62E-08	3.70E-08	3.43E-08	NA	2.41E-08	3.33E-08	2.44E-08	7.31E-08	8.00E-08	8.06E-08	5.97E-08
YJL050W	2.60E-07	2.77E-07	2.34E-07	3.35E-07	3.11E-07	3.41E-07	1.79E-07	1.97E-07	1.93E-07	1.46E-07	1.74E-07	1.58E-07	3.56E-07	2.90E-07	2.89E-07	3.37E-07
YJL049W	2.92E-08	NA	2.72E-08	NA	NA	NA	2.74E-08	NA	1.74E-08	1.64E-08	2.31E-08	2.13E-08	NA	NA	NA	NA
YJL047C	5.95E-09	4.79E-09	6.57E-09	NA	NA	7.95E-09	2.99E-09	3.96E-09	4.40E-09	2.80E-09	2.44E-09	3.44E-09	3.17E-09	3.11E-09	NA	NA
YJL046W	NA	NA	NA	NA	NA	2.94E-08	2.03E-08	NA	NA	NA	NA	NA	NA	NA	5.00E-08	NA
YJL045W	4.20E-08	4.61E-08	7.28E-08	3.43E-08	3.06E-08	3.43E-08	8.14E-09	8.86E-09	7.83E-09	4.76E-09	5.76E-09	3.21E-09	1.19E-09	NA	NA	NA
YJL039C	3.90E-08	2.66E-08	3.61E-08	4.32E-08	4.90E-08	4.96E-08	3.48E-08	3.53E-08	3.66E-08	2.31E-08	2.63E-08	2.32E-08	1.87E-08	1.82E-08	2.26E-08	1.79E-08
YJL036W	3.23E-07	2.70E-07	3.05E-07	2.96E-07	2.74E-07	NA	2.17E-07	1.95E-07	1.94E-07	1.61E-07	1.79E-07	1.80E-07	9.74E-08	1.00E-07	1.11E-07	1.22E-07
YJL029C	NA	NA	NA	NA	1.72E-08	NA	1.14E-08	1.13E-08	NA	1.24E-08	7.46E-09	NA	3.24E-08	NA	NA	NA
YJL024C	NA	NA	NA	NA	NA	NA	NA	NA	1.89E-07	1.66E-07	NA	NA	NA	NA	NA	NA
YJL020C	6.20E-07	6.01E-07	7.21E-07	6.61E-07	6.81E-07	8.30E-07	5.24E-07	4.90E-07	5.20E-07	4.17E-07	4.32E-07	4.58E-07	3.71E-07	3.70E-07	4.07E-07	3.70E-07
YJL012C	3.80E-07	3.04E-07	4.34E-07	7.63E-07	7.13E-07	8.96E-07	7.53E-07	7.95E-07	7.51E-07	6.11E-07	6.88E-07	6.96E-07	3.85E-07	3.24E-07	4.11E-07	4.82E-07
YJL011C	3.27E-07	2.99E-07	2.73E-07	2.51E-07	2.41E-07	3.22E-07	1.32E-07	1.54E-07	1.55E-07	1.38E-07	1.56E-07	NA	1.91E-07	2.21E-07	2.51E-07	1.98E-07
YJL010C	7.23E-08	6.71E-08	7.73E-08	8.43E-08	8.40E-08	7.55E-08	4.38E-08	4.85E-08	5.41E-08	3.72E-08	3.29E-08	4.13E-08	5.82E-08	5.53E-08	5.66E-08	7.65E-08
YJL008C	5.63E-06	5.23E-06	5.24E-06	4.92E-06	5.02E-06	4.91E-06	3.05E-06	3.01E-06	2.94E-06	2.52E-06	2.41E-06	2.65E-06	4.06E-06	4.07E-06	4.09E-06	4.02E-06
YJR002W	5.22E-08	5.50E-08	6.82E-08	4.26E-08	4.14E-08	NA	2.58E-08	2.59E-08	NA	2.12E-08	1.72E-08	2.48E-08	5.79E-08	5.66E-08	5.31E-08	4.48E-08
YJR003C	3.56E-08	3.06E-08	3.47E-08	2.99E-08	3.35E-08	3.35E-08	2.20E-08	1.95E-08	1.85E-08	1.73E-08	2.12E-08	1.45E-08	3.30E-08	3.51E-08	3.40E-08	2.99E-08
YJR008W	6.83E-07	7.89E-07	7.49E-07	4.62E-07	4.42E-07	4.21E-07	2.19E-07	2.29E-07	2.28E-07	1.69E-07	1.97E-07	1.70E-07	8.76E-08	7.62E-08	1.21E-07	9.33E-08
YJR014W	1.49E-06	1.54E-06	1.36E-06	1.70E-06	1.66E-06	1.76E-06	9.78E-07	9.87E-07	8.89E-07	7.77E-07	9.18E-07	9.07E-07	9.48E-07	1.03E-06	1.01E-06	9.43E-07
YJR022W	NA	NA	NA	NA	1.82E-06	NA	NA	1.15E-06	5.85E-07	NA	NA	7.73E-07	NA	NA	NA	NA
YJR024C	8.07E-08	8.90E-08	6.43E-08	1.05E-07	1.24E-07	1.16E-07	6.28E-08	5.91E-08	6.27E-08	5.29E-08	5.74E-08	5.20E-08	3.80E-08	3.71E-08	4.26E-08	3.84E-08
YJR025C	1.78E-06	2.00E-06	1.97E-06	2.18E-06	2.10E-06	2.18E-06	1.05E-06	1.17E-06	1.15E-06	9.95E-07	1.04E-06	1.06E-06	1.01E-06	9.73E-07	1.08E-06	9.71E-07
YJR031C	NA	NA	NA	NA	NA	NA	NA	NA	NA	NA	NA	NA	NA	NA	NA	NA
YJR032W	2.19E-07	2.57E-07	2.68E-07	3.21E-07	3.43E-07	3.31E-07	2.30E-07	1.97E-07	2.18E-07	1.75E-07	1.48E-07	1.61E-07	1.64E-07	1.44E-07	2.01E-07	1.55E-07
YJR033C	8.59E-09	NA	NA	NA	NA	1.12E-08	NA	6.81E-09	1.08E-08	8.66E-09	NA	9.17E-09	NA	2.80E-09	NA	2.97E-09
YJR041C	NA	NA	NA	NA	NA	NA	NA	NA	NA	NA	NA	NA	NA	NA	NA	NA
YJR043C	6.21E-08	5.28E-08	5.41E-08	6.69E-08	9.13E-08	6.79E-08	4.00E-08	4.47E-08	4.22E-08	3.57E-08	4.37E-08	3.99E-08	4.05E-08	3.33E-08	3.43E-08	2.59E-08
YJR046W	NA	6.23E-09	9.03E-09	NA	NA	NA	NA	3.85E-09	NA	NA	NA	NA	9.47E-09	8.14E-09	NA	8.28E-09
YJR059W	1.07E-07	1.23E-07	1.22E-07	1.34E-07	1.38E-07	1.14E-07	1.20E-07	1.17E-07	1.20E-07	8.97E-08	9.26E-08	8.80E-08	8.94E-08	8.70E-08	9.10E-08	9.96E-08
YJR065C	3.51E-06	3.46E-06	4.34E-06	3.94E-06	4.03E-06	3.94E-06	2.83E-06	2.93E-06	2.63E-06	2.40E-06	2.16E-06	2.21E-06	2.88E-06	2.85E-06	2.92E-06	2.71E-06
YJR069C	1.78E-06	1.83E-06	1.47E-06	2.29E-06	2.20E-06	2.42E-06	1.32E-06	1.39E-06	1.38E-06	1.11E-06	1.18E-06	1.29E-06	1.27E-06	1.20E-06	1.26E-06	1.15E-06
YJR070C	5.49E-07	5.23E-07	3.97E-07	3.72E-07	3.78E-07	3.69E-07	2.15E-07	2.21E-07	2.11E-07	1.70E-07	1.92E-07	2.00E-07	4.91E-07	5.08E-07	4.96E-07	4.81E-07
YJR072C	8.90E-07	8.45E-07	8.85E-07	8.12E-07	7.73E-07	8.62E-07	5.26E-07	4.47E-07	3.97E-07	3.31E-07	3.57E-07	3.62E-07	5.91E-07	5.53E-07	5.92E-07	5.54E-07
YJR074W	4.08E-07	3.79E-07	3.74E-07	4.29E-07	5.36E-07	3.83E-07	2.07E-07	2.80E-07	2.20E-07	1.64E-07	2.10E-07	1.88E-07	1.89E-07	1.90E-07	1.98E-07	1.80E-07
YJR075W	1.42E-07	1.59E-07	1.33E-07	2.02E-07	2.15E-07	2.27E-07	1.16E-07	1.29E-07	1.61E-07	9.06E-08	1.04E-07	1.25E-07	9.52E-08	9.29E-08	1.05E-07	1.34E-07
YJR078W	2.20E-07	2.09E-07	3.34E-07	2.58E-07	2.47E-07	2.72E-07	1.39E-07	1.39E-07	1.34E-07	1.02E-07	9.10E-08	1.08E-07	1.52E-07	1.76E-07	1.66E-07	1.68E-07
YJR080C	9.19E-07	9.14E-07	9.79E-07	6.37E-07	6.08E-07	7.92E-07	4.39E-07	4.45E-07	4.34E-07	3.42E-07	2.96E-07	3.19E-07	9.24E-07	8.53E-07	9.52E-07	9.30E-07
YJR084W	1.46E-07	1.18E-07	1.90E-07	1.72E-07	1.73E-07	1.75E-07	1.24E-07	1.40E-07	1.11E-07	NA	1.04E-07	1.16E-07	1.11E-07	NA	NA	1.03E-07
YJR088C	5.77E-07	5.47E-07	6.90E-07	7.65E-07	7.66E-07	7.71E-07	5.59E-07	6.05E-07	6.40E-07	4.79E-07	4.69E-07	5.65E-07	4.52E-07	3.91E-07	5.20E-07	4.31E-07
YJR091C	3.57E-08	4.30E-08	6.96E-08	NA	NA	NA	4.28E-08	NA	4.88E-08	2.99E-08	NA	6.31E-08	NA	1.62E-08	NA	2.27E-08
YJR096W	1.82E-06	2.09E-06	3.29E-06	2.92E-06	2.43E-06	2.75E-06	1.83E-06	1.74E-06	1.67E-06	1.43E-06	1.42E-06	1.38E-06	2.02E-07	2.10E-07	2.41E-07	3.45E-07
YJR097W	NA	NA	NA	NA	7.89E-08	NA	NA	NA	NA	NA	NA	NA	9.14E-08	5.67E-08	3.42E-08	NA
YJR101W	4.25E-07	5.26E-07	4.40E-07	2.92E-07	2.97E-07	3.37E-07	2.14E-07	1.94E-07	2.19E-07	1.72E-07	1.36E-07	1.63E-07	8.14E-07	7.28E-07	8.01E-07	7.93E-07
YJR105W	1.91E-05	2.06E-05	1.83E-05	1.92E-05	1.94E-05	1.96E-05	1.27E-05	1.27E-05	1.29E-05	1.05E-05	1.12E-05	1.21E-05	1.60E-05	1.63E-05	1.72E-05	1.68E-05
YJR111C	NA	NA	NA	2.99E-07	NA	2.29E-07	NA	NA	NA	6.78E-08	1.32E-07	NA	NA	NA	1.67E-07	NA
YJR113C	4.01E-07	4.16E-07	3.64E-07	2.69E-07	2.99E-07	3.05E-07	2.08E-07	1.78E-07	1.77E-07	1.16E-07	1.25E-07	1.34E-07	7.31E-07	6.62E-07	7.37E-07	6.99E-07
YJR117W	5.82E-07	5.44E-07	8.77E-07	9.19E-07	8.85E-07	8.81E-07	5.95E-07	6.16E-07	7.75E-07	3.81E-07	4.90E-07	4.64E-07	3.63E-07	3.08E-07	3.49E-07	4.19E-07
YJR122W	NA	NA	NA	NA	NA	NA	NA	NA	NA	NA	NA	NA	NA	NA	NA	NA
YJR125C	7.22E-07	7.87E-07	7.75E-07	9.25E-07	8.37E-07	1.00E-06	5.17E-07	5.32E-07	5.06E-07	3.68E-07	4.41E-07	4.79E-07	5.80E-07	5.70E-07	6.10E-07	5.80E-07
YJR129C	NA	7.78E-08	5.05E-08	9.83E-08	7.79E-08	7.06E-08	3.68E-08	3.43E-08	2.76E-08	2.84E-08	1.65E-08	2.89E-08	2.58E-08	NA	3.07E-08	NA
YJR130C	1.61E-07	1.49E-07	1.91E-07	1.67E-07	1.95E-07	1.87E-07	6.89E-08	9.80E-08	8.87E-08	8.31E-08	8.06E-08	7.98E-08	6.64E-08	6.62E-08	7.37E-08	6.57E-08
YJR133W	1.23E-06	1.25E-06	1.40E-06	1.55E-06	1.55E-06	1.51E-06	1.15E-06	1.20E-06	1.11E-06	8.90E-07	9.42E-07	1.01E-06	1.08E-06	1.14E-06	1.17E-06	1.13E-06
YJR134C	1.84E-08	2.56E-08	2.55E-08	1.86E-08	2.23E-08	2.58E-08	1.50E-08	1.69E-08	1.81E-08	1.69E-08	1.15E-08	1.23E-08	NA	9.38E-09	1.08E-08	5.58E-09
YJR137C	4.90E-06	4.55E-06	4.68E-06	6.04E-06	5.65E-06	5.63E-06	3.69E-06	3.76E-06	3.90E-06	2.89E-06	2.86E-06	3.21E-06	6.62E-06	6.50E-06	6.64E-06	7.51E-06
YJR138W	NA	1.24E-08	NA	NA	NA	NA	NA	NA	6.45E-09	NA	2.08E-08	1.30E-08	NA	NA	NA	NA
YJR142W	2.35E-07	2.82E-07	2.48E-07	2.50E-07	2.24E-07	2.27E-07	1.24E-07	1.04E-07	1.36E-07	1.22E-07	1.14E-07	1.23E-07	1.19E-07	1.09E-07	1.24E-07	1.21E-07
YJR148W	1.21E-06	1.26E-06	1.66E-06	3.51E-06	3.96E-06	3.85E-06	1.35E-06	1.36E-06	1.29E-06	1.07E-06	1.04E-06	1.05E-06	2.83E-07	2.31E-07	3.36E-07	2.72E-07
YJR149W	6.70E-09	NA	4.36E-09	NA	NA	NA	5.78E-09	7.09E-09	5.88E-09	5.72E-09	6.18E-09	4.90E-09	6.05E-09	5.46E-09	1.23E-08	NA
YMR170C	6.27E-08	6.55E-08	9.98E-08	9.38E-08	8.41E-08	9.96E-08	6.42E-08	6.21E-08	7.11E-08	5.84E-08	5.30E-08	5.58E-08	1.15E-08	1.12E-08	1.68E-08	1.84E-08
YMR246W	3.41E-06	3.81E-06	3.47E-06	5.38E-06	5.68E-06	5.16E-06	2.25E-06	2.38E-06	2.23E-06	1.73E-06	1.82E-06	1.85E-06	9.23E-07	8.56E-07	1.02E-06	1.23E-06
YDR019C	2.80E-06	2.71E-06	2.76E-06	6.76E-06	6.76E-06	6.87E-06	3.20E-06	3.23E-06	3.30E-06	2.61E-06	2.61E-06	2.84E-06	1.79E-06	1.82E-06	1.85E-06	1.82E-06
YPR026W	NA	NA	NA	NA	NA	NA	NA	NA	NA	NA	NA	NA	NA	NA	NA	NA
YNL096C	7.46E-06	7.74E-06	7.51E-06	6.99E-06	6.72E-06	7.14E-06	4.27E-06	4.36E-06	4.08E-06	3.56E-06	3.72E-06	3.73E-06	8.09E-06	8.22E-06	8.14E-06	8.06E-06
YNL087W	1.11E-07	9.34E-08	NA	NA	1.79E-07	2.14E-07	1.19E-07	1.41E-07	1.85E-07	1.38E-07	1.49E-07	1.46E-07	4.14E-08	8.29E-08	1.13E-07	7.27E-08
YGR145W	1.14E-07	1.13E-07	1.11E-07	7.48E-08	NA	7.10E-08	NA	NA	NA	NA	NA	5.70E-08	1.26E-07	1.15E-07	1.20E-07	1.20E-07
YGR150C	2.87E-08	5.90E-08	1.94E-08	4.50E-08	NA	2.43E-08	1.55E-08	1.09E-08	1.41E-08	1.23E-08	NA	NA	1.10E-08	2.27E-08	2.53E-08	5.96E-08
YGR158C	4.82E-08	5.12E-08	4.08E-08	3.95E-08	NA	3.76E-08	NA	2.38E-08	2.24E-08	NA	2.30E-08	2.35E-08	2.39E-08	NA	2.12E-08	2.04E-08
YMR161W	2.45E-07	2.46E-07	NA	2.00E-07	1.92E-07	1.98E-07	NA	2.11E-07	1.32E-07	1.38E-07	1.98E-07	1.36E-07	1.66E-07	1.86E-07	2.18E-07	1.93E-07
YDR376W	3.11E-07	NA	NA	2.68E-07	2.17E-07	3.60E-07	2.11E-07	1.20E-07	1.02E-07	1.59E-07	1.52E-07	1.60E-07	2.37E-07	1.89E-07	1.90E-07	2.64E-07
YGR187C	5.25E-07	5.42E-07	5.93E-07	5.65E-07	5.33E-07	5.52E-07	3.24E-07	2.97E-07	3.12E-07	2.83E-07	2.30E-07	2.61E-07	4.63E-07	4.60E-07	4.38E-07	4.24E-07
YGR078C	NA	9.68E-08	1.03E-07	9.85E-08	1.12E-07	1.38E-07	9.78E-08	8.16E-08	6.67E-08	5.34E-08	1.03E-07	8.98E-08	6.91E-08	9.25E-08	9.58E-08	6.71E-08
YDL234C	NA	NA	1.71E-07	NA	NA	2.34E-07	1.09E-07	NA	NA	9.93E-08	NA	8.60E-08	NA	NA	NA	NA
YGR072W	4.48E-08	5.09E-08	5.26E-08	NA	5.66E-08	8.08E-08	4.01E-08	5.10E-08	5.48E-08	2.58E-08	3.81E-08	3.72E-08	3.28E-08	NA	NA	3.24E-08
YPL085W	4.25E-08	2.33E-08	3.64E-08	3.49E-08	3.14E-08	2.99E-08	NA	2.50E-08	2.41E-08	1.67E-08	2.75E-08	NA	NA	1.56E-08	1.24E-08	2.64E-08
YDL141W	1.68E-07	NA	2.70E-07	2.45E-07	2.83E-07	2.20E-07	1.12E-07	1.04E-07	NA	8.47E-08	1.11E-07	2.18E-07	1.45E-07	1.48E-07	1.69E-07	5.07E-07
YMR276W	1.15E-05	1.20E-05	1.06E-05	1.05E-05	1.08E-05	1.08E-05	7.41E-06	7.76E-06	7.60E-06	6.26E-06	6.50E-06	6.58E-06	8.16E-06	8.19E-06	8.16E-06	7.94E-06
YMR275C	1.49E-08	NA	2.38E-08	3.59E-08	NA	3.92E-08	2.22E-08	1.29E-08	1.46E-08	NA	1.04E-08	1.57E-08	2.19E-08	3.09E-08	1.93E-08	2.27E-08
YOL033W	NA	5.00E-08	6.67E-08	NA	3.73E-08	5.04E-08	3.55E-08	NA	NA	1.73E-08	NA	1.94E-08	NA	9.35E-08	1.22E-07	8.94E-08
YPL040C	NA	4.25E-08	NA	NA	2.00E-08	NA	NA	NA	NA	2.06E-08	NA	NA	NA	NA	NA	NA
YPL097W	NA	1.66E-07	1.64E-07	9.43E-08	7.16E-08	7.67E-08	4.24E-08	5.59E-08	2.76E-08	3.56E-08	3.59E-08	3.25E-08	3.09E-07	2.74E-07	3.06E-07	2.71E-07
YNL298W	2.60E-08	NA	NA	NA	4.51E-08	NA	1.77E-08	NA	2.05E-08	NA	NA	NA	NA	4.31E-08	NA	2.57E-08
YNL297C	3.04E-08	2.23E-08	2.99E-08	3.26E-08	3.79E-08	3.76E-08	2.11E-08	2.74E-08	2.64E-08	1.79E-08	1.56E-08	1.61E-08	1.40E-08	NA	1.32E-08	NA
YNL292W	1.47E-07	1.43E-07	1.17E-07	1.35E-07	1.35E-07	1.29E-07	5.98E-08	8.54E-08	7.42E-08	6.23E-08	6.63E-08	8.00E-08	9.72E-08	9.55E-08	9.83E-08	8.65E-08
YDL182W	3.46E-05	3.32E-05	4.20E-05	2.36E-05	2.51E-05	2.72E-05	1.61E-05	1.72E-05	1.54E-05	1.31E-05	1.49E-05	1.55E-05	4.78E-05	5.12E-05	4.32E-05	4.08E-05
YPL084W	1.89E-07	1.73E-07	2.18E-07	2.40E-07	2.70E-07	3.50E-07	1.85E-07	1.85E-07	1.72E-07	1.40E-07	1.59E-07	1.49E-07	1.01E-07	1.08E-07	1.10E-07	1.07E-07
YOR369C	5.28E-05	5.39E-05	4.71E-05	5.09E-05	4.74E-05	5.09E-05	2.88E-05	3.30E-05	2.98E-05	2.33E-05	2.23E-05	2.55E-05	5.15E-05	5.25E-05	5.07E-05	5.05E-05
YOR265W	2.51E-07	2.55E-07	2.20E-07	3.04E-07	2.69E-07	3.10E-07	1.67E-07	1.80E-07	1.71E-07	1.45E-07	1.47E-07	1.53E-07	8.63E-08	8.01E-08	8.78E-08	8.59E-08
YHR039C-A	7.47E-06	7.84E-06	7.75E-06	1.27E-05	1.27E-05	1.33E-05	1.03E-05	1.02E-05	1.04E-05	8.59E-06	9.33E-06	9.89E-06	6.15E-06	6.42E-06	6.35E-06	6.34E-06
YGR119C	6.86E-07	6.64E-07	6.37E-07	7.07E-07	7.19E-07	7.19E-07	4.53E-07	4.92E-07	4.80E-07	4.03E-07	4.01E-07	4.15E-07	4.08E-07	4.03E-07	4.31E-07	3.89E-07
YML110C	1.42E-07	2.19E-07	1.26E-07	1.18E-07	1.61E-07	1.26E-07	8.21E-08	1.03E-07	6.84E-08	8.83E-08	9.36E-08	1.08E-07	1.32E-07	1.24E-07	1.37E-07	1.37E-07
YPR145W	3.75E-06	3.93E-06	4.64E-06	1.03E-05	1.06E-05	1.05E-05	4.51E-06	4.37E-06	4.52E-06	3.90E-06	3.59E-06	3.59E-06	4.11E-06	4.25E-06	4.03E-06	3.98E-06
YGR124W	3.98E-06	3.97E-06	3.79E-06	2.32E-06	2.37E-06	2.47E-06	1.29E-06	1.31E-06	1.26E-06	1.04E-06	1.08E-06	1.14E-06	5.15E-06	4.85E-06	4.84E-06	4.72E-06
YMR189W	8.23E-07	7.62E-07	6.10E-07	2.01E-06	2.07E-06	1.93E-06	9.84E-07	9.80E-07	1.06E-06	8.28E-07	8.37E-07	8.70E-07	8.09E-07	8.01E-07	7.59E-07	7.97E-07
YLR185W	2.09E-05	2.17E-05	2.03E-05	1.84E-05	1.73E-05	1.90E-05	1.18E-05	1.17E-05	1.09E-05	7.66E-06	9.39E-06	9.08E-06	2.27E-05	2.26E-05	2.14E-05	2.10E-05
YLR325C	5.18E-05	5.40E-05	4.74E-05	4.29E-05	4.67E-05	4.48E-05	2.70E-05	2.95E-05	2.62E-05	2.24E-05	2.31E-05	2.50E-05	5.40E-05	5.54E-05	5.38E-05	5.26E-05
YNL131W	1.48E-06	1.48E-06	1.42E-06	1.17E-06	1.14E-06	1.29E-06	7.09E-07	6.76E-07	6.82E-07	4.99E-07	5.82E-07	5.58E-07	1.21E-06	1.12E-06	1.06E-06	1.11E-06
YDR234W	7.16E-06	7.18E-06	6.02E-06	4.86E-06	5.33E-06	4.90E-06	3.04E-06	2.98E-06	3.07E-06	2.40E-06	2.37E-06	2.59E-06	4.34E-06	4.55E-06	4.49E-06	4.51E-06
YML022W	3.17E-06	3.59E-06	2.89E-06	3.65E-06	3.60E-06	3.81E-06	1.86E-06	1.97E-06	2.00E-06	1.41E-06	1.65E-06	1.61E-06	1.81E-06	1.56E-06	1.27E-06	1.35E-06
YPR124W	4.52E-07	3.79E-07	6.71E-07	3.72E-07	NA	3.65E-07	NA	2.71E-07	NA	1.90E-07	2.90E-07	2.90E-07	1.26E-06	1.56E-06	2.39E-06	2.00E-06
YDR012W	2.69E-06	2.98E-06	2.88E-06	2.41E-06	2.59E-06	2.52E-06	1.57E-06	1.58E-06	1.47E-06	1.26E-06	1.37E-06	1.42E-06	2.51E-06	2.44E-06	2.45E-06	2.64E-06
YGL092W	2.45E-07	1.80E-07	2.00E-07	2.25E-07	2.02E-07	2.03E-07	1.37E-07	1.30E-07	1.44E-07	9.16E-08	1.08E-07	1.02E-07	1.24E-07	1.26E-07	9.18E-08	1.30E-07
YGR180C	1.39E-05	1.44E-05	1.57E-05	3.34E-05	3.41E-05	3.53E-05	1.88E-05	1.98E-05	1.83E-05	1.57E-05	1.55E-05	1.52E-05	3.88E-06	3.92E-06	4.07E-06	3.81E-06
YDR305C	1.11E-07	1.28E-07	1.42E-07	1.32E-07	1.29E-07	1.27E-07	8.27E-08	8.12E-08	7.50E-08	7.02E-08	6.51E-08	6.75E-08	4.38E-08	5.37E-08	4.98E-08	5.93E-08
YLR351C	1.56E-06	1.52E-06	1.49E-06	2.06E-06	2.23E-06	2.52E-06	1.77E-06	1.84E-06	1.87E-06	1.56E-06	1.64E-06	1.71E-06	1.07E-06	9.80E-07	1.16E-06	9.90E-07
YML014W	1.88E-07	2.17E-07	1.21E-07	1.80E-07	1.75E-07	NA	9.30E-08	1.04E-07	8.88E-08	6.76E-08	7.33E-08	NA	8.57E-08	8.63E-08	7.52E-08	1.02E-07
YGR231C	6.80E-06	7.57E-06	6.42E-06	5.68E-06	5.57E-06	5.60E-06	3.18E-06	3.13E-06	3.11E-06	2.37E-06	2.58E-06	2.56E-06	5.83E-06	5.91E-06	6.29E-06	6.06E-06
YGR232W	1.48E-06	1.51E-06	1.35E-06	1.19E-06	1.19E-06	1.26E-06	7.63E-07	7.16E-07	6.83E-07	5.52E-07	6.52E-07	6.41E-07	7.40E-07	7.34E-07	8.44E-07	7.86E-07
YGR235C	4.27E-07	4.30E-07	3.98E-07	3.34E-07	3.21E-07	3.33E-07	1.99E-07	1.99E-07	1.97E-07	1.37E-07	1.56E-07	1.67E-07	3.75E-07	3.43E-07	4.30E-07	3.99E-07
YML056C	1.59E-07	1.75E-07	2.50E-07	5.79E-08	NA	NA	8.62E-08	2.67E-08	NA	2.92E-08	2.44E-08	2.30E-08	3.56E-07	3.17E-07	3.37E-07	3.22E-07
YMR304W	2.01E-07	2.07E-07	2.45E-07	2.72E-07	2.41E-07	2.34E-07	1.20E-07	1.40E-07	1.19E-07	1.04E-07	9.58E-08	1.01E-07	6.90E-08	6.47E-08	6.62E-08	7.33E-08
YMR005W	4.58E-09	4.03E-09	4.39E-09	4.19E-09	4.52E-09	4.83E-09	2.82E-09	2.59E-09	2.86E-09	2.03E-09	2.82E-09	3.24E-09	2.47E-09	2.57E-09	2.83E-09	2.40E-09
YML004C	9.11E-07	9.49E-07	7.77E-07	7.06E-07	5.87E-07	5.92E-07	2.74E-07	3.38E-07	3.22E-07	2.32E-07	2.48E-07	2.32E-07	2.78E-07	2.83E-07	2.80E-07	2.88E-07
YDR245W	3.82E-07	3.13E-07	3.73E-07	5.26E-07	5.63E-07	6.17E-07	3.43E-07	3.40E-07	4.15E-07	2.59E-07	3.44E-07	3.32E-07	2.49E-07	2.30E-07	3.43E-07	3.55E-07
YML017W	4.28E-07	4.01E-07	3.85E-07	4.77E-07	5.08E-07	5.60E-07	3.22E-07	3.71E-07	3.15E-07	2.58E-07	2.91E-07	2.83E-07	1.95E-07	1.86E-07	2.38E-07	1.87E-07
YMR060C	1.90E-07	NA	2.13E-07	NA	NA	2.70E-07	1.59E-07	1.61E-07	1.54E-07	1.35E-07	1.26E-07	1.19E-07	1.80E-07	1.54E-07	1.61E-07	NA
YMR175W	NA	2.75E-06	4.63E-06	1.67E-06	2.41E-06	NA	NA	NA	NA	NA	NA	NA	NA	NA	NA	NA
YGR055W	NA	NA	NA	NA	NA	NA	NA	NA	NA	NA	NA	NA	NA	NA	NA	NA
YNR034W	3.63E-07	3.56E-07	3.57E-07	2.87E-07	2.83E-07	3.33E-07	1.32E-07	1.63E-07	1.47E-07	1.07E-07	1.16E-07	1.08E-07	1.30E-07	1.29E-07	1.31E-07	1.34E-07
YDL064W	1.58E-06	1.75E-06	1.99E-06	1.38E-06	1.48E-06	1.41E-06	8.56E-07	9.14E-07	8.35E-07	7.19E-07	7.60E-07	8.43E-07	8.77E-07	7.78E-07	9.84E-07	7.99E-07
YOL143C	5.14E-06	6.12E-06	5.78E-06	5.41E-06	6.00E-06	6.11E-06	2.83E-06	3.14E-06	3.03E-06	2.24E-06	2.42E-06	2.50E-06	2.54E-06	2.75E-06	2.64E-06	2.81E-06
YDR505C	NA	NA	2.13E-07	NA	NA	NA	NA	NA	NA	NA	NA	9.51E-08	NA	NA	NA	NA
YNL100W	7.42E-07	7.70E-07	8.56E-07	6.52E-07	5.98E-07	6.88E-07	4.09E-07	4.26E-07	4.23E-07	2.82E-07	2.56E-07	3.19E-07	7.34E-07	6.78E-07	7.86E-07	7.15E-07
YNL067W	3.83E-05	4.11E-05	3.67E-05	3.40E-05	3.56E-05	3.80E-05	2.01E-05	2.12E-05	2.66E-05	1.64E-05	1.78E-05	1.84E-05	3.52E-05	3.46E-05	3.46E-05	3.43E-05
YDR500C	4.81E-06	4.65E-06	4.69E-06	4.61E-06	4.42E-06	4.82E-06	2.92E-06	2.86E-06	2.91E-06	2.40E-06	2.48E-06	2.60E-06	5.60E-06	5.80E-06	5.48E-06	5.71E-06
YOR035C	8.90E-08	8.38E-08	6.86E-08	7.82E-08	NA	1.06E-07	7.82E-08	1.23E-07	7.46E-08	8.87E-08	7.75E-08	4.54E-08	NA	NA	NA	3.89E-08
YGR267C	6.89E-07	7.11E-07	7.36E-07	7.33E-07	6.98E-07	6.76E-07	4.65E-07	4.76E-07	4.72E-07	3.64E-07	4.03E-07	4.68E-07	5.52E-07	5.01E-07	4.86E-07	4.74E-07
YLR371W	NA	NA	NA	NA	2.01E-08	2.16E-08	NA	1.61E-08	NA	NA	1.63E-08	1.32E-08	NA	NA	NA	NA
YGL210W	9.46E-07	NA	7.24E-07	1.16E-06	1.20E-06	1.23E-06	8.24E-07	8.99E-07	1.01E-06	7.40E-07	NA	8.39E-07	3.77E-07	3.21E-07	4.23E-07	4.95E-07
YML025C	3.51E-07	3.21E-07	3.18E-07	NA	NA	2.31E-07	NA	1.45E-07	1.42E-07	1.02E-07	1.14E-07	1.19E-07	3.38E-07	1.94E-07	5.79E-07	6.48E-07
YDR328C	1.71E-06	1.76E-06	2.13E-06	1.48E-06	1.59E-06	1.57E-06	9.24E-07	9.13E-07	8.62E-07	7.07E-07	8.02E-07	8.20E-07	7.00E-07	6.20E-07	6.98E-07	6.71E-07
YDR390C	3.69E-07	3.52E-07	4.02E-07	3.27E-07	3.30E-07	3.67E-07	2.23E-07	2.32E-07	2.12E-07	1.77E-07	1.95E-07	2.02E-07	2.47E-07	2.03E-07	2.47E-07	2.18E-07
YOR347C	6.54E-07	6.51E-07	7.10E-07	4.40E-07	4.71E-07	4.34E-07	3.14E-07	2.82E-07	3.26E-07	2.56E-07	2.51E-07	2.62E-07	4.04E-07	4.15E-07	4.50E-07	3.99E-07
YDR092W	1.48E-05	1.63E-05	1.62E-05	1.56E-05	1.53E-05	1.70E-05	9.75E-06	9.74E-06	9.58E-06	7.62E-06	8.04E-06	8.61E-06	5.53E-06	5.97E-06	6.15E-06	6.01E-06
YLR200W	2.42E-07	2.54E-07	2.24E-07	2.52E-07	2.74E-07	2.61E-07	1.58E-07	1.54E-07	1.43E-07	1.29E-07	1.40E-07	1.40E-07	1.50E-07	1.53E-07	1.61E-07	1.50E-07
YML103C	8.57E-08	9.88E-08	3.09E-07	NA	1.52E-07	1.39E-07	1.03E-07	8.59E-08	1.06E-07	7.60E-08	7.36E-08	1.25E-07	NA	1.54E-07	NA	8.39E-08
YER087C-B	2.27E-06	1.95E-06	2.01E-06	3.64E-06	3.44E-06	3.22E-06	2.78E-06	2.79E-06	2.44E-06	2.46E-06	2.37E-06	2.06E-06	1.60E-06	1.55E-06	2.22E-06	2.47E-06
YER019C-A	9.81E-07	9.77E-07	9.61E-07	1.41E-06	1.47E-06	1.30E-06	9.30E-07	8.70E-07	9.42E-07	7.93E-07	6.61E-07	7.72E-07	6.62E-07	6.56E-07	8.15E-07	9.16E-07
YDL116W	9.43E-08	NA	9.14E-08	1.04E-07	1.10E-07	1.04E-07	7.74E-08	6.88E-08	8.36E-08	5.22E-08	5.74E-08	5.82E-08	4.86E-08	NA	6.24E-08	7.42E-08
YLR089C	9.80E-07	1.02E-06	9.30E-07	1.34E-06	1.48E-06	1.42E-06	5.92E-07	5.50E-07	5.26E-07	4.25E-07	3.89E-07	3.82E-07	3.77E-07	3.54E-07	4.00E-07	3.94E-07
YLR153C	1.05E-05	9.04E-06	8.74E-06	1.28E-05	1.34E-05	1.31E-05	1.05E-05	1.07E-05	1.14E-05	8.91E-06	8.91E-06	9.57E-06	1.42E-05	1.36E-05	1.40E-05	1.49E-05
YPR173C	3.23E-07	3.66E-07	3.04E-07	3.71E-07	3.81E-07	4.18E-07	2.67E-07	2.90E-07	2.31E-07	2.41E-07	2.50E-07	2.33E-07	2.29E-07	2.00E-07	2.38E-07	2.29E-07
YDR335W	2.27E-07	1.68E-07	2.47E-07	2.05E-07	2.15E-07	2.16E-07	1.43E-07	1.63E-07	1.45E-07	1.08E-07	1.12E-07	1.30E-07	1.02E-07	9.75E-08	1.32E-07	1.59E-07
YGL027C	4.16E-08	3.66E-08	4.43E-08	5.93E-08	5.39E-08	5.28E-08	4.16E-08	4.52E-08	3.48E-08	3.33E-08	2.68E-08	3.80E-08	2.81E-08	3.31E-08	NA	2.66E-08
YGL094C	3.10E-08	2.70E-08	NA	3.45E-08	2.64E-08	3.49E-08	2.34E-08	2.49E-08	NA	1.99E-08	2.05E-08	2.17E-08	NA	NA	NA	NA
YGL100W	7.37E-07	8.54E-07	5.93E-07	9.84E-07	9.06E-07	9.72E-07	5.56E-07	5.99E-07	6.04E-07	4.44E-07	5.22E-07	5.13E-07	4.09E-07	4.39E-07	4.83E-07	4.28E-07
YGL112C	NA	2.10E-07	2.23E-07	2.48E-07	2.50E-07	2.70E-07	1.66E-07	1.71E-07	1.82E-07	NA	1.25E-07	5.23E-08	1.48E-07	1.33E-07	1.68E-07	1.74E-07
YGR123C	2.30E-07	2.52E-07	2.21E-07	1.93E-07	1.91E-07	1.89E-07	1.17E-07	1.17E-07	1.05E-07	8.58E-08	9.73E-08	8.95E-08	2.43E-07	2.08E-07	2.18E-07	2.22E-07
YGR048W	5.38E-07	5.54E-07	5.55E-07	5.59E-07	6.41E-07	6.98E-07	4.65E-07	4.38E-07	4.28E-07	3.74E-07	3.95E-07	3.95E-07	2.75E-07	2.77E-07	3.03E-07	2.54E-07
YGR060W	5.07E-07	4.42E-07	6.22E-07	7.53E-07	6.90E-07	7.20E-07	6.37E-07	7.45E-07	7.82E-07	5.19E-07	6.05E-07	6.24E-07	3.33E-07	3.42E-07	3.70E-07	5.08E-07
YGR289C	2.37E-07	2.77E-07	9.25E-08	NA	2.33E-07	NA	1.10E-07	1.14E-07	1.10E-07	6.70E-08	1.20E-07	1.11E-07	1.11E-07	4.15E-08	1.12E-07	2.98E-08
YGL250W	7.75E-07	7.31E-07	NA	7.68E-07	6.70E-07	7.44E-07	4.19E-07	NA	4.65E-07	3.27E-07	1.83E-07	3.40E-07	NA	1.53E-07	NA	1.84E-07
YGL246C	NA	NA	7.84E-08	1.01E-07	NA	1.32E-07	8.64E-08	8.95E-08	6.56E-08	NA	7.82E-08	6.39E-08	8.29E-08	9.75E-08	7.41E-08	NA
YGL244W	5.67E-07	5.69E-07	5.19E-07	5.38E-07	5.82E-07	5.99E-07	3.75E-07	3.64E-07	3.57E-07	2.70E-07	3.42E-07	3.49E-07	3.26E-07	3.33E-07	3.01E-07	3.17E-07
YGL242C	5.51E-07	6.71E-07	6.64E-07	8.23E-07	9.43E-07	7.98E-07	5.63E-07	6.16E-07	4.85E-07	4.87E-07	5.42E-07	5.39E-07	3.25E-07	3.14E-07	3.49E-07	3.48E-07
YGL241W	NA	3.78E-08	5.45E-08	6.66E-08	5.45E-08	6.66E-08	4.82E-08	5.20E-08	5.12E-08	3.30E-08	3.88E-08	NA	NA	NA	NA	2.48E-08
YGL232W	3.97E-07	4.00E-07	3.30E-07	4.15E-07	5.73E-07	4.69E-07	2.72E-07	2.50E-07	2.70E-07	1.95E-07	2.43E-07	2.22E-07	2.12E-07	2.26E-07	2.30E-07	1.95E-07
YGL231C	6.54E-08	6.52E-08	7.09E-08	1.05E-07	9.64E-08	NA	6.79E-08	6.71E-08	7.58E-08	6.38E-08	6.90E-08	5.57E-08	NA	NA	NA	4.16E-08
YGL228W	1.42E-06	1.36E-06	1.71E-06	2.58E-06	2.80E-06	2.61E-06	1.93E-06	2.05E-06	1.99E-06	1.62E-06	1.73E-06	1.89E-06	9.45E-07	8.62E-07	9.92E-07	1.01E-06
YGL227W	4.56E-08	4.54E-08	NA	4.27E-08	4.96E-08	NA	1.87E-08	3.32E-08	3.15E-08	2.31E-08	NA	2.42E-08	NA	1.68E-08	3.02E-08	NA
YGL226W	2.19E-07	2.03E-07	1.92E-07	1.72E-07	NA	1.72E-07	1.17E-07	1.05E-07	1.38E-07	8.98E-08	9.40E-08	9.44E-08	1.46E-07	1.38E-07	1.57E-07	1.57E-07
YGL224C	NA	NA	NA	NA	2.01E-08	NA	1.81E-08	NA	1.19E-08	NA	NA	2.62E-08	NA	NA	NA	NA
YGL223C	NA	2.51E-08	3.99E-08	2.63E-08	NA	2.52E-08	1.58E-08	1.73E-08	2.20E-08	1.19E-08	1.70E-08	1.73E-08	2.20E-08	2.32E-08	2.10E-08	1.91E-08
YGL221C	2.50E-06	2.65E-06	2.81E-06	2.63E-06	2.73E-06	2.94E-06	1.67E-06	1.74E-06	1.60E-06	1.35E-06	1.43E-06	1.51E-06	1.33E-06	1.33E-06	1.35E-06	1.33E-06
YGL220W	2.25E-07	2.86E-07	2.67E-07	2.33E-07	2.04E-07	2.40E-07	NA	1.27E-07	1.30E-07	1.02E-07	1.03E-07	1.13E-07	1.55E-07	1.73E-07	1.69E-07	1.72E-07
YGL202W	5.78E-06	5.97E-06	5.85E-06	7.49E-06	7.60E-06	7.36E-06	4.87E-06	4.73E-06	4.85E-06	4.27E-06	4.04E-06	4.80E-06	5.41E-06	5.64E-06	5.64E-06	5.69E-06
YGL201C	2.37E-07	1.98E-07	2.38E-07	2.42E-07	2.79E-07	2.72E-07	1.78E-07	2.16E-07	2.27E-07	1.75E-07	1.77E-07	1.66E-07	1.97E-07	2.07E-07	1.96E-07	1.81E-07
YGL197W	2.34E-08	1.70E-08	1.93E-08	NA	NA	NA	9.98E-09	2.19E-08	NA	1.73E-08	3.31E-09	NA	NA	NA	NA	NA
YGL196W	3.91E-07	3.60E-07	3.71E-07	6.14E-07	6.04E-07	6.91E-07	5.98E-07	5.78E-07	5.81E-07	6.41E-07	6.26E-07	6.25E-07	1.17E-07	1.17E-07	1.25E-07	1.07E-07
YGL185C	4.56E-07	3.88E-07	4.33E-07	4.89E-07	4.12E-07	5.00E-07	3.08E-07	2.64E-07	3.04E-07	2.25E-07	2.29E-07	2.24E-07	1.93E-07	1.87E-07	1.98E-07	1.66E-07
YGL184C	3.79E-07	4.27E-07	4.27E-07	2.95E-07	2.44E-07	2.74E-07	2.22E-07	2.06E-07	2.29E-07	1.81E-07	1.88E-07	1.84E-07	1.75E-07	1.79E-07	2.00E-07	1.77E-07
YGL180W	NA	NA	5.38E-09	5.03E-09	NA	4.78E-09	NA	8.61E-09	8.67E-09	2.80E-09	NA	2.37E-09	5.78E-09	3.56E-09	NA	NA
YGL164C	8.95E-09	8.52E-09	8.58E-09	9.31E-09	8.46E-09	1.05E-08	5.62E-09	7.93E-09	4.70E-09	6.25E-09	6.01E-09	5.24E-09	2.57E-09	3.37E-09	3.66E-09	3.41E-09
YGL161C	NA	NA	1.78E-07	NA	4.44E-07	NA	NA	2.63E-07	NA	NA	2.44E-07	NA	NA	1.88E-07	1.88E-07	1.16E-07
YGL157W	NA	5.67E-07	NA	1.79E-07	1.86E-07	2.07E-07	3.36E-07	3.08E-07	3.29E-07	3.84E-07	5.38E-07	4.03E-07	NA	1.40E-07	NA	4.18E-07
YGL153W	8.33E-08	8.12E-08	6.42E-08	5.84E-08	5.70E-08	5.81E-08	2.71E-08	2.89E-08	2.84E-08	2.00E-08	2.25E-08	2.61E-08	3.23E-08	2.92E-08	3.20E-08	3.25E-08
YGL151W	NA	NA	NA	NA	NA	NA	NA	2.32E-08	1.91E-08	NA	NA	2.89E-08	NA	NA	NA	2.47E-08
YGL150C	1.66E-07	2.06E-07	1.81E-07	2.58E-07	2.27E-07	2.12E-07	1.67E-07	1.97E-07	1.82E-07	1.29E-07	1.39E-07	1.43E-07	1.45E-07	1.58E-07	1.89E-07	1.78E-07
YGL133W	3.35E-08	NA	2.59E-08	NA	1.50E-08	2.10E-08	NA	1.57E-08	1.42E-08	NA	NA	1.54E-08	NA	NA	NA	1.99E-08
YGL125W	1.41E-06	1.32E-06	1.23E-06	1.31E-06	1.28E-06	1.67E-06	1.06E-06	1.14E-06	1.31E-06	1.01E-06	9.33E-07	1.19E-06	2.41E-06	1.80E-06	1.80E-06	1.89E-06
YGL120C	9.09E-07	9.41E-07	9.59E-07	8.56E-07	8.76E-07	9.10E-07	4.66E-07	4.55E-07	5.06E-07	3.51E-07	4.21E-07	3.64E-07	1.13E-06	1.13E-06	1.11E-06	1.24E-06
YGL111W	1.92E-07	2.09E-07	1.66E-07	1.29E-07	1.77E-07	1.52E-07	9.49E-08	8.98E-08	8.81E-08	6.86E-08	8.99E-08	5.61E-08	1.27E-07	1.37E-07	1.28E-07	1.17E-07
YGL108C	4.00E-07	4.31E-07	3.86E-07	4.54E-07	4.90E-07	5.08E-07	3.17E-07	2.87E-07	2.63E-07	2.43E-07	2.68E-07	2.46E-07	1.93E-07	1.79E-07	1.81E-07	1.79E-07
YGL107C	1.65E-07	1.81E-07	1.77E-07	1.46E-07	1.48E-07	1.56E-07	1.18E-07	1.05E-07	9.55E-08	7.64E-08	7.24E-08	8.26E-08	2.86E-07	2.76E-07	2.93E-07	2.95E-07
YGL106W	5.52E-07	5.66E-07	5.10E-07	5.75E-07	6.06E-07	6.07E-07	3.80E-07	3.94E-07	3.72E-07	2.91E-07	3.46E-07	3.44E-07	3.87E-07	3.67E-07	3.77E-07	3.86E-07
YGL101W	2.02E-07	NA	1.08E-07	NA	NA	2.55E-07	9.97E-08	1.12E-07	1.12E-07	7.92E-08	9.56E-08	1.15E-07	1.97E-07	2.10E-07	1.83E-07	2.61E-07
YGL099W	2.79E-07	3.11E-07	2.39E-07	2.20E-07	2.41E-07	2.56E-07	1.33E-07	1.37E-07	1.32E-07	1.23E-07	1.27E-07	1.24E-07	2.41E-07	2.45E-07	2.30E-07	2.36E-07
YGL087C	3.31E-06	3.46E-06	3.03E-06	4.18E-06	3.94E-06	4.20E-06	2.73E-06	2.99E-06	2.81E-06	2.45E-06	2.69E-06	2.49E-06	1.50E-06	1.47E-06	1.52E-06	1.34E-06
YGL082W	3.28E-07	3.79E-07	3.14E-07	5.29E-07	5.13E-07	5.79E-07	3.51E-07	3.72E-07	3.53E-07	3.32E-07	3.00E-07	3.25E-07	1.72E-07	1.88E-07	NA	1.81E-07
YGL080W	3.32E-07	NA	NA	3.18E-07	5.06E-07	NA	NA	1.17E-07	NA	2.08E-07	1.39E-07	9.21E-08	NA	9.45E-08	8.83E-08	NA
YGL068W	1.81E-06	1.79E-06	1.81E-06	1.35E-06	1.41E-06	1.52E-06	8.13E-07	9.07E-07	8.81E-07	6.61E-07	6.84E-07	7.34E-07	2.85E-06	2.79E-06	3.01E-06	2.94E-06
YGL067W	4.61E-07	3.52E-07	3.01E-07	4.03E-07	3.59E-07	NA	NA	3.05E-07	2.82E-07	2.29E-07	2.94E-07	2.14E-07	2.92E-07	1.04E-07	1.99E-07	2.40E-07
YGL066W	1.82E-07	3.33E-07	1.72E-07	2.89E-07	4.44E-07	2.17E-07	2.14E-07	2.08E-07	2.31E-07	1.69E-07	2.03E-07	1.99E-07	1.92E-07	1.68E-07	1.57E-07	1.86E-07
YGL064C	7.65E-08	8.97E-08	6.23E-08	5.55E-08	NA	NA	5.29E-08	6.79E-08	3.21E-08	4.38E-08	NA	3.81E-08	3.78E-08	9.83E-08	1.07E-07	1.33E-07
YGL060W	NA	NA	NA	NA	NA	5.24E-08	NA	NA	NA	NA	NA	NA	NA	NA	NA	NA
YGL059W	3.08E-08	2.99E-08	3.28E-08	NA	1.89E-08	NA	NA	NA	1.74E-08	1.63E-08	1.50E-08	1.50E-08	NA	NA	NA	NA
YGL057C	NA	NA	NA	NA	NA	7.72E-08	4.38E-08	NA	4.01E-08	NA	3.77E-08	NA	NA	NA	NA	NA
YGL056C	4.15E-07	3.64E-07	3.37E-07	2.75E-07	3.03E-07	2.83E-07	1.27E-07	1.63E-07	1.48E-07	1.10E-07	1.37E-07	1.04E-07	1.91E-07	1.83E-07	2.26E-07	2.02E-07
YGL054C	6.33E-07	7.46E-07	8.34E-07	1.24E-06	1.25E-06	1.39E-06	9.72E-07	9.77E-07	1.11E-06	7.15E-07	8.99E-07	7.76E-07	3.84E-07	4.25E-07	NA	6.06E-07
YGL050W	8.66E-08	1.07E-07	9.64E-08	1.07E-07	1.21E-07	1.07E-07	6.42E-08	6.88E-08	5.92E-08	6.69E-08	7.05E-08	6.22E-08	5.81E-08	6.84E-08	7.27E-08	NA
YGL047W	NA	5.79E-08	NA	NA	6.88E-08	4.11E-08	NA	2.20E-07	NA	NA	4.24E-08	NA	NA	NA	NA	2.60E-08
YGL039W	NA	NA	NA	NA	NA	NA	NA	NA	NA	NA	NA	NA	NA	NA	NA	NA
YGL037C	9.52E-06	1.10E-05	1.40E-05	1.23E-05	1.06E-05	1.16E-05	6.97E-06	7.06E-06	6.92E-06	4.98E-06	5.57E-06	5.17E-06	2.75E-06	2.52E-06	2.84E-06	2.62E-06
YGL029W	7.31E-07	7.08E-07	5.86E-07	8.55E-07	8.65E-07	6.52E-07	6.12E-07	4.18E-07	4.43E-07	NA	6.07E-07	4.87E-07	6.21E-07	7.03E-07	6.38E-07	6.56E-07
YGL028C	NA	NA	NA	NA	NA	NA	3.65E-08	NA	3.31E-08	NA	NA	NA	4.51E-08	NA	NA	NA
YGL023C	9.24E-08	7.97E-08	8.51E-08	1.00E-07	9.53E-08	1.03E-07	6.66E-08	6.01E-08	5.44E-08	4.05E-08	4.14E-08	7.65E-08	3.75E-08	3.14E-08	4.24E-08	4.00E-08
YGL020C	1.54E-07	1.31E-07	1.83E-07	NA	2.23E-07	2.10E-07	1.93E-07	1.84E-07	1.96E-07	1.44E-07	1.49E-07	1.14E-07	NA	7.52E-08	NA	1.18E-07
YGL018C	3.73E-07	3.89E-07	3.67E-07	2.94E-07	3.07E-07	3.34E-07	1.60E-07	1.69E-07	1.82E-07	1.25E-07	1.38E-07	1.35E-07	1.83E-07	1.73E-07	2.18E-07	2.14E-07
YGL005C	NA	NA	NA	1.63E-07	3.30E-08	4.95E-08	NA	NA	NA	NA	NA	NA	NA	NA	NA	NA
YGL004C	2.09E-07	NA	2.67E-07	3.10E-07	NA	2.43E-07	1.89E-07	2.26E-07	1.93E-07	1.72E-07	1.48E-07	NA	NA	1.11E-07	1.11E-07	1.37E-07
YGL001C	2.64E-06	2.57E-06	1.71E-06	1.93E-06	1.96E-06	1.94E-06	1.69E-06	1.76E-06	1.73E-06	1.44E-06	1.45E-06	1.62E-06	1.71E-06	1.70E-06	1.72E-06	1.62E-06
YGR001C	1.14E-06	1.08E-06	1.09E-06	1.27E-06	1.19E-06	1.35E-06	8.73E-07	8.26E-07	8.04E-07	6.26E-07	7.58E-07	7.43E-07	7.75E-07	7.75E-07	9.19E-07	7.47E-07
YGR002C	1.94E-08	2.55E-08	3.57E-08	1.94E-08	1.48E-08	3.72E-08	2.13E-08	3.57E-08	1.65E-08	1.99E-08	2.07E-08	1.14E-08	NA	2.14E-08	2.27E-08	1.90E-08
YGR012W	4.72E-07	4.23E-07	3.74E-07	4.33E-07	6.64E-07	4.08E-07	2.67E-07	2.82E-07	2.36E-07	2.13E-07	2.15E-07	2.12E-07	2.42E-07	2.29E-07	2.78E-07	2.29E-07
YGR013W	NA	NA	NA	1.08E-08	NA	NA	8.02E-09	8.42E-09	7.42E-09	7.67E-09	9.21E-09	NA	NA	NA	5.80E-09	NA
YGR017W	2.53E-07	3.29E-07	3.56E-07	4.07E-07	3.77E-07	4.78E-07	2.61E-07	2.08E-07	2.27E-07	1.73E-07	2.72E-07	2.26E-07	2.14E-07	2.07E-07	3.01E-07	2.35E-07
YGR021W	2.26E-07	2.22E-07	1.90E-07	1.52E-07	1.36E-07	1.73E-07	1.32E-07	1.16E-07	9.85E-08	7.56E-08	8.70E-08	8.63E-08	3.76E-07	3.84E-07	4.25E-07	3.85E-07
YGR030C	1.72E-07	1.63E-07	1.07E-07	1.34E-07	1.36E-07	1.49E-07	5.83E-08	6.33E-08	5.72E-08	5.28E-08	5.13E-08	5.75E-08	9.30E-08	8.07E-08	8.86E-08	8.27E-08
YGR031W	3.72E-07	2.70E-07	3.32E-07	2.53E-07	2.40E-07	2.71E-07	1.50E-07	1.60E-07	1.31E-07	1.19E-07	1.24E-07	1.16E-07	1.53E-07	1.31E-07	1.42E-07	1.22E-07
YGR033C	7.54E-07	6.93E-07	7.33E-07	7.08E-07	7.36E-07	6.97E-07	3.27E-07	2.90E-07	3.12E-07	2.50E-07	2.56E-07	2.38E-07	2.75E-07	2.32E-07	2.97E-07	4.43E-07
YGR034W	6.44E-05	6.63E-05	5.81E-05	5.86E-05	5.62E-05	6.18E-05	3.78E-05	3.64E-05	3.84E-05	2.86E-05	2.94E-05	3.04E-05	6.29E-05	6.28E-05	6.19E-05	6.16E-05
YGR043C	1.56E-06	2.12E-06	2.72E-06	1.75E-06	1.50E-06	1.70E-06	2.14E-07	2.25E-07	1.85E-07	1.40E-07	1.32E-07	9.54E-08	5.61E-08	5.03E-08	4.55E-08	3.07E-08
YGR054W	1.90E-06	1.82E-06	2.04E-06	1.53E-06	1.65E-06	1.60E-06	1.08E-06	1.06E-06	1.13E-06	9.38E-07	8.80E-07	9.99E-07	2.52E-06	2.44E-06	2.53E-06	2.45E-06
YGR056W	9.78E-08	4.82E-08	NA	5.99E-08	6.15E-08	5.43E-08	NA	2.59E-08	6.13E-08	NA	3.76E-08	NA	4.80E-08	4.32E-08	4.08E-08	3.92E-08
YGR080W	1.76E-06	1.90E-06	1.55E-06	1.92E-06	2.05E-06	2.12E-06	1.22E-06	1.24E-06	1.20E-06	1.00E-06	1.12E-06	1.08E-06	8.24E-07	7.91E-07	8.75E-07	8.53E-07
YGR086C	2.01E-05	2.30E-05	2.42E-05	4.14E-05	4.78E-05	4.35E-05	2.85E-05	3.02E-05	2.91E-05	2.71E-05	2.49E-05	2.66E-05	8.75E-06	8.90E-06	9.29E-06	9.39E-06
YGR089W	1.01E-08	9.18E-09	NA	9.71E-09	8.66E-09	8.78E-09	5.97E-09	6.24E-09	5.49E-09	4.37E-09	4.63E-09	4.77E-09	6.83E-09	1.02E-08	7.46E-09	6.18E-09
YGR090W	1.80E-07	2.00E-07	2.32E-07	1.83E-07	2.25E-07	2.22E-07	1.19E-07	1.19E-07	1.29E-07	1.01E-07	9.35E-08	1.09E-07	1.95E-07	1.92E-07	2.13E-07	2.48E-07
YGR093W	NA	NA	NA	NA	NA	NA	NA	NA	NA	NA	NA	4.00E-08	NA	NA	NA	NA
YGR095C	2.02E-07	1.40E-07	1.35E-07	1.51E-07	1.58E-07	1.69E-07	1.51E-07	1.55E-07	1.55E-07	7.81E-08	7.62E-08	1.06E-07	1.06E-07	1.08E-07	1.31E-07	4.82E-08
YGR100W	NA	NA	NA	NA	NA	4.31E-06	NA	2.74E-06	1.99E-06	2.33E-06	2.80E-06	NA	NA	NA	NA	NA
YGR103W	6.35E-07	6.54E-07	6.18E-07	5.81E-07	6.03E-07	6.29E-07	3.59E-07	3.70E-07	3.43E-07	2.68E-07	3.04E-07	2.79E-07	7.56E-07	6.69E-07	7.75E-07	8.47E-07
YGR106C	1.12E-07	NA	1.06E-07	2.07E-07	2.00E-07	2.12E-07	NA	1.46E-07	2.05E-07	1.28E-07	1.67E-07	1.16E-07	8.38E-08	7.70E-08	9.54E-08	1.30E-07
YGR110W	8.73E-09	1.60E-08	8.05E-09	NA	NA	NA	NA	6.96E-09	NA	NA	NA	NA	6.17E-09	4.50E-09	NA	4.38E-09
YGR111W	NA	2.35E-07	NA	2.69E-07	2.31E-07	NA	1.62E-07	1.48E-07	1.38E-07	1.15E-07	9.25E-08	1.20E-07	2.05E-07	2.33E-07	2.10E-07	2.05E-07
YGR112W	NA	NA	6.08E-08	NA	7.65E-08	5.97E-08	NA	3.80E-08	3.68E-08	2.81E-08	2.96E-08	3.25E-08	8.76E-08	NA	9.41E-08	1.11E-07
YGR113W	NA	8.85E-08	NA	1.47E-07	1.24E-07	1.48E-07	9.07E-08	NA	NA	6.40E-08	NA	NA	NA	4.69E-08	NA	3.54E-08
YGR117C	9.68E-08	NA	NA	NA	NA	NA	NA	NA	NA	NA	NA	NA	NA	NA	NA	5.54E-08
YGR122W	3.90E-08	NA	NA	NA	5.20E-08	NA	NA	NA	2.19E-08	NA	NA	NA	NA	2.67E-08	NA	NA
YGR125W	NA	NA	NA	3.53E-07	NA	NA	NA	1.89E-07	1.99E-07	NA	NA	NA	NA	NA	NA	6.98E-08
YGR126W	6.01E-08	6.39E-08	5.55E-08	1.27E-07	1.13E-07	9.05E-08	5.56E-08	6.77E-08	5.71E-08	4.53E-08	4.92E-08	5.69E-08	NA	NA	NA	2.05E-08
YGR127W	1.65E-07	2.71E-07	2.79E-07	1.54E-07	1.49E-07	1.65E-07	3.83E-08	7.44E-08	8.12E-08	5.27E-08	7.01E-08	NA	NA	NA	NA	2.14E-08
YGR128C	NA	2.73E-07	2.53E-07	2.59E-07	1.86E-07	2.14E-07	9.03E-08	9.26E-08	9.65E-08	NA	NA	1.33E-07	2.35E-07	1.95E-07	3.48E-07	2.17E-07
YGR130C	1.39E-06	1.55E-06	1.50E-06	2.79E-06	2.67E-06	2.86E-06	1.74E-06	1.85E-06	1.74E-06	1.41E-06	1.61E-06	1.55E-06	5.42E-07	5.05E-07	6.10E-07	5.53E-07
YGR163W	2.12E-07	2.24E-07	2.49E-07	4.42E-07	4.76E-07	3.96E-07	2.79E-07	2.95E-07	2.95E-07	2.57E-07	2.64E-07	NA	NA	1.31E-07	1.55E-07	9.33E-08
YGR165W	4.08E-07	3.50E-07	3.04E-07	2.79E-07	2.69E-07	2.99E-07	1.93E-07	1.96E-07	1.68E-07	1.26E-07	1.27E-07	1.22E-07	5.37E-07	4.73E-07	5.11E-07	4.92E-07
YGR173W	1.23E-06	1.17E-06	1.06E-06	1.03E-06	8.66E-07	9.59E-07	5.51E-07	5.74E-07	6.29E-07	4.31E-07	5.27E-07	5.13E-07	8.42E-07	8.39E-07	9.47E-07	9.13E-07
YGR178C	8.24E-07	7.82E-07	7.71E-07	7.32E-07	7.76E-07	7.95E-07	4.98E-07	4.97E-07	5.14E-07	3.93E-07	4.36E-07	4.49E-07	6.94E-07	6.49E-07	7.05E-07	6.63E-07
YGR179C	NA	3.19E-08	NA	NA	NA	3.17E-08	NA	2.44E-08	NA	2.02E-08	2.54E-08	2.34E-08	NA	1.38E-08	NA	NA
YGR181W	1.75E-06	2.00E-06	1.71E-06	1.43E-06	1.61E-06	1.53E-06	8.51E-07	8.54E-07	8.61E-07	6.71E-07	7.18E-07	7.45E-07	1.06E-06	1.05E-06	1.15E-06	1.12E-06
YGR189C	1.40E-07	1.32E-07	1.60E-07	1.79E-07	1.56E-07	1.82E-07	1.23E-07	1.23E-07	1.11E-07	9.36E-08	1.05E-07	1.03E-07	7.96E-08	9.73E-08	8.76E-08	8.45E-08
YGR211W	1.01E-06	1.21E-06	1.10E-06	1.39E-06	1.30E-06	1.31E-06	6.75E-07	7.12E-07	7.24E-07	5.60E-07	5.36E-07	5.63E-07	6.23E-07	6.30E-07	6.24E-07	6.15E-07
YGR215W	2.67E-08	3.52E-08	2.71E-08	NA	NA	1.98E-08	9.55E-09	1.34E-08	9.64E-09	8.75E-09	NA	NA	3.62E-08	3.60E-08	3.92E-08	4.97E-08
YGR244C	7.25E-06	7.72E-06	7.27E-06	7.54E-06	7.74E-06	7.69E-06	3.84E-06	3.84E-06	3.82E-06	3.07E-06	2.86E-06	3.22E-06	3.75E-06	3.46E-06	4.42E-06	3.96E-06
YGR245C	3.14E-08	3.06E-08	3.13E-08	3.19E-08	3.96E-08	3.92E-08	2.43E-08	2.55E-08	2.41E-08	1.62E-08	1.94E-08	1.90E-08	7.24E-08	8.11E-08	NA	8.33E-08
YGR248W	9.34E-07	1.28E-06	1.72E-06	1.51E-06	1.34E-06	1.33E-06	9.07E-07	9.83E-07	9.35E-07	7.60E-07	8.22E-07	7.62E-07	3.70E-07	7.62E-08	2.61E-07	NA
YGR250C	4.17E-07	3.04E-07	3.88E-07	3.26E-07	3.31E-07	3.68E-07	2.20E-07	1.76E-07	1.92E-07	1.60E-07	1.50E-07	1.54E-07	2.23E-07	1.95E-07	2.54E-07	2.19E-07
YGR251W	NA	NA	2.64E-08	2.87E-08	3.09E-08	NA	2.59E-08	1.55E-08	NA	NA	1.47E-08	NA	NA	NA	1.90E-08	2.06E-08
YGR255C	4.71E-08	NA	3.02E-08	3.30E-08	NA	3.15E-08	4.41E-08	3.05E-08	2.75E-08	3.05E-08	3.12E-08	4.70E-08	NA	1.94E-08	NA	NA
YGR256W	8.50E-07	1.01E-06	1.33E-06	1.22E-06	1.04E-06	1.07E-06	2.37E-07	2.29E-07	2.19E-07	1.68E-07	1.40E-07	1.21E-07	3.04E-08	3.62E-08	NA	3.90E-08
YGR262C	1.62E-06	1.82E-06	1.87E-06	1.62E-06	2.22E-06	1.51E-06	1.33E-06	1.13E-06	1.33E-06	4.82E-07	1.10E-06	1.32E-06	7.61E-07	7.14E-07	1.03E-06	9.03E-07
YGR266W	2.69E-07	3.00E-07	2.64E-07	3.03E-07	3.70E-07	2.94E-07	1.67E-07	1.50E-07	1.64E-07	1.49E-07	1.39E-07	1.21E-07	1.73E-07	1.64E-07	1.99E-07	1.88E-07
YGR271W	NA	NA	NA	NA	NA	NA	2.12E-08	NA	2.71E-08	NA	1.71E-08	1.99E-08	NA	NA	2.37E-08	NA
YGR275W	NA	NA	2.16E-07	NA	NA	NA	1.21E-07	NA	1.30E-07	1.34E-07	1.24E-07	1.49E-07	1.18E-07	1.44E-07	1.18E-07	1.05E-07
YGR276C	1.92E-07	1.66E-07	NA	NA	1.43E-07	NA	NA	1.37E-07	6.91E-08	7.91E-08	NA	1.04E-07	NA	NA	NA	7.41E-08
YGR277C	NA	5.12E-07	NA	5.79E-07	NA	8.38E-07	NA	NA	4.41E-07	NA	NA	NA	NA	NA	NA	1.89E-07
YGR279C	8.45E-07	6.79E-07	7.98E-07	1.15E-06	1.22E-06	1.14E-06	9.80E-07	1.06E-06	1.02E-06	8.17E-07	8.82E-07	9.59E-07	5.10E-07	4.76E-07	5.17E-07	4.77E-07
YGR280C	NA	5.56E-08	NA	NA	NA	NA	NA	NA	NA	NA	NA	NA	NA	NA	NA	7.06E-08
YGR284C	NA	1.96E-07	NA	NA	5.59E-07	NA	NA	NA	NA	NA	NA	NA	NA	NA	NA	NA
YLR212C	NA	2.08E-07	NA	NA	2.17E-07	NA	NA	NA	NA	NA	NA	NA	NA	NA	NA	NA
YNL070W	NA	5.45E-07	NA	5.55E-07	NA	5.12E-07	3.27E-07	3.63E-07	NA	2.95E-07	NA	3.67E-07	3.32E-07	NA	2.65E-07	NA
YNL222W	1.87E-07	1.70E-07	1.37E-07	1.85E-07	1.42E-07	1.76E-07	1.06E-07	1.07E-07	9.95E-08	9.26E-08	8.12E-08	1.03E-07	8.60E-08	1.10E-07	7.77E-08	7.41E-08
YNL126W	NA	NA	NA	NA	NA	NA	NA	NA	NA	NA	NA	NA	NA	NA	NA	NA
YOR259C	6.69E-06	7.09E-06	6.03E-06	6.71E-06	6.79E-06	6.73E-06	4.13E-06	4.42E-06	4.23E-06	3.63E-06	3.82E-06	3.76E-06	3.21E-06	3.04E-06	3.25E-06	3.26E-06
YNL118C	1.85E-07	1.52E-07	1.86E-07	1.98E-07	1.93E-07	2.20E-07	1.35E-07	1.33E-07	1.45E-07	9.95E-08	1.14E-07	1.26E-07	1.64E-07	1.51E-07	1.59E-07	1.71E-07
YPL127C	7.55E-07	6.81E-07	5.81E-07	1.53E-06	1.58E-06	1.70E-06	1.05E-06	1.06E-06	1.03E-06	9.77E-07	9.91E-07	9.92E-07	4.95E-07	4.60E-07	4.83E-07	4.62E-07
YNL139C	NA	3.24E-08	2.48E-08	4.98E-08	4.39E-08	2.93E-08	2.60E-08	2.64E-08	NA	4.07E-08	2.34E-08	3.40E-08	1.53E-08	4.14E-08	2.56E-08	2.80E-08
YOR142W	1.24E-05	1.30E-05	1.18E-05	1.18E-05	1.21E-05	1.21E-05	4.67E-06	4.84E-06	4.70E-06	3.95E-06	3.93E-06	4.40E-06	5.29E-06	5.04E-06	6.28E-06	5.62E-06
YPL010W	6.73E-07	7.78E-07	7.70E-07	9.26E-07	8.98E-07	8.64E-07	5.36E-07	5.07E-07	4.43E-07	4.95E-07	4.02E-07	4.22E-07	5.76E-07	5.94E-07	5.49E-07	5.74E-07
YNL036W	1.26E-06	1.31E-06	1.01E-06	1.89E-06	1.41E-06	1.37E-06	1.96E-06	2.07E-06	1.85E-06	3.40E-06	3.90E-06	3.25E-06	9.05E-07	1.02E-06	9.04E-07	9.86E-07
YNL066W	NA	NA	NA	NA	NA	NA	NA	NA	NA	NA	NA	NA	NA	8.84E-09	NA	NA
YNL251C	5.58E-07	4.21E-07	5.05E-07	6.14E-07	6.19E-07	5.61E-07	4.55E-07	4.21E-07	4.32E-07	3.59E-07	3.76E-07	3.77E-07	3.61E-07	3.16E-07	4.17E-07	4.02E-07
YDL145C	1.50E-06	1.44E-06	1.53E-06	1.52E-06	1.49E-06	1.58E-06	9.33E-07	9.56E-07	9.55E-07	7.20E-07	7.21E-07	7.79E-07	1.16E-06	1.16E-06	1.21E-06	1.38E-06
YNR023W	8.61E-08	8.55E-08	7.48E-08	1.21E-07	1.11E-07	9.82E-08	NA	5.68E-08	6.50E-08	4.23E-08	5.03E-08	7.22E-08	NA	7.56E-08	NA	NA
YNR019W	4.22E-07	4.45E-07	4.99E-07	8.33E-07	6.99E-07	1.37E-06	1.00E-06	1.05E-06	1.18E-06	8.95E-07	1.13E-06	1.17E-06	3.23E-07	1.98E-07	2.74E-07	3.22E-07
YNL044W	1.78E-06	1.49E-06	1.72E-06	2.64E-06	2.52E-06	3.06E-06	1.60E-06	1.67E-06	1.59E-06	1.25E-06	1.29E-06	1.45E-06	1.12E-06	1.04E-06	1.19E-06	1.77E-06
YLR216C	6.23E-06	6.80E-06	9.52E-06	5.15E-06	4.64E-06	5.27E-06	2.68E-06	2.64E-06	2.67E-06	2.05E-06	2.12E-06	2.08E-06	2.35E-06	2.38E-06	2.43E-06	2.29E-06
YNR015W	1.73E-07	1.63E-07	1.60E-07	1.32E-07	1.76E-07	1.49E-07	1.20E-07	8.50E-08	7.79E-08	6.41E-08	7.77E-08	7.93E-08	6.37E-08	1.08E-07	9.57E-08	1.27E-07
YNR018W	6.44E-07	5.97E-07	4.80E-07	4.83E-07	4.98E-07	5.19E-07	2.61E-07	3.13E-07	2.89E-07	2.39E-07	1.94E-07	2.07E-07	4.54E-07	4.81E-07	5.38E-07	5.17E-07
YNR020C	NA	1.24E-07	NA	6.05E-08	8.32E-08	NA	NA	NA	NA	NA	3.26E-08	NA	9.08E-08	NA	NA	5.48E-08
YNR021W	1.66E-06	1.38E-06	1.68E-06	2.48E-06	2.43E-06	2.47E-06	1.61E-06	1.63E-06	1.59E-06	1.21E-06	1.27E-06	1.38E-06	9.95E-07	9.86E-07	1.20E-06	1.46E-06
YNR022C	2.44E-07	2.50E-07	2.45E-07	1.68E-07	1.84E-07	1.88E-07	9.35E-08	1.05E-07	1.09E-07	7.05E-08	8.19E-08	9.18E-08	3.56E-07	3.44E-07	3.53E-07	3.21E-07
YNR024W	1.29E-07	1.27E-07	1.30E-07	1.18E-07	1.36E-07	1.57E-07	6.55E-08	7.36E-08	7.61E-08	5.25E-08	7.32E-08	7.10E-08	6.14E-08	6.20E-08	7.32E-08	NA
YNR027W	NA	NA	1.80E-08	1.94E-08	NA	NA	NA	NA	NA	NA	NA	NA	NA	NA	NA	NA
YNR029C	NA	NA	NA	NA	NA	NA	NA	NA	NA	4.35E-08	5.39E-08	NA	NA	6.03E-08	NA	NA
YNR030W	2.23E-07	1.44E-07	2.27E-07	NA	7.63E-07	7.18E-07	4.14E-07	3.97E-07	3.75E-07	NA	2.77E-07	3.10E-07	1.35E-07	1.44E-07	2.11E-07	2.09E-07
YNR035C	1.27E-06	1.21E-06	1.35E-06	1.56E-06	1.60E-06	1.50E-06	9.45E-07	1.03E-06	9.97E-07	8.78E-07	8.27E-07	8.72E-07	9.72E-07	9.15E-07	9.68E-07	9.92E-07
YNR036C	8.57E-07	9.18E-07	7.62E-07	5.88E-07	6.38E-07	6.79E-07	3.78E-07	4.54E-07	3.93E-07	3.08E-07	3.29E-07	3.72E-07	1.28E-06	1.17E-06	1.30E-06	1.32E-06
YNR037C	6.18E-07	7.62E-07	5.72E-07	5.07E-07	4.40E-07	5.71E-07	2.89E-07	2.91E-07	3.27E-07	1.52E-07	1.92E-07	2.27E-07	1.13E-06	1.04E-06	1.10E-06	1.09E-06
YNR038W	NA	NA	NA	NA	NA	NA	NA	NA	NA	NA	NA	NA	NA	NA	1.39E-08	NA
YNR040W	4.27E-07	4.66E-07	5.05E-07	3.24E-07	2.68E-07	3.23E-07	1.28E-07	1.79E-07	1.59E-07	1.25E-07	1.22E-07	NA	6.40E-07	5.64E-07	6.73E-07	6.52E-07
YNR046W	6.69E-08	7.17E-08	6.50E-08	6.30E-08	6.11E-08	6.39E-08	3.86E-08	4.21E-08	3.56E-08	3.28E-08	3.53E-08	3.70E-08	4.47E-08	4.20E-08	4.35E-08	4.28E-08
YNR051C	2.82E-07	2.86E-07	2.71E-07	3.10E-07	3.09E-07	3.07E-07	2.13E-07	2.22E-07	2.29E-07	1.70E-07	1.89E-07	1.92E-07	2.70E-07	2.76E-07	2.76E-07	2.54E-07
YNR053C	2.14E-07	2.07E-07	1.80E-07	1.60E-07	1.49E-07	1.51E-07	8.95E-08	8.59E-08	8.12E-08	6.94E-08	7.86E-08	9.05E-08	2.99E-07	3.23E-07	2.86E-07	2.85E-07
YNR054C	4.86E-08	6.31E-08	4.83E-08	4.88E-08	4.52E-08	3.50E-08	NA	2.45E-08	2.59E-08	1.93E-08	2.72E-08	NA	4.05E-08	4.48E-08	3.75E-08	4.41E-08
YNR067C	3.97E-08	NA	NA	NA	NA	5.93E-08	NA	3.35E-08	NA	2.97E-08	3.00E-08	NA	NA	2.35E-08	NA	NA
YML080W	9.29E-08	1.32E-07	7.42E-08	8.34E-08	8.85E-08	9.36E-08	5.22E-08	4.90E-08	4.78E-08	3.62E-08	4.26E-08	4.42E-08	7.49E-08	8.37E-08	9.21E-08	8.42E-08
YNL281W	2.82E-06	3.15E-06	4.57E-06	3.09E-06	2.63E-06	3.13E-06	1.83E-06	1.81E-06	1.63E-06	1.52E-06	1.57E-06	1.58E-06	1.63E-06	1.64E-06	1.74E-06	1.58E-06
YNL274C	3.58E-06	3.96E-06	4.09E-06	5.40E-06	5.06E-06	5.52E-06	1.89E-06	1.89E-06	1.87E-06	1.51E-06	1.65E-06	1.62E-06	7.30E-07	6.96E-07	7.95E-07	7.32E-07
YNL265C	4.13E-07	4.05E-07	4.09E-07	5.97E-07	6.12E-07	5.05E-07	3.54E-07	3.81E-07	3.48E-07	3.22E-07	2.88E-07	3.43E-07	2.39E-07	2.40E-07	2.83E-07	2.65E-07
YNL264C	4.00E-08	NA	NA	4.35E-08	4.63E-08	5.92E-08	1.21E-08	1.29E-08	2.47E-08	2.92E-08	NA	NA	NA	NA	NA	NA
YNL263C	1.13E-07	1.24E-07	NA	NA	2.50E-07	NA	1.64E-07	1.87E-07	1.48E-07	8.15E-08	1.16E-07	1.16E-07	NA	NA	7.30E-08	1.16E-07
YNL258C	5.93E-08	NA	7.03E-08	NA	7.36E-08	6.28E-08	NA	4.48E-08	4.39E-08	NA	NA	3.94E-08	NA	NA	3.91E-08	NA
YNL256W	1.19E-07	NA	NA	8.93E-08	1.69E-07	1.02E-07	8.48E-08	1.03E-07	6.87E-08	5.94E-08	6.86E-08	NA	8.52E-08	1.15E-07	1.12E-07	9.55E-08
YNL247W	9.43E-07	8.43E-07	9.30E-07	7.49E-07	7.51E-07	7.55E-07	5.48E-07	5.21E-07	5.52E-07	4.43E-07	4.22E-07	4.74E-07	1.14E-06	1.18E-06	1.09E-06	1.15E-06
YNL246W	1.24E-07	1.32E-07	1.33E-07	1.89E-07	1.77E-07	1.84E-07	1.06E-07	1.21E-07	1.11E-07	9.29E-08	1.00E-07	9.95E-08	8.17E-08	8.09E-08	7.94E-08	7.87E-08
YNL233W	NA	NA	NA	NA	NA	1.54E-08	NA	NA	NA	NA	1.10E-08	NA	1.01E-08	NA	NA	NA
YNL232W	1.42E-07	1.29E-07	1.36E-07	1.42E-07	9.34E-08	1.50E-07	NA	8.25E-08	8.84E-08	6.59E-08	6.82E-08	7.15E-08	8.35E-08	8.60E-08	8.71E-08	7.06E-08
YNL231C	8.72E-07	9.02E-07	9.38E-07	1.10E-06	1.11E-06	1.04E-06	8.11E-07	7.50E-07	7.80E-07	6.97E-07	7.00E-07	7.49E-07	8.28E-07	8.46E-07	8.31E-07	8.22E-07
YNL227C	1.37E-08	1.29E-08	7.66E-09	7.74E-09	5.20E-09	6.77E-09	6.08E-09	NA	4.82E-09	3.24E-09	NA	4.02E-09	1.81E-08	1.48E-08	NA	NA
YNL225C	NA	NA	NA	NA	NA	NA	NA	NA	NA	2.98E-08	NA	NA	NA	NA	NA	NA
YNL219C	2.78E-07	2.62E-07	2.74E-07	3.24E-07	3.72E-07	3.27E-07	2.57E-07	2.38E-07	2.49E-07	1.77E-07	1.96E-07	2.10E-07	1.41E-07	1.06E-07	1.46E-07	2.10E-07
YNL186W	2.93E-08	3.17E-08	3.41E-08	3.85E-08	NA	1.99E-08	1.37E-08	2.37E-08	1.53E-08	1.87E-08	1.19E-08	1.43E-08	3.85E-08	3.32E-08	3.16E-08	4.18E-08
YNL185C	4.25E-07	4.27E-07	4.17E-07	2.69E-07	2.39E-07	2.76E-07	1.41E-07	1.59E-07	1.56E-07	1.16E-07	1.07E-07	1.26E-07	5.50E-07	5.63E-07	6.19E-07	5.87E-07
YNL182C	6.06E-08	5.59E-08	4.99E-08	3.36E-08	4.52E-08	NA	2.75E-08	2.96E-08	2.68E-08	2.31E-08	2.52E-08	2.16E-08	4.94E-08	4.81E-08	5.51E-08	5.57E-08
YNL181W	3.32E-07	3.18E-07	4.09E-07	4.70E-07	4.21E-07	4.97E-07	2.96E-07	3.20E-07	3.22E-07	2.60E-07	2.70E-07	2.65E-07	1.33E-07	1.95E-07	2.10E-07	2.16E-07
YNL180C	3.63E-07	3.71E-07	3.59E-07	5.32E-07	4.89E-07	5.19E-07	4.11E-07	4.95E-07	5.04E-07	3.74E-07	4.37E-07	4.33E-07	1.87E-07	1.73E-07	1.41E-07	1.46E-07
YNL177C	1.30E-07	1.19E-07	1.09E-07	8.12E-08	8.40E-08	9.30E-08	5.18E-08	5.70E-08	7.08E-08	4.06E-08	3.91E-08	4.35E-08	1.66E-07	1.57E-07	1.79E-07	1.45E-07
YNL175C	4.37E-07	5.01E-07	4.27E-07	3.85E-07	3.80E-07	4.09E-07	1.90E-07	1.91E-07	1.86E-07	1.31E-07	1.62E-07	1.56E-07	4.62E-07	4.61E-07	4.57E-07	4.49E-07
YNL173C	3.40E-07	3.69E-07	3.44E-07	4.62E-07	4.51E-07	4.75E-07	2.63E-07	2.69E-07	2.49E-07	1.82E-07	2.24E-07	2.14E-07	1.41E-07	1.30E-07	1.57E-07	1.41E-07
YNL168C	7.90E-07	8.84E-07	8.92E-07	1.34E-06	1.59E-06	1.50E-06	1.10E-06	1.06E-06	1.01E-06	8.46E-07	9.04E-07	9.63E-07	5.50E-07	4.39E-07	4.32E-07	5.29E-07
YNL166C	1.72E-07	NA	2.01E-07	1.72E-07	1.73E-07	1.87E-07	8.71E-08	9.65E-08	8.05E-08	6.99E-08	7.41E-08	9.30E-08	1.58E-07	1.54E-07	1.49E-07	1.55E-07
YNL163C	1.88E-07	1.67E-07	NA	NA	1.79E-07	NA	NA	NA	1.15E-07	9.85E-08	1.04E-07	1.27E-07	1.39E-07	1.25E-07	1.36E-07	1.51E-07
YNL161W	NA	NA	NA	NA	NA	NA	NA	NA	NA	NA	NA	NA	NA	NA	NA	NA
YNL157W	3.17E-07	4.10E-07	3.17E-07	3.70E-07	3.82E-07	NA	2.44E-07	3.21E-07	3.36E-07	2.39E-07	2.55E-07	3.69E-07	NA	1.43E-07	1.68E-07	NA
YNL156C	NA	1.90E-07	1.72E-07	NA	1.90E-07	NA	1.27E-07	1.75E-07	1.52E-07	NA	1.34E-07	NA	NA	NA	NA	1.53E-07
YNL155W	NA	1.23E-07	NA	NA	1.24E-07	NA	NA	NA	NA	NA	NA	NA	NA	NA	NA	NA
YNL149C	4.66E-07	3.57E-07	4.53E-07	6.59E-07	7.29E-07	6.25E-07	9.33E-07	3.82E-07	3.79E-07	2.59E-07	3.30E-07	3.60E-07	3.13E-07	3.29E-07	2.73E-07	NA
YNL147W	1.23E-06	1.74E-06	1.20E-06	1.41E-06	1.61E-06	1.45E-06	7.59E-07	1.07E-06	8.21E-07	7.00E-07	7.07E-07	8.28E-07	7.20E-07	6.70E-07	6.48E-07	7.83E-07
YNL141W	9.28E-08	8.06E-08	5.59E-08	1.16E-07	1.29E-07	1.37E-07	1.88E-07	1.59E-07	1.64E-07	1.34E-07	1.79E-07	1.88E-07	1.63E-07	1.72E-07	1.77E-07	1.74E-07
YNL133C	1.02E-07	4.24E-07	9.75E-08	1.96E-07	9.04E-08	9.93E-08	5.11E-08	5.26E-08	5.19E-08	5.56E-08	6.48E-08	NA	NA	NA	1.13E-07	1.13E-07
YNL132W	3.72E-07	3.60E-07	3.53E-07	4.58E-07	4.40E-07	4.59E-07	2.33E-07	2.45E-07	2.16E-07	1.71E-07	1.81E-07	1.90E-07	4.37E-07	4.13E-07	4.05E-07	4.58E-07
YNL129W	3.51E-08	2.11E-08	2.15E-08	NA	NA	NA	1.69E-07	1.69E-07	1.54E-07	1.67E-07	1.58E-07	1.97E-07	NA	NA	NA	NA
YNL124W	NA	NA	NA	5.44E-08	2.52E-08	1.73E-08	1.29E-08	1.27E-08	1.30E-08	1.19E-08	NA	NA	3.05E-08	NA	NA	NA
YNL123W	3.73E-07	3.04E-07	3.66E-07	4.35E-07	4.13E-07	5.20E-07	4.28E-07	3.23E-07	3.35E-07	2.79E-07	2.73E-07	3.00E-07	4.55E-07	4.15E-07	3.65E-07	3.87E-07
YNL122C	2.26E-07	NA	NA	NA	NA	NA	NA	NA	NA	NA	NA	NA	1.69E-07	1.55E-07	2.12E-07	NA
YNL119W	NA	NA	NA	NA	NA	NA	NA	NA	NA	NA	NA	NA	NA	NA	NA	NA
YNL115C	4.22E-07	5.81E-07	6.02E-07	1.03E-06	8.53E-07	9.98E-07	5.87E-07	6.85E-07	6.54E-07	5.10E-07	5.44E-07	5.82E-07	1.06E-07	1.96E-07	1.52E-07	1.59E-07
YNL110C	8.79E-07	8.74E-07	7.75E-07	8.37E-07	8.24E-07	8.52E-07	4.48E-07	4.49E-07	4.67E-07	3.72E-07	4.42E-07	4.20E-07	7.28E-07	7.14E-07	7.37E-07	6.98E-07
YNL108C	NA	2.98E-07	3.98E-07	NA	4.30E-07	NA	4.02E-07	3.26E-07	3.09E-07	NA	2.92E-07	2.01E-07	3.43E-07	3.32E-07	NA	3.15E-07
YNL091W	NA	NA	NA	NA	NA	NA	NA	NA	NA	1.14E-08	NA	NA	1.07E-08	NA	NA	NA
YNL075W	3.10E-07	3.00E-07	3.44E-07	2.20E-07	2.00E-07	2.52E-07	1.05E-07	1.41E-07	9.06E-08	1.07E-07	1.05E-07	1.49E-07	3.20E-07	3.25E-07	2.87E-07	2.57E-07
YNL059C	2.93E-07	2.79E-07	2.77E-07	3.54E-07	3.39E-07	3.53E-07	2.46E-07	2.48E-07	2.28E-07	1.99E-07	1.70E-07	2.20E-07	2.06E-07	2.25E-07	2.22E-07	2.03E-07
YNL051W	1.08E-08	NA	6.24E-09	1.09E-08	8.87E-09	1.39E-08	NA	7.60E-09	NA	6.37E-09	NA	6.63E-09	NA	9.79E-09	NA	NA
YNL049C	NA	6.05E-08	NA	7.60E-08	6.84E-08	NA	NA	NA	NA	NA	NA	NA	NA	NA	NA	6.95E-08
YNL048W	1.36E-07	NA	NA	NA	NA	3.01E-07	NA	1.26E-07	1.62E-07	2.25E-07	8.11E-08	NA	NA	NA	NA	6.14E-08
YNL047C	NA	NA	NA	NA	NA	NA	NA	NA	NA	NA	NA	9.98E-09	NA	NA	NA	NA
YNL041C	6.33E-08	5.32E-08	NA	NA	6.99E-08	8.31E-08	5.15E-08	5.43E-08	NA	3.59E-08	5.62E-08	5.39E-08	NA	5.32E-08	NA	4.88E-08
YNL040W	7.54E-08	7.41E-08	7.18E-08	8.11E-08	1.12E-07	1.11E-07	5.90E-08	7.44E-08	5.69E-08	7.20E-08	7.32E-08	7.60E-08	3.79E-08	3.83E-08	3.92E-08	3.49E-08
YNL035C	NA	NA	1.88E-07	NA	NA	2.07E-07	1.36E-07	NA	1.37E-07	NA	NA	9.89E-08	1.32E-07	1.28E-07	NA	NA
YNL032W	NA	NA	NA	2.62E-08	2.45E-08	2.66E-08	NA	NA	1.07E-08	9.52E-09	1.18E-08	1.30E-08	NA	1.23E-08	NA	NA
YNL027W	1.91E-07	1.81E-07	1.62E-07	2.04E-07	2.03E-07	1.86E-07	1.45E-07	1.39E-07	1.28E-07	9.45E-08	1.18E-07	1.26E-07	7.56E-08	7.86E-08	7.39E-08	7.83E-08
YNL026W	1.75E-07	1.99E-07	2.06E-07	2.01E-07	2.48E-07	2.00E-07	1.44E-07	1.17E-07	1.29E-07	1.12E-07	8.92E-08	1.20E-07	NA	1.39E-07	1.10E-07	1.35E-07
YNL022C	NA	NA	NA	NA	NA	NA	NA	NA	NA	NA	NA	NA	NA	NA	NA	NA
YNL021W	NA	NA	NA	7.32E-08	NA	NA	5.56E-08	NA	6.78E-08	NA	6.41E-08	NA	NA	6.26E-08	6.99E-08	5.82E-08
YNL014W	7.46E-09	2.44E-08	4.54E-08	1.87E-08	1.62E-08	2.09E-08	NA	NA	2.18E-09	NA	NA	NA	NA	NA	NA	NA
YNL010W	3.01E-06	3.01E-06	2.99E-06	2.97E-06	2.97E-06	3.08E-06	1.71E-06	1.76E-06	1.75E-06	1.38E-06	1.52E-06	1.70E-06	1.93E-06	1.86E-06	1.91E-06	1.84E-06
YNL009W	4.83E-07	4.20E-07	4.11E-07	1.84E-07	2.42E-07	1.88E-07	3.74E-08	3.43E-08	3.58E-08	1.53E-08	2.43E-08	2.59E-08	NA	1.15E-07	NA	NA
YMR039C	1.57E-07	2.02E-07	1.59E-07	1.54E-07	1.83E-07	2.04E-07	1.41E-07	1.31E-07	1.23E-07	8.75E-08	9.91E-08	9.86E-08	9.59E-08	1.41E-07	1.02E-07	9.80E-08
YML052W	1.14E-06	1.06E-06	1.22E-06	2.31E-06	2.45E-06	2.32E-06	2.08E-06	1.81E-06	2.25E-06	1.69E-06	1.81E-06	1.83E-06	7.76E-07	7.01E-07	8.85E-07	1.25E-06
YPL053C	NA	NA	NA	NA	NA	NA	4.63E-09	NA	NA	2.53E-09	NA	NA	2.78E-09	1.98E-09	NA	NA
YLR028C	3.77E-06	3.69E-06	4.34E-06	4.57E-06	4.50E-06	4.84E-06	3.29E-06	3.19E-06	3.40E-06	2.81E-06	2.71E-06	2.92E-06	2.30E-06	2.28E-06	2.32E-06	2.30E-06
YMR169C	3.82E-07	3.75E-07	4.43E-07	6.03E-07	4.61E-07	5.27E-07	3.44E-08	NA	3.24E-08	NA	NA	NA	NA	NA	NA	NA
YPL061W	9.45E-05	8.78E-05	6.58E-05	8.81E-05	9.02E-05	9.02E-05	3.94E-05	3.64E-05	3.60E-05	3.31E-05	3.19E-05	3.48E-05	4.22E-05	3.98E-05	4.87E-05	4.49E-05
YMR067C	4.34E-07	4.77E-07	3.94E-07	4.64E-07	4.34E-07	4.69E-07	3.09E-07	2.76E-07	2.89E-07	2.48E-07	2.38E-07	2.66E-07	2.82E-07	2.41E-07	2.52E-07	2.46E-07
YMR121C	7.83E-06	7.70E-06	7.61E-06	6.73E-06	6.61E-06	7.26E-06	5.23E-06	4.14E-06	4.36E-06	3.38E-06	3.57E-06	3.75E-06	8.20E-06	8.28E-06	8.05E-06	7.62E-06
YMR015C	2.79E-07	2.81E-07	2.86E-07	7.15E-07	7.78E-07	6.92E-07	5.17E-07	4.93E-07	5.22E-07	3.75E-07	3.91E-07	3.80E-07	2.53E-07	2.32E-07	3.06E-07	3.84E-07
YML086C	8.50E-07	8.46E-07	1.01E-06	1.45E-06	1.47E-06	1.35E-06	7.97E-07	8.02E-07	8.82E-07	6.05E-07	5.77E-07	6.43E-07	7.36E-07	7.06E-07	7.98E-07	8.01E-07
YML065W	NA	NA	NA	NA	NA	NA	NA	NA	NA	NA	NA	NA	NA	NA	NA	NA
YMR070W	2.38E-07	NA	1.38E-07	1.74E-07	3.09E-07	NA	1.71E-07	1.77E-07	1.65E-07	1.75E-07	1.43E-07	1.50E-07	1.09E-07	1.17E-07	1.19E-07	NA
YML097C	6.53E-08	8.19E-08	7.30E-08	6.98E-08	6.04E-08	6.40E-08	4.06E-08	4.63E-08	3.57E-08	3.43E-08	2.72E-08	NA	6.17E-08	9.40E-08	8.30E-08	9.06E-08
YML012W	2.85E-06	2.43E-06	2.91E-06	3.82E-06	2.86E-06	3.02E-06	2.32E-06	2.34E-06	2.43E-06	1.88E-06	1.90E-06	1.96E-06	2.48E-06	2.41E-06	2.09E-06	1.97E-06
YML070W	2.86E-06	2.92E-06	3.04E-06	3.11E-06	2.95E-06	3.10E-06	2.15E-06	2.14E-06	2.07E-06	1.86E-06	1.76E-06	1.76E-06	1.36E-06	1.32E-06	1.36E-06	1.42E-06
YML126C	1.74E-05	1.71E-05	1.42E-05	1.82E-05	1.88E-05	1.92E-05	1.48E-05	1.54E-05	1.63E-05	1.34E-05	1.38E-05	1.45E-05	1.03E-05	9.80E-06	1.04E-05	9.96E-06
YDR058C	NA	NA	NA	NA	NA	NA	NA	NA	NA	NA	NA	NA	NA	NA	NA	NA
YDR068W	2.50E-07	2.40E-07	2.42E-07	1.82E-07	1.89E-07	1.92E-07	1.16E-07	1.32E-07	9.66E-08	8.55E-08	9.03E-08	1.02E-07	1.02E-07	1.26E-07	1.16E-07	1.19E-07
YDL190C	1.10E-07	9.41E-08	1.26E-07	1.27E-07	1.06E-07	1.38E-07	8.55E-08	7.29E-08	7.83E-08	5.01E-08	6.49E-08	8.06E-08	5.99E-08	8.51E-08	8.59E-08	9.31E-08
YLL001W	1.04E-06	1.01E-06	9.97E-07	7.94E-07	8.01E-07	8.33E-07	5.61E-07	5.45E-07	5.68E-07	4.23E-07	3.99E-07	4.26E-07	1.30E-06	1.25E-06	1.42E-06	1.35E-06
YOR008C	NA	NA	NA	NA	NA	NA	NA	NA	NA	NA	NA	NA	NA	NA	NA	NA
YOR323C	3.53E-06	3.49E-06	3.56E-06	3.45E-06	3.32E-06	3.52E-06	2.20E-06	2.01E-06	2.21E-06	1.75E-06	1.74E-06	1.98E-06	2.96E-06	2.88E-06	2.69E-06	2.70E-06
YLR059C	4.72E-07	NA	3.23E-07	2.36E-07	2.22E-07	2.36E-07	NA	1.26E-07	9.25E-08	8.44E-08	NA	2.00E-07	1.79E-07	1.38E-07	1.96E-07	NA
YPR182W	7.71E-08	NA	1.10E-07	1.15E-07	NA	8.63E-08	NA	NA	4.36E-08	2.62E-08	NA	5.53E-08	6.12E-08	4.90E-08	NA	NA
YFL034C-A	5.30E-07	5.54E-07	6.24E-07	5.80E-07	5.81E-07	6.51E-07	3.38E-07	3.31E-07	3.31E-07	2.67E-07	2.81E-07	2.58E-07	3.21E-07	3.27E-07	3.63E-07	2.92E-07
YLR438C-A	NA	9.66E-07	7.44E-07	NA	9.68E-07	8.96E-07	NA	NA	5.52E-07	NA	5.39E-07	5.32E-07	NA	5.58E-07	5.99E-07	5.38E-07
YJR135W-A	2.53E-07	2.37E-07	2.25E-07	1.81E-07	1.84E-07	1.95E-07	9.33E-08	1.10E-07	1.00E-07	NA	8.21E-08	8.63E-08	1.25E-07	1.57E-07	1.64E-07	1.42E-07
YFL039C	5.82E-05	5.97E-05	5.90E-05	7.46E-05	7.64E-05	7.28E-05	5.22E-05	5.17E-05	4.74E-05	4.12E-05	3.79E-05	3.83E-05	4.57E-05	4.35E-05	4.53E-05	4.62E-05
YBR010W	2.89E-06	2.80E-06	2.57E-06	4.80E-06	5.44E-06	5.61E-06	3.82E-06	3.74E-06	3.86E-06	3.15E-06	3.65E-06	3.61E-06	2.13E-06	2.01E-06	1.98E-06	2.04E-06
YNL031C	2.89E-06	2.80E-06	2.57E-06	4.80E-06	5.44E-06	5.61E-06	3.82E-06	3.74E-06	3.86E-06	3.15E-06	3.65E-06	3.61E-06	2.13E-06	2.01E-06	1.98E-06	2.04E-06
YKR035W-A	6.74E-07	7.55E-07	5.30E-07	8.07E-07	8.44E-07	7.41E-07	4.02E-07	5.54E-07	4.50E-07	3.80E-07	4.18E-07	4.08E-07	4.32E-07	4.35E-07	5.12E-07	4.71E-07
YNL220W	9.65E-06	9.32E-06	8.88E-06	7.33E-06	7.41E-06	7.92E-06	5.85E-06	5.86E-06	5.74E-06	5.28E-06	5.09E-06	5.61E-06	1.04E-05	1.05E-05	1.07E-05	1.02E-05
YAR035W	2.16E-06	1.77E-06	1.47E-06	2.73E-07	2.65E-07	3.00E-07	NA	NA	NA	NA	NA	NA	2.61E-07	2.21E-07	3.28E-07	2.64E-07
YJL081C	2.05E-07	2.07E-07	1.85E-07	2.18E-07	2.11E-07	2.24E-07	1.30E-07	1.35E-07	1.49E-07	1.07E-07	1.13E-07	1.23E-07	1.02E-07	8.97E-08	1.02E-07	8.66E-08
YPR133W-A	5.07E-07	5.32E-07	5.11E-07	3.79E-07	3.92E-07	3.98E-07	2.20E-07	2.34E-07	2.56E-07	1.89E-07	1.88E-07	2.12E-07	4.86E-07	4.87E-07	4.75E-07	4.80E-07
YDR322C-A	4.55E-06	4.11E-06	4.52E-06	4.06E-06	4.33E-06	4.32E-06	2.99E-06	2.95E-06	2.76E-06	1.96E-06	2.08E-06	2.17E-06	4.37E-06	4.14E-06	4.64E-06	4.59E-06
YML081C-A	1.08E-05	1.08E-05	9.48E-06	8.58E-06	8.58E-06	9.34E-06	6.41E-06	6.67E-06	6.49E-06	4.22E-06	4.60E-06	5.00E-06	8.17E-06	7.43E-06	9.36E-06	8.64E-06
YOL077W-A	4.00E-06	3.92E-06	3.58E-06	3.14E-06	3.35E-06	3.33E-06	2.10E-06	2.23E-06	2.15E-06	1.52E-06	1.43E-06	1.59E-06	3.18E-06	2.96E-06	3.49E-06	3.17E-06
YHR005C-A	1.10E-06	1.18E-06	1.10E-06	1.06E-06	1.13E-06	1.14E-06	7.50E-07	7.26E-07	7.08E-07	5.34E-07	5.78E-07	6.15E-07	1.48E-06	1.46E-06	1.51E-06	1.51E-06
YER056C-A	3.49E-05	3.59E-05	3.28E-05	2.98E-05	3.09E-05	3.05E-05	2.14E-05	1.76E-05	1.82E-05	1.51E-05	1.58E-05	1.69E-05	3.56E-05	3.57E-05	3.51E-05	3.52E-05
YDR166C	4.11E-08	4.41E-08	5.69E-08	3.86E-08	4.15E-08	4.24E-08	2.73E-08	2.85E-08	2.72E-08	2.06E-08	2.10E-08	1.15E-07	5.45E-08	5.64E-08	5.86E-08	5.37E-08
YOL145C	1.44E-07	1.16E-07	1.25E-07	1.41E-07	1.51E-07	1.55E-07	9.66E-08	1.01E-07	9.66E-08	6.69E-08	7.46E-08	7.16E-08	9.28E-08	8.07E-08	9.35E-08	1.11E-07
YER007C-A	1.85E-06	1.89E-06	1.87E-06	2.33E-06	2.22E-06	2.24E-06	1.32E-06	1.26E-06	1.24E-06	1.01E-06	1.09E-06	1.10E-06	1.24E-06	1.22E-06	1.36E-06	1.29E-06
YDL022W	1.84E-05	1.98E-05	2.29E-05	1.63E-05	1.60E-05	1.64E-05	1.17E-05	1.20E-05	1.18E-05	9.71E-06	9.94E-06	9.81E-06	5.52E-06	5.33E-06	6.32E-06	5.62E-06
YIL118W	1.66E-06	1.66E-06	1.49E-06	1.89E-06	1.74E-06	1.99E-06	1.23E-06	1.31E-06	1.21E-06	1.13E-06	1.16E-06	1.26E-06	9.57E-07	9.83E-07	1.04E-06	9.24E-07
YGL190C	8.63E-07	8.68E-07	8.82E-07	9.50E-07	1.05E-06	1.03E-06	7.88E-07	7.70E-07	7.16E-07	6.06E-07	6.28E-07	6.62E-07	4.68E-07	4.19E-07	4.70E-07	4.26E-07
YDR150W	1.94E-07	1.72E-07	2.37E-07	2.48E-07	2.41E-07	2.42E-07	1.39E-07	1.49E-07	1.71E-07	1.22E-07	1.25E-07	1.31E-07	1.45E-07	1.42E-07	1.61E-07	1.69E-07
YLR430W	NA	NA	1.59E-08	NA	1.94E-08	1.92E-08	NA	NA	NA	1.21E-08	NA	1.39E-08	1.96E-08	NA	1.67E-08	1.27E-08
YHR086W	NA	NA	NA	NA	NA	NA	NA	NA	NA	NA	NA	NA	NA	NA	NA	NA
YIL143C	5.52E-08	NA	NA	NA	NA	NA	2.54E-08	2.26E-08	NA	NA	NA	NA	NA	2.96E-08	NA	NA
YML121W	3.23E-07	3.88E-07	3.87E-07	NA	1.13E-06	7.88E-07	5.71E-07	5.51E-07	5.47E-07	4.34E-07	4.18E-07	4.05E-07	NA	2.05E-07	3.16E-07	2.39E-07
YJL031C	NA	NA	1.22E-07	NA	NA	7.22E-08	4.42E-08	5.90E-08	NA	NA	5.60E-08	NA	NA	NA	6.99E-08	NA
YFR028C	2.11E-07	NA	1.99E-07	2.29E-07	1.96E-07	2.11E-07	1.56E-07	1.69E-07	1.53E-07	1.06E-07	1.13E-07	1.33E-07	1.90E-07	1.89E-07	2.20E-07	1.97E-07
YKL148C	1.07E-05	9.58E-06	9.61E-06	6.22E-06	6.81E-06	6.35E-06	4.65E-06	4.10E-06	4.39E-06	2.83E-06	2.65E-06	2.69E-06	1.01E-05	9.38E-06	1.20E-05	1.11E-05
YBR126C	1.00E-05	1.05E-05	1.33E-05	1.15E-05	1.18E-05	1.14E-05	9.91E-06	9.89E-06	9.77E-06	8.61E-06	8.18E-06	8.65E-06	4.92E-06	4.73E-06	5.69E-06	5.20E-06
YHR030C	1.26E-07	1.04E-07	1.22E-07	1.08E-07	NA	2.39E-07	6.31E-08	6.34E-08	5.81E-08	4.34E-08	4.89E-08	5.09E-08	5.54E-08	5.00E-08	6.63E-08	NA
YPL259C	9.04E-08	9.92E-08	NA	1.09E-07	1.30E-07	NA	7.27E-08	7.49E-08	9.50E-08	6.03E-08	NA	NA	NA	7.84E-08	8.40E-08	9.89E-08
YDR028C	2.34E-07	2.62E-07	3.11E-07	2.23E-07	2.08E-07	2.07E-07	1.62E-07	1.54E-07	1.38E-07	9.91E-08	1.09E-07	1.20E-07	1.30E-07	1.29E-07	1.22E-07	1.39E-07
YKL087C	2.83E-07	3.47E-07	2.75E-07	2.78E-07	2.32E-07	2.74E-07	2.09E-07	2.36E-07	1.89E-07	1.60E-07	1.79E-07	1.93E-07	6.00E-07	5.42E-07	5.52E-07	4.89E-07
YIL061C	1.38E-07	1.40E-07	1.29E-07	1.79E-07	NA	1.97E-07	1.06E-07	1.06E-07	1.28E-07	6.74E-08	9.42E-08	9.33E-08	6.62E-08	NA	5.82E-08	NA
YNR016C	5.65E-06	5.40E-06	4.83E-06	5.44E-06	5.37E-06	5.46E-06	4.58E-06	4.48E-06	4.76E-06	3.90E-06	4.07E-06	4.03E-06	3.13E-06	3.00E-06	3.73E-06	4.18E-06
YNL248C	3.43E-07	3.55E-07	4.19E-07	3.36E-07	3.68E-07	3.69E-07	1.54E-07	1.89E-07	1.76E-07	1.41E-07	1.65E-07	1.47E-07	3.96E-07	4.03E-07	4.11E-07	4.71E-07
YGL130W	3.76E-07	3.75E-07	3.39E-07	3.17E-07	3.20E-07	3.11E-07	2.76E-07	1.98E-07	2.46E-07	1.83E-07	2.26E-07	1.78E-07	3.17E-07	2.18E-07	2.11E-07	1.99E-07
YGL129C	2.51E-07	2.35E-07	2.26E-07	1.75E-07	1.87E-07	1.84E-07	1.38E-07	1.30E-07	1.14E-07	8.78E-08	8.99E-08	9.93E-08	3.62E-07	3.54E-07	3.91E-07	3.65E-07
YER069W	4.96E-06	5.40E-06	5.36E-06	6.57E-06	6.46E-06	6.48E-06	4.75E-06	4.89E-06	4.76E-06	4.14E-06	3.85E-06	3.79E-06	4.60E-06	4.53E-06	4.27E-06	4.31E-06
YAL043C	7.02E-08	NA	NA	8.79E-08	1.18E-07	NA	NA	NA	NA	NA	5.26E-08	NA	NA	NA	NA	NA
YBR215W	1.34E-08	7.06E-09	1.30E-08	1.34E-08	1.06E-08	1.70E-08	NA	NA	8.41E-09	NA	8.20E-09	NA	NA	NA	1.06E-08	8.09E-09
YPR135W	NA	7.61E-08	8.00E-08	9.92E-08	9.86E-08	9.80E-08	7.10E-08	6.65E-08	7.36E-08	4.60E-08	5.06E-08	4.89E-08	NA	6.71E-08	5.77E-08	NA
YOR124C	1.79E-07	1.87E-07	2.10E-07	2.17E-07	2.28E-07	2.06E-07	1.48E-07	2.00E-07	1.47E-07	1.26E-07	1.23E-07	1.35E-07	1.23E-07	1.17E-07	1.22E-07	1.32E-07
YER151C	2.45E-07	1.95E-07	2.08E-07	2.14E-07	2.32E-07	2.21E-07	1.83E-07	1.79E-07	1.62E-07	1.50E-07	1.45E-07	1.45E-07	2.67E-07	2.41E-07	2.46E-07	2.67E-07
YLR038C	6.86E-06	6.67E-06	5.90E-06	5.12E-06	5.08E-06	5.36E-06	4.03E-06	4.09E-06	3.97E-06	2.72E-06	2.87E-06	3.04E-06	5.68E-06	5.21E-06	6.39E-06	6.17E-06
YAL054C	4.45E-05	4.36E-05	3.68E-05	1.57E-05	1.53E-05	1.55E-05	1.52E-07	2.58E-07	1.31E-07	1.46E-07	7.33E-08	1.21E-07	6.26E-07	6.37E-07	4.98E-07	3.03E-07
YLR026C	NA	3.62E-07	4.75E-07	5.98E-07	NA	NA	NA	NA	3.34E-07	NA	3.83E-07	2.22E-07	3.10E-07	NA	4.01E-07	3.63E-07
YLR244C	1.96E-06	2.06E-06	1.58E-06	1.83E-06	1.85E-06	1.90E-06	1.62E-06	1.61E-06	1.56E-06	1.30E-06	1.46E-06	1.49E-06	2.67E-06	2.48E-06	2.17E-06	2.35E-06
YNL199C	NA	9.49E-08	NA	1.15E-07	8.60E-08	NA	NA	NA	1.05E-07	4.29E-08	6.00E-08	5.84E-08	5.43E-08	6.22E-08	9.74E-08	7.57E-08
YKL106W	8.54E-08	1.65E-07	1.37E-07	NA	2.30E-07	2.14E-07	NA	9.67E-08	NA	NA	6.31E-08	NA	NA	NA	NA	NA
YIL022W	1.37E-06	1.37E-06	1.24E-06	9.76E-07	9.52E-07	9.70E-07	6.23E-07	5.99E-07	5.65E-07	4.60E-07	4.72E-07	5.04E-07	1.19E-06	1.09E-06	1.17E-06	1.23E-06
YOL040C	3.49E-05	3.78E-05	3.37E-05	3.34E-05	3.33E-05	3.43E-05	2.03E-05	2.00E-05	2.02E-05	1.59E-05	1.68E-05	1.80E-05	3.95E-05	4.20E-05	4.08E-05	3.81E-05
YGL048C	6.00E-06	6.06E-06	5.79E-06	6.02E-06	6.49E-06	6.35E-06	4.15E-06	4.23E-06	4.19E-06	3.63E-06	3.79E-06	4.07E-06	3.16E-06	3.03E-06	3.15E-06	3.07E-06
YKR080W	2.29E-06	2.35E-06	2.41E-06	2.59E-06	2.61E-06	2.81E-06	1.71E-06	1.78E-06	1.77E-06	1.46E-06	1.58E-06	1.55E-06	2.01E-06	1.99E-06	1.99E-06	1.94E-06
YKL001C	1.38E-05	1.33E-05	1.18E-05	8.82E-06	8.92E-06	8.64E-06	5.51E-06	5.78E-06	6.16E-06	5.15E-06	5.03E-06	6.15E-06	1.14E-05	1.12E-05	1.11E-05	1.12E-05
YGL172W	2.11E-08	2.44E-08	1.87E-08	2.22E-08	2.33E-08	2.28E-08	1.59E-08	1.63E-08	1.47E-08	1.22E-08	1.19E-08	1.14E-08	1.36E-08	1.30E-08	1.24E-08	1.18E-08
YKR003W	3.41E-07	4.09E-07	3.32E-07	4.18E-07	4.41E-07	4.75E-07	4.39E-07	4.00E-07	3.78E-07	3.33E-07	3.60E-07	3.08E-07	2.33E-07	2.10E-07	2.49E-07	2.40E-07
YKR006C	6.25E-07	6.81E-07	6.00E-07	4.49E-07	4.57E-07	4.88E-07	2.94E-07	2.78E-07	2.86E-07	1.76E-07	2.13E-07	2.31E-07	9.24E-07	8.88E-07	1.02E-06	9.51E-07
YKR007W	8.58E-08	7.03E-08	NA	NA	7.69E-08	NA	NA	NA	5.34E-08	NA	NA	NA	NA	2.58E-08	3.41E-08	2.19E-08
YKR008W	9.65E-08	9.09E-08	9.32E-08	1.18E-07	1.22E-07	1.06E-07	8.54E-08	9.85E-08	8.40E-08	8.05E-08	7.32E-08	6.80E-08	1.07E-07	9.93E-08	8.47E-08	1.06E-07
YKR009C	9.39E-06	9.85E-06	9.95E-06	6.41E-06	6.09E-06	5.97E-06	4.32E-07	5.04E-07	4.38E-07	2.69E-07	2.75E-07	2.20E-07	4.59E-07	3.98E-07	6.97E-07	5.51E-07
YKR010C	NA	NA	NA	NA	NA	NA	NA	NA	NA	NA	NA	NA	NA	NA	NA	NA
YIR026C	9.38E-08	6.72E-08	6.56E-08	6.84E-08	NA	4.75E-08	3.01E-08	6.44E-08	NA	2.59E-08	NA	2.43E-08	8.81E-08	1.10E-07	6.79E-08	7.16E-08
YGR074W	5.12E-07	4.74E-07	NA	4.85E-07	NA	5.05E-07	2.38E-07	NA	2.79E-07	2.67E-07	2.19E-07	1.60E-07	2.65E-07	2.24E-07	3.25E-07	1.92E-07
YML073C	8.23E-06	8.98E-06	8.48E-06	8.20E-06	7.76E-06	8.12E-06	4.83E-06	5.02E-06	4.98E-06	3.85E-06	4.19E-06	4.32E-06	9.35E-06	9.15E-06	9.18E-06	8.94E-06
YDR448W	6.54E-08	5.62E-08	8.78E-08	NA	1.03E-07	1.25E-07	7.40E-08	6.38E-08	1.11E-07	5.98E-08	NA	NA	NA	NA	3.82E-08	NA
YDR449C	1.77E-07	1.36E-07	1.78E-07	1.33E-07	1.49E-07	1.02E-07	7.32E-08	7.01E-08	7.40E-08	5.23E-08	5.30E-08	5.35E-08	1.72E-07	1.77E-07	1.80E-07	1.95E-07
YKR095W	3.83E-08	3.32E-08	3.94E-08	4.74E-08	4.83E-08	4.08E-08	3.12E-08	3.31E-08	2.94E-08	2.80E-08	2.96E-08	2.57E-08	2.78E-08	3.11E-08	2.87E-08	3.23E-08
YPL128C	NA	NA	NA	NA	NA	NA	NA	4.20E-07	3.97E-07	3.55E-07	NA	NA	NA	2.20E-07	2.76E-07	NA
YMR072W	2.03E-05	2.15E-05	1.85E-05	3.04E-05	2.99E-05	3.19E-05	1.83E-05	1.97E-05	1.92E-05	1.53E-05	1.71E-05	1.63E-05	6.61E-06	6.54E-06	7.26E-06	7.07E-06
YPL013C	1.43E-07	2.72E-07	1.18E-07	1.08E-07	7.18E-08	1.05E-07	5.46E-08	7.40E-08	6.88E-08	NA	4.43E-08	5.44E-08	1.93E-07	1.88E-07	2.20E-07	2.63E-07
YKL068W	NA	NA	1.26E-07	1.59E-07	NA	1.54E-07	1.16E-07	1.08E-07	9.35E-08	1.02E-07	8.39E-08	1.02E-07	1.14E-07	NA	NA	NA
YMR047C	1.43E-07	1.35E-07	1.37E-07	1.48E-07	1.35E-07	1.69E-07	NA	1.03E-07	9.32E-08	7.45E-08	9.11E-08	8.12E-08	1.08E-07	1.03E-07	9.99E-08	9.63E-08
YPL037C	1.07E-05	1.22E-05	1.10E-05	9.91E-06	1.01E-05	1.02E-05	6.26E-06	6.19E-06	6.53E-06	5.14E-06	5.33E-06	5.30E-06	6.94E-06	6.97E-06	7.27E-06	7.00E-06
YDR424C	2.28E-06	2.34E-06	2.59E-06	2.40E-06	2.52E-06	2.49E-06	1.57E-06	1.57E-06	1.73E-06	1.22E-06	1.55E-06	1.51E-06	8.46E-07	8.40E-07	8.96E-07	8.10E-07
YPL030W	1.44E-07	1.32E-07	1.52E-07	1.86E-07	2.64E-07	1.88E-07	1.63E-07	1.94E-07	1.36E-07	1.37E-07	2.18E-07	1.21E-07	1.30E-07	1.31E-07	1.28E-07	1.72E-07
YPL020C	5.55E-08	4.93E-08	3.50E-08	4.26E-08	5.17E-08	6.34E-08	3.27E-08	2.74E-08	4.17E-08	3.37E-08	2.39E-08	3.40E-08	3.12E-08	2.68E-08	3.44E-08	2.72E-08
YBR191W	6.92E-05	6.64E-05	6.23E-05	5.93E-05	5.54E-05	5.95E-05	3.68E-05	3.69E-05	4.06E-05	2.65E-05	2.80E-05	3.14E-05	6.40E-05	6.36E-05	6.27E-05	6.41E-05
YPL067C	6.47E-08	NA	7.35E-08	6.07E-08	NA	5.95E-08	5.26E-08	4.34E-08	5.40E-08	3.52E-08	4.23E-08	4.29E-08	NA	2.51E-08	NA	NA
YPL065W	5.81E-08	6.47E-08	6.63E-08	8.83E-08	8.32E-08	1.06E-07	5.39E-08	6.17E-08	6.50E-08	4.83E-08	5.17E-08	5.07E-08	3.29E-08	3.60E-08	3.11E-08	2.95E-08
YER058W	9.74E-07	9.79E-07	1.00E-06	NA	6.01E-07	NA	9.13E-07	3.89E-07	3.65E-07	2.98E-07	3.13E-07	NA	1.03E-06	1.11E-06	1.20E-06	9.80E-07
YJR034W	2.74E-07	3.26E-07	2.56E-07	2.11E-07	2.12E-07	2.16E-07	1.03E-07	1.27E-07	1.22E-07	8.57E-08	1.06E-07	9.18E-08	2.28E-07	2.44E-07	2.62E-07	2.55E-07
YML091C	6.61E-09	7.83E-09	7.10E-09	7.88E-09	8.01E-09	9.01E-09	5.13E-09	5.20E-09	5.20E-09	4.27E-09	4.55E-09	4.43E-09	4.75E-09	4.45E-09	4.47E-09	4.36E-09
YDL212W	NA	NA	NA	NA	NA	NA	NA	NA	NA	NA	NA	NA	NA	NA	NA	NA
YDR088C	NA	NA	NA	1.90E-08	NA	1.92E-08	NA	NA	NA	9.46E-09	NA	NA	1.25E-08	1.33E-08	NA	NA
YPL063W	6.90E-07	6.95E-07	6.88E-07	6.27E-07	7.38E-07	6.49E-07	5.15E-07	5.39E-07	4.41E-07	4.20E-07	3.58E-07	3.86E-07	1.04E-06	9.93E-07	1.06E-06	1.09E-06
YPL059W	4.27E-07	4.36E-07	3.46E-07	4.47E-07	4.50E-07	4.53E-07	2.20E-07	2.19E-07	2.27E-07	1.72E-07	1.82E-07	1.73E-07	3.01E-07	3.32E-07	3.23E-07	3.07E-07
YPL058C	7.74E-08	NA	NA	6.51E-08	5.93E-08	NA	6.58E-08	NA	NA	9.57E-08	NA	8.12E-08	NA	NA	NA	4.05E-08
YOR048C	NA	8.52E-08	9.73E-08	NA	NA	1.14E-07	9.84E-08	1.02E-07	7.89E-08	7.05E-08	9.97E-08	4.58E-08	7.96E-08	8.30E-08	NA	1.93E-07
YGL213C	3.26E-07	3.39E-07	3.56E-07	4.00E-07	4.18E-07	4.22E-07	2.96E-07	3.03E-07	2.83E-07	2.51E-07	2.54E-07	2.75E-07	2.47E-07	2.23E-07	2.40E-07	2.12E-07
YMR149W	NA	2.27E-07	2.73E-07	NA	6.12E-07	6.35E-07	3.51E-07	NA	4.00E-07	3.18E-07	3.04E-07	3.07E-07	1.49E-07	1.30E-07	1.81E-07	2.37E-07
YPL054W	5.28E-08	5.67E-08	5.54E-08	1.61E-07	1.53E-07	1.66E-07	1.04E-07	1.23E-07	1.05E-07	7.37E-08	8.35E-08	5.81E-08	NA	NA	NA	NA
YPL051W	2.02E-07	1.69E-07	1.84E-07	NA	2.21E-07	2.73E-07	1.48E-07	1.75E-07	1.95E-07	1.61E-07	1.40E-07	1.83E-07	7.55E-08	7.59E-08	7.90E-08	6.16E-08
YNL189W	2.74E-06	2.62E-06	2.63E-06	2.73E-06	2.78E-06	2.65E-06	1.59E-06	1.53E-06	1.65E-06	1.34E-06	1.30E-06	1.43E-06	1.68E-06	1.82E-06	1.84E-06	1.81E-06
YPL070W	NA	1.48E-08	NA	3.58E-08	2.39E-08	NA	2.82E-08	NA	NA	2.04E-08	NA	1.88E-08	NA	NA	NA	1.53E-08
YPL105C	7.82E-08	7.37E-08	5.76E-08	6.35E-08	6.31E-08	8.07E-08	6.13E-08	4.26E-08	4.38E-08	3.88E-08	4.21E-08	3.96E-08	5.22E-08	4.68E-08	4.87E-08	5.52E-08
YPL101W	1.99E-07	2.25E-07	2.31E-07	2.20E-07	2.18E-07	2.26E-07	1.55E-07	1.59E-07	1.60E-07	1.23E-07	1.26E-07	1.55E-07	2.14E-07	1.69E-07	1.91E-07	1.90E-07
YPL100W	2.98E-07	2.18E-07	NA	NA	3.33E-07	6.42E-07	NA	NA	2.45E-07	1.82E-07	1.61E-07	NA	1.09E-07	1.32E-07	NA	1.47E-07
YPL099C	NA	NA	NA	NA	NA	NA	NA	NA	NA	NA	NA	NA	NA	NA	NA	NA
YPL098C	1.95E-06	2.14E-06	1.91E-06	1.39E-06	1.34E-06	1.37E-06	6.97E-07	6.92E-07	7.28E-07	5.17E-07	5.51E-07	5.93E-07	7.68E-07	7.42E-07	6.83E-07	7.73E-07
YPL096W	7.82E-08	NA	6.42E-08	NA	8.78E-08	NA	NA	2.91E-08	5.00E-08	NA	3.61E-08	3.58E-08	NA	3.18E-08	NA	NA
YPL093W	8.70E-07	8.35E-07	8.00E-07	6.94E-07	6.91E-07	6.95E-07	4.22E-07	4.04E-07	3.90E-07	3.46E-07	3.28E-07	3.87E-07	1.43E-06	1.48E-06	1.35E-06	1.39E-06
YPL086C	5.38E-07	5.37E-07	4.85E-07	4.25E-07	4.26E-07	4.58E-07	2.89E-07	3.55E-07	3.17E-07	2.51E-07	2.52E-07	2.94E-07	5.06E-07	5.54E-07	5.57E-07	5.12E-07
YPL126W	2.07E-07	2.50E-07	1.66E-07	1.82E-07	2.46E-07	1.11E-07	1.07E-07	1.10E-07	9.45E-08	6.85E-08	8.29E-08	7.51E-08	2.51E-07	2.53E-07	2.59E-07	2.79E-07
YPL125W	1.21E-07	1.33E-07	1.63E-07	1.42E-07	1.22E-07	1.18E-07	7.98E-08	7.72E-08	7.58E-08	5.18E-08	5.89E-08	6.19E-08	5.61E-08	4.77E-08	7.07E-08	9.27E-08
YPL123C	1.98E-07	2.05E-07	2.50E-07	4.18E-07	3.67E-07	3.53E-07	3.05E-07	2.78E-07	3.01E-07	2.80E-07	2.45E-07	2.41E-07	9.22E-08	3.32E-07	NA	4.58E-08
YPL122C	NA	NA	NA	NA	NA	NA	NA	NA	NA	NA	NA	NA	NA	NA	NA	NA
YPL118W	3.07E-07	4.53E-07	2.78E-07	2.33E-07	2.59E-07	2.42E-07	1.57E-07	1.57E-07	1.40E-07	1.05E-07	1.10E-07	1.28E-07	4.53E-07	4.59E-07	4.94E-07	4.59E-07
YPL116W	1.97E-07	1.87E-07	2.03E-07	1.87E-07	2.02E-07	2.02E-07	1.47E-07	1.33E-07	1.38E-07	1.27E-07	1.00E-07	1.11E-07	1.49E-07	1.63E-07	1.91E-07	1.59E-07
YPL113C	NA	NA	NA	NA	NA	3.65E-08	NA	NA	NA	NA	NA	NA	NA	NA	NA	NA
YPL112C	4.89E-07	4.55E-07	8.09E-07	NA	4.60E-07	4.81E-07	3.65E-07	4.00E-07	3.38E-07	2.40E-07	3.04E-07	2.79E-07	3.98E-07	3.43E-07	4.56E-07	3.66E-07
YPL139C	1.65E-07	2.14E-07	1.73E-07	1.68E-07	2.01E-07	1.58E-07	1.15E-07	1.16E-07	1.16E-07	9.22E-08	9.78E-08	1.01E-07	5.64E-08	8.67E-08	8.57E-08	9.29E-08
YPL134C	1.49E-06	1.45E-06	1.50E-06	1.42E-06	1.49E-06	1.31E-06	8.16E-07	7.93E-07	7.62E-07	5.21E-07	4.36E-07	5.52E-07	1.13E-06	1.03E-06	1.04E-06	1.08E-06
YLL050C	3.00E-05	3.08E-05	2.96E-05	4.02E-05	3.55E-05	3.99E-05	2.34E-05	2.31E-05	2.13E-05	1.84E-05	1.93E-05	1.89E-05	1.82E-05	1.79E-05	1.89E-05	1.79E-05
YPL049C	7.93E-08	7.41E-08	7.30E-08	1.13E-07	9.70E-08	9.47E-08	8.70E-08	1.03E-07	7.49E-08	7.39E-08	3.22E-08	4.99E-08	6.27E-08	5.46E-08	6.75E-08	6.28E-08
YPL032C	3.01E-07	2.64E-07	3.50E-07	4.36E-07	3.93E-07	4.47E-07	3.83E-07	4.14E-07	4.50E-07	2.81E-07	3.41E-07	3.45E-07	3.79E-07	3.50E-07	3.75E-07	4.06E-07
YML131W	2.66E-06	2.69E-06	2.69E-06	3.35E-06	3.51E-06	3.28E-06	6.05E-07	6.42E-07	6.73E-07	5.53E-07	5.50E-07	5.28E-07	2.07E-07	1.96E-07	2.10E-07	2.36E-07
YML130C	3.85E-07	4.21E-07	4.91E-07	3.95E-07	3.36E-07	3.35E-07	2.42E-07	2.10E-07	2.45E-07	1.61E-07	1.80E-07	2.07E-07	2.82E-07	2.76E-07	3.01E-07	2.65E-07
YML128C	2.17E-06	2.52E-06	2.84E-06	3.12E-06	2.60E-06	2.70E-06	1.38E-06	1.45E-06	1.38E-06	1.08E-06	1.12E-06	1.03E-06	1.93E-07	1.94E-07	1.88E-07	1.54E-07
YML127W	1.17E-07	NA	1.27E-07	1.92E-07	NA	1.66E-07	1.24E-07	1.24E-07	1.44E-07	8.81E-08	NA	1.04E-07	1.78E-07	9.99E-08	9.77E-08	1.50E-07
YMR096W	4.66E-08	7.17E-08	3.92E-08	6.37E-08	5.19E-08	5.61E-08	1.47E-08	1.54E-08	1.29E-08	1.57E-08	2.07E-08	1.33E-08	NA	NA	NA	NA
YMR098C	1.86E-08	1.98E-08	2.15E-08	1.66E-08	1.59E-08	1.68E-08	7.82E-09	9.18E-09	7.55E-09	4.66E-09	7.13E-09	8.68E-09	2.68E-08	2.82E-08	2.04E-08	2.29E-08
YMR099C	4.07E-06	3.91E-06	3.92E-06	4.02E-06	4.09E-06	4.16E-06	2.37E-06	2.51E-06	2.41E-06	2.06E-06	1.94E-06	1.94E-06	1.82E-06	1.82E-06	1.94E-06	1.89E-06
YDR091C	2.71E-06	2.55E-06	3.18E-06	2.21E-06	2.13E-06	2.27E-06	1.51E-06	1.50E-06	1.49E-06	1.27E-06	1.13E-06	1.18E-06	2.32E-06	2.23E-06	2.21E-06	2.25E-06
YDR041W	3.12E-07	3.08E-07	2.83E-07	2.11E-07	2.30E-07	2.48E-07	1.48E-07	1.43E-07	1.44E-07	9.50E-08	1.07E-07	1.15E-07	4.62E-07	4.36E-07	4.71E-07	4.42E-07
YMR178W	3.51E-07	3.39E-07	2.66E-07	4.62E-07	4.83E-07	5.23E-07	2.93E-07	2.97E-07	2.79E-07	2.45E-07	2.67E-07	2.52E-07	2.02E-07	1.92E-07	2.18E-07	1.74E-07
YMR184W	NA	3.50E-08	NA	NA	2.58E-08	NA	1.54E-08	NA	NA	1.31E-08	NA	1.49E-08	NA	NA	3.41E-08	1.49E-08
YMR188C	7.21E-07	7.10E-07	5.81E-07	4.61E-07	5.28E-07	5.04E-07	3.24E-07	3.28E-07	3.01E-07	2.17E-07	2.38E-07	2.51E-07	9.99E-07	1.02E-06	1.10E-06	9.92E-07
YMR277W	NA	NA	NA	NA	NA	NA	NA	NA	NA	NA	NA	NA	NA	NA	NA	NA
YMR278W	3.28E-07	3.26E-07	3.45E-07	4.27E-07	4.58E-07	4.14E-07	2.96E-07	2.66E-07	2.65E-07	2.34E-07	2.18E-07	2.11E-07	1.40E-07	1.48E-07	1.41E-07	1.56E-07
YMR285C	7.53E-08	4.74E-08	4.99E-08	7.26E-08	4.82E-08	4.70E-08	5.25E-08	5.17E-08	5.71E-08	4.65E-08	4.62E-08	5.24E-08	1.27E-07	1.09E-07	1.23E-07	1.09E-07
YMR289W	1.05E-07	NA	NA	NA	NA	1.16E-07	7.00E-08	6.68E-08	6.38E-08	5.03E-08	3.79E-08	4.49E-08	6.70E-08	4.76E-08	6.11E-08	NA
YDR457W	4.87E-08	4.77E-08	4.83E-08	7.19E-08	6.87E-08	8.28E-08	5.15E-08	4.48E-08	4.86E-08	3.94E-08	4.69E-08	4.24E-08	2.42E-08	2.71E-08	2.77E-08	2.92E-08
YDR458C	4.52E-08	4.04E-08	4.48E-08	5.96E-08	5.09E-08	6.27E-08	3.82E-08	4.24E-08	3.46E-08	NA	3.51E-08	3.34E-08	1.90E-08	1.83E-08	2.33E-08	2.41E-08
YDR460W	NA	NA	NA	NA	9.60E-09	NA	NA	NA	4.24E-09	NA	NA	NA	NA	NA	NA	NA
YDR470C	NA	NA	NA	4.80E-08	5.54E-08	3.30E-08	2.03E-08	NA	1.78E-08	1.66E-08	1.36E-08	NA	NA	NA	NA	NA
YGR252W	NA	5.33E-08	3.47E-08	6.10E-08	5.16E-08	4.63E-08	4.18E-08	3.63E-08	2.93E-08	3.13E-08	3.01E-08	3.10E-08	3.95E-08	3.22E-08	3.70E-08	2.93E-08
YDR473C	NA	NA	NA	NA	NA	NA	NA	NA	NA	NA	NA	NA	NA	NA	NA	NA
YDR475C	NA	NA	NA	NA	NA	NA	NA	NA	NA	NA	NA	NA	NA	NA	NA	NA
YDR476C	NA	6.85E-07	NA	NA	1.10E-06	NA	NA	NA	4.58E-07	3.26E-07	2.62E-07	NA	NA	NA	NA	3.96E-07
YDR490C	6.16E-08	6.25E-08	1.11E-07	NA	5.91E-08	6.96E-08	NA	NA	NA	3.40E-08	3.48E-08	2.66E-08	NA	6.59E-08	6.85E-08	NA
YDR493W	NA	2.79E-07	NA	1.77E-07	2.97E-07	NA	1.42E-07	1.64E-07	1.25E-07	8.60E-08	1.65E-07	1.32E-07	5.42E-07	3.93E-07	5.30E-07	3.18E-07
YDR494W	1.57E-07	1.54E-07	1.33E-07	1.17E-07	1.16E-07	1.21E-07	7.58E-08	7.93E-08	6.96E-08	4.71E-08	5.23E-08	5.77E-08	2.12E-07	1.94E-07	2.25E-07	1.95E-07
YDL002C	1.26E-07	1.33E-07	1.21E-07	1.38E-07	1.39E-07	1.59E-07	8.99E-08	8.55E-08	7.82E-08	7.26E-08	8.32E-08	9.15E-08	6.05E-08	6.37E-08	5.73E-08	6.85E-08
YDL001W	7.95E-08	8.07E-08	8.78E-08	1.03E-07	1.33E-07	1.56E-07	9.31E-08	9.04E-08	9.24E-08	6.51E-08	1.04E-07	8.03E-08	NA	NA	5.88E-08	6.59E-08
YMR259C	2.52E-08	1.43E-08	2.50E-08	5.56E-09	2.41E-08	5.99E-09	NA	NA	8.11E-09	5.87E-09	5.64E-09	7.34E-09	4.17E-08	3.62E-08	3.86E-08	3.08E-08
YHL007C	1.43E-07	1.07E-07	1.24E-07	9.68E-08	1.00E-07	1.22E-07	9.43E-08	1.03E-07	8.82E-08	7.24E-08	8.35E-08	9.96E-08	1.34E-07	1.31E-07	1.25E-07	1.14E-07
YMR265C	NA	1.86E-08	NA	NA	1.36E-08	NA	1.47E-08	NA	NA	NA	9.23E-09	1.04E-08	NA	NA	NA	1.26E-08
YMR266W	1.14E-07	6.68E-08	NA	NA	1.57E-07	1.58E-07	2.02E-07	1.67E-07	NA	1.24E-07	NA	1.63E-07	NA	NA	NA	1.02E-07
YMR269W	8.06E-08	8.01E-08	NA	NA	NA	NA	NA	NA	NA	NA	NA	2.75E-08	NA	6.29E-08	NA	6.35E-08
YMR290C	9.90E-07	9.18E-07	9.32E-07	6.24E-07	6.21E-07	6.68E-07	3.42E-07	3.43E-07	3.50E-07	2.80E-07	2.88E-07	3.02E-07	1.29E-06	1.29E-06	1.22E-06	1.28E-06
YMR293C	NA	NA	NA	NA	5.87E-09	NA	NA	NA	NA	NA	NA	NA	NA	NA	NA	NA
YHR179W	1.07E-05	1.04E-05	1.12E-05	1.20E-05	1.18E-05	1.19E-05	8.25E-06	8.49E-06	8.29E-06	7.52E-06	7.12E-06	7.50E-06	7.71E-06	7.84E-06	7.13E-06	7.76E-06
YMR295C	5.50E-07	5.21E-07	4.37E-07	7.65E-07	7.55E-07	7.79E-07	6.14E-07	6.05E-07	5.53E-07	4.49E-07	4.10E-07	4.16E-07	2.33E-07	2.14E-07	2.44E-07	2.24E-07
YMR298W	9.75E-07	8.76E-07	8.78E-07	1.83E-06	1.75E-06	1.73E-06	1.11E-06	1.21E-06	1.07E-06	1.07E-06	9.02E-07	1.01E-06	5.23E-07	5.02E-07	5.84E-07	4.69E-07
YML079W	6.44E-07	6.29E-07	6.39E-07	6.23E-07	5.99E-07	6.32E-07	3.70E-07	3.91E-07	3.63E-07	3.14E-07	3.62E-07	3.44E-07	3.23E-07	2.93E-07	3.71E-07	3.08E-07
YML072C	1.84E-07	1.66E-07	1.79E-07	3.02E-07	3.11E-07	3.12E-07	2.09E-07	2.11E-07	2.19E-07	1.60E-07	1.82E-07	2.02E-07	1.28E-07	1.10E-07	1.49E-07	1.69E-07
YMR209C	NA	NA	NA	NA	NA	NA	NA	NA	NA	NA	NA	NA	NA	NA	NA	NA
YMR212C	NA	1.07E-07	NA	1.01E-07	1.59E-07	NA	9.40E-08	NA	1.12E-07	NA	8.94E-08	9.00E-08	NA	9.82E-08	7.59E-08	6.38E-08
YMR213W	2.99E-09	NA	4.31E-09	2.88E-09	NA	NA	NA	NA	NA	1.59E-09	NA	2.22E-09	NA	NA	NA	NA
YMR215W	NA	NA	NA	NA	NA	NA	2.16E-07	3.46E-07	2.25E-07	3.49E-07	NA	NA	NA	NA	NA	NA
YMR216C	3.46E-07	2.57E-07	NA	4.39E-07	3.08E-07	4.25E-07	3.97E-07	3.19E-07	2.74E-07	2.78E-07	2.33E-07	2.74E-07	3.40E-07	3.81E-07	3.32E-07	2.58E-07
YMR219W	1.10E-07	1.06E-07	NA	7.50E-08	1.20E-07	1.16E-07	7.34E-08	7.57E-08	NA	6.89E-08	6.85E-08	7.89E-08	4.90E-08	5.76E-08	5.50E-08	5.87E-08
YMR009W	2.45E-06	2.48E-06	2.13E-06	2.14E-06	2.00E-06	2.19E-06	1.01E-06	1.11E-06	1.06E-06	7.60E-07	8.96E-07	9.00E-07	1.40E-06	1.32E-06	1.54E-06	1.45E-06
YMR012W	1.33E-06	1.26E-06	1.45E-06	1.21E-06	1.22E-06	1.23E-06	8.82E-07	8.96E-07	9.32E-07	6.74E-07	6.60E-07	7.15E-07	2.65E-06	2.57E-06	2.77E-06	2.95E-06
YML036W	3.82E-07	3.90E-07	3.77E-07	3.67E-07	3.91E-07	3.86E-07	2.43E-07	2.25E-07	2.41E-07	1.82E-07	2.31E-07	2.33E-07	1.83E-07	1.98E-07	1.99E-07	2.24E-07
YML034W	7.42E-08	NA	5.74E-08	7.47E-08	NA	NA	6.69E-08	6.43E-08	6.39E-08	5.36E-08	5.80E-08	5.82E-08	NA	3.60E-08	3.92E-08	NA
YML030W	1.44E-06	1.57E-06	1.54E-06	9.68E-07	1.19E-06	1.06E-06	5.95E-07	6.97E-07	6.51E-07	4.81E-07	4.73E-07	4.85E-07	1.04E-06	1.03E-06	1.24E-06	1.15E-06
YML029W	NA	NA	9.74E-09	NA	NA	8.62E-09	NA	NA	5.18E-09	NA	NA	NA	NA	1.30E-08	NA	NA
YML117W	5.69E-08	4.72E-08	6.16E-08	6.54E-08	6.27E-08	7.11E-08	5.43E-08	6.23E-08	5.81E-08	4.21E-08	4.60E-08	4.68E-08	6.37E-08	5.99E-08	6.41E-08	6.24E-08
YML111W	6.03E-08	NA	5.73E-08	4.93E-08	NA	6.57E-08	5.24E-08	4.04E-08	4.08E-08	3.53E-08	2.87E-08	3.50E-08	NA	6.08E-08	NA	NA
YDR145W	1.57E-07	2.49E-07	2.07E-07	2.27E-07	2.16E-07	2.04E-07	1.24E-07	1.34E-07	1.31E-07	8.33E-08	1.29E-07	1.21E-07	1.43E-07	1.57E-07	1.04E-07	1.48E-07
YDR152W	7.12E-07	6.49E-07	7.15E-07	4.46E-07	4.45E-07	4.59E-07	2.77E-07	2.93E-07	2.95E-07	2.47E-07	2.61E-07	3.03E-07	3.70E-07	4.11E-07	3.81E-07	4.19E-07
YDR153C	3.44E-07	2.61E-07	4.49E-07	2.43E-07	5.06E-07	3.80E-07	2.49E-07	2.14E-07	2.27E-07	1.92E-07	1.70E-07	1.50E-07	2.82E-07	2.94E-07	3.03E-07	2.96E-07
YDR161W	1.21E-07	1.04E-07	1.17E-07	8.93E-08	1.14E-07	1.12E-07	7.11E-08	5.82E-08	6.74E-08	5.91E-08	5.10E-08	4.41E-08	5.07E-08	6.75E-08	8.16E-08	8.49E-08
YDR163W	NA	NA	NA	NA	NA	NA	NA	NA	NA	NA	NA	NA	NA	NA	NA	NA
YDR165W	1.36E-07	1.35E-07	1.49E-07	1.23E-07	1.13E-07	1.28E-07	7.45E-08	6.45E-08	7.18E-08	5.88E-08	4.86E-08	5.42E-08	1.37E-07	1.29E-07	1.21E-07	1.32E-07
YDR246W	3.55E-07	2.80E-07	3.07E-07	3.22E-07	2.75E-07	2.66E-07	2.32E-07	2.21E-07	2.38E-07	1.85E-07	1.89E-07	2.62E-07	2.17E-07	2.08E-07	2.05E-07	2.02E-07
YDR248C	7.34E-07	8.03E-07	5.95E-07	8.23E-07	8.04E-07	8.13E-07	3.59E-07	3.73E-07	3.50E-07	3.19E-07	3.48E-07	3.21E-07	1.65E-07	1.66E-07	2.03E-07	1.65E-07
YMR153W	1.27E-07	1.49E-07	1.17E-07	1.33E-07	1.27E-07	1.41E-07	8.42E-08	1.01E-07	8.68E-08	6.64E-08	8.30E-08	6.62E-08	7.81E-08	8.00E-08	7.32E-08	7.47E-08
YMR156C	NA	NA	NA	NA	NA	NA	NA	NA	NA	NA	NA	NA	NA	NA	NA	NA
YMR157C	2.16E-07	NA	2.57E-07	NA	NA	2.23E-07	NA	1.30E-07	NA	1.02E-07	7.69E-08	NA	5.02E-07	4.49E-07	5.77E-07	5.09E-07
YMR158W	8.43E-07	8.61E-07	7.05E-07	5.77E-07	6.15E-07	6.10E-07	3.54E-07	3.78E-07	3.71E-07	2.25E-07	2.65E-07	3.25E-07	9.72E-07	1.08E-06	1.14E-06	1.02E-06
YDR096W	NA	2.63E-08	NA	3.42E-08	3.15E-08	NA	2.28E-08	2.26E-08	NA	NA	1.73E-08	1.89E-08	2.03E-08	1.77E-08	1.89E-08	NA
YDR097C	5.36E-08	NA	9.42E-08	7.29E-08	NA	6.98E-08	5.19E-08	6.10E-08	5.00E-08	5.14E-08	4.47E-08	3.36E-08	6.56E-08	6.14E-08	7.43E-08	NA
YDR098C	3.92E-07	3.96E-07	5.01E-07	2.41E-07	2.27E-07	2.61E-07	1.27E-07	1.28E-07	NA	1.06E-07	1.29E-07	1.24E-07	2.26E-07	1.96E-07	2.34E-07	2.13E-07
YDR101C	1.22E-06	1.08E-06	1.17E-06	6.72E-07	6.68E-07	6.97E-07	3.61E-07	3.69E-07	3.96E-07	3.30E-07	3.18E-07	3.49E-07	1.13E-06	1.05E-06	1.08E-06	1.08E-06
YMR123W	1.87E-07	1.77E-07	2.09E-07	2.68E-07	2.81E-07	2.60E-07	1.78E-07	1.63E-07	1.56E-07	1.25E-07	7.51E-08	7.64E-08	1.12E-07	9.54E-08	1.27E-07	1.29E-07
YDR141C	5.98E-08	5.45E-08	8.26E-08	9.75E-08	6.80E-08	9.75E-08	4.75E-08	5.63E-08	5.01E-08	3.42E-08	4.60E-08	5.94E-08	3.18E-08	NA	2.94E-08	3.58E-08
YDR190C	3.40E-06	3.33E-06	3.56E-06	2.85E-06	2.99E-06	2.89E-06	1.74E-06	1.92E-06	1.77E-06	1.55E-06	1.65E-06	1.60E-06	1.78E-06	1.83E-06	1.97E-06	1.85E-06
YDR196C	8.13E-07	7.34E-07	8.94E-07	9.81E-07	8.96E-07	8.85E-07	5.60E-07	5.73E-07	5.98E-07	5.59E-07	4.40E-07	5.35E-07	3.33E-07	3.30E-07	3.39E-07	3.24E-07
YDR200C	NA	NA	5.69E-08	NA	NA	5.28E-08	3.68E-08	NA	NA	3.76E-08	3.13E-08	NA	3.23E-08	3.04E-08	NA	NA
YDR174W	1.55E-06	1.55E-06	1.64E-06	1.49E-06	1.53E-06	1.70E-06	1.17E-06	1.25E-06	1.16E-06	1.02E-06	1.12E-06	1.23E-06	1.50E-06	1.48E-06	1.50E-06	1.57E-06
YDR175C	9.64E-08	1.25E-07	9.98E-08	8.33E-08	8.91E-08	8.84E-08	5.80E-08	6.36E-08	4.92E-08	3.84E-08	4.52E-08	4.50E-08	1.59E-07	1.51E-07	1.58E-07	1.56E-07
YDR180W	NA	NA	NA	NA	NA	NA	NA	NA	NA	NA	NA	NA	NA	NA	NA	NA
YDR186C	4.46E-08	2.31E-08	4.64E-08	2.29E-08	NA	NA	1.74E-08	1.85E-08	1.89E-08	1.82E-08	1.15E-08	1.37E-08	NA	NA	2.80E-08	NA
YMR241W	4.06E-06	3.88E-06	3.62E-06	7.14E-06	7.41E-06	7.52E-06	4.61E-06	4.74E-06	4.61E-06	3.79E-06	2.97E-06	3.63E-06	3.40E-06	3.25E-06	3.38E-06	3.50E-06
YDR412W	1.40E-06	1.39E-06	1.36E-06	1.17E-06	1.26E-06	1.40E-06	7.90E-07	7.14E-07	7.03E-07	6.24E-07	6.71E-07	6.58E-07	1.02E-06	1.01E-06	9.58E-07	9.66E-07
YDR425W	NA	NA	3.92E-08	NA	NA	NA	NA	NA	NA	NA	NA	NA	NA	2.01E-07	NA	NA
YDR427W	3.31E-06	3.39E-06	4.21E-06	4.19E-06	4.29E-06	4.17E-06	2.79E-06	2.89E-06	2.72E-06	2.40E-06	2.16E-06	2.42E-06	2.13E-06	1.96E-06	2.14E-06	2.02E-06
YDR429C	4.88E-06	5.02E-06	4.35E-06	3.96E-06	3.93E-06	4.35E-06	2.19E-06	2.30E-06	2.25E-06	1.74E-06	2.11E-06	2.12E-06	3.66E-06	3.40E-06	3.74E-06	3.30E-06
YDR434W	3.89E-06	NA	1.18E-07	NA	NA	1.70E-07	NA	NA	1.16E-07	6.68E-08	8.92E-08	7.51E-08	NA	3.24E-08	5.63E-08	NA
YDR435C	1.78E-07	1.51E-07	2.22E-07	1.86E-07	2.05E-07	1.38E-07	1.32E-07	1.43E-07	1.63E-07	1.15E-07	1.05E-07	1.06E-07	1.46E-07	1.67E-07	1.73E-07	1.04E-07
YDR452W	2.70E-07	2.92E-07	3.22E-07	3.23E-07	3.24E-07	3.48E-07	2.51E-07	1.99E-07	1.98E-07	1.82E-07	2.02E-07	1.66E-07	1.08E-07	1.10E-07	1.65E-07	1.17E-07
YDR453C	1.43E-07	NA	3.81E-07	1.49E-07	8.88E-08	1.19E-07	4.83E-08	NA	NA	NA	NA	NA	NA	NA	8.79E-08	NA
YDR391C	1.69E-08	2.07E-08	NA	NA	NA	1.91E-08	NA	1.94E-08	1.94E-08	NA	1.67E-08	1.86E-08	NA	NA	NA	1.04E-08
YDR395W	1.92E-07	1.62E-07	2.58E-07	1.87E-07	1.54E-07	1.66E-07	1.06E-07	1.22E-07	1.20E-07	9.00E-08	1.05E-07	8.84E-08	1.27E-07	1.18E-07	1.74E-07	1.81E-07
YDR398W	NA	NA	NA	NA	NA	NA	NA	NA	NA	NA	NA	NA	NA	NA	NA	1.09E-07
YDR399W	7.93E-06	7.18E-06	7.30E-06	1.18E-05	1.15E-05	1.08E-05	7.67E-06	8.21E-06	7.42E-06	6.45E-06	7.20E-06	7.00E-06	4.93E-06	5.09E-06	5.11E-06	4.72E-06
YDR400W	NA	NA	NA	NA	NA	NA	NA	NA	NA	NA	NA	NA	NA	NA	NA	NA
YDR406W	5.72E-08	NA	1.13E-07	2.08E-07	2.19E-07	2.03E-07	1.38E-07	1.38E-07	1.26E-07	9.00E-08	9.49E-08	1.14E-07	NA	6.29E-08	9.86E-08	2.31E-07
YML102W	NA	4.45E-08	NA	NA	NA	NA	NA	2.58E-08	NA	NA	NA	2.77E-08	NA	NA	NA	NA
YML101C	5.48E-07	5.87E-07	NA	NA	7.20E-07	NA	NA	NA	NA	4.31E-07	NA	NA	NA	5.78E-07	NA	5.04E-07
YMR041C	NA	NA	3.49E-07	NA	NA	4.25E-07	NA	NA	1.28E-07	NA	NA	NA	NA	NA	NA	NA
YMR044W	2.78E-08	2.66E-08	2.37E-08	6.80E-08	NA	4.48E-08	2.64E-08	2.08E-08	2.56E-08	2.49E-08	NA	NA	1.58E-08	NA	NA	NA
YMR128W	NA	2.74E-08	NA	2.69E-08	NA	NA	1.58E-08	1.21E-08	1.22E-08	1.37E-08	8.70E-09	1.46E-08	NA	3.43E-08	2.09E-08	2.74E-08
YMR130W	1.97E-07	1.45E-07	1.97E-07	1.98E-07	1.61E-07	1.70E-07	9.76E-08	1.16E-07	1.13E-07	7.74E-08	9.95E-08	8.13E-08	1.09E-07	NA	1.20E-07	1.08E-07
YMR131C	5.44E-07	4.39E-07	4.83E-07	3.78E-07	3.36E-07	4.12E-07	2.30E-07	2.00E-07	1.78E-07	1.72E-07	1.95E-07	1.98E-07	3.29E-07	3.68E-07	3.70E-07	3.61E-07
YML013W	NA	2.93E-07	4.76E-07	5.29E-07	4.41E-07	5.87E-07	4.06E-07	NA	1.38E-07	2.91E-07	NA	2.31E-07	NA	NA	1.43E-07	NA
YMR076C	3.60E-07	2.53E-07	2.54E-07	3.80E-07	3.98E-07	4.20E-07	2.57E-07	3.59E-07	2.74E-07	1.91E-07	2.59E-07	2.97E-07	2.40E-07	2.99E-07	1.45E-07	2.90E-07
YMR086W	1.88E-07	1.75E-07	1.66E-07	2.35E-07	2.14E-07	2.28E-07	2.68E-07	2.38E-07	2.36E-07	1.87E-07	2.17E-07	2.68E-07	1.18E-07	1.18E-07	1.28E-07	1.20E-07
YMR090W	7.63E-07	9.36E-07	1.17E-06	1.50E-06	1.30E-06	1.46E-06	1.92E-06	1.88E-06	1.90E-06	1.66E-06	1.90E-06	1.80E-06	1.34E-07	1.55E-07	1.27E-07	1.13E-07
YMR093W	2.78E-07	2.71E-07	2.81E-07	2.06E-07	1.87E-07	2.31E-07	1.12E-07	1.30E-07	8.70E-08	1.02E-07	1.13E-07	1.16E-07	2.82E-07	2.57E-07	2.78E-07	2.69E-07
YDR049W	NA	NA	1.01E-07	NA	NA	NA	NA	NA	NA	NA	NA	NA	NA	NA	NA	NA
YMR192W	NA	NA	NA	NA	2.50E-08	1.79E-08	NA	NA	NA	NA	NA	1.26E-08	NA	1.27E-08	NA	2.32E-08
YMR196W	4.14E-07	3.59E-07	5.02E-07	7.59E-07	7.50E-07	7.21E-07	5.19E-07	5.23E-07	5.30E-07	3.57E-07	3.98E-07	3.90E-07	1.11E-07	8.40E-08	1.26E-07	1.13E-07
YMR197C	NA	6.08E-08	2.65E-08	NA	8.07E-08	7.81E-08	NA	NA	NA	2.46E-08	4.59E-08	1.87E-08	NA	2.77E-08	NA	4.14E-08
YDR031W	3.10E-07	3.25E-07	3.75E-07	2.49E-07	2.64E-07	2.62E-07	2.17E-07	2.06E-07	1.96E-07	1.50E-07	1.58E-07	1.53E-07	1.78E-07	1.75E-07	2.09E-07	1.88E-07
YDL125C	2.01E-05	2.10E-05	2.26E-05	1.66E-05	1.74E-05	1.76E-05	8.06E-06	8.59E-06	7.87E-06	6.76E-06	7.11E-06	7.14E-06	8.18E-06	8.14E-06	8.32E-06	8.25E-06
YMR014W	6.05E-08	7.90E-08	5.28E-08	4.37E-08	NA	NA	2.49E-08	3.76E-08	NA	1.82E-08	NA	NA	NA	NA	4.21E-08	NA
YMR027W	1.44E-06	1.39E-06	1.50E-06	1.68E-06	1.69E-06	1.75E-06	1.05E-06	1.05E-06	1.15E-06	8.76E-07	8.96E-07	8.76E-07	1.01E-06	9.64E-07	1.13E-06	1.08E-06
YMR028W	5.15E-08	4.08E-08	4.22E-08	4.08E-08	4.26E-08	5.22E-08	3.56E-08	4.29E-08	4.05E-08	2.90E-08	2.47E-08	2.41E-08	2.22E-08	2.30E-08	2.22E-08	1.27E-08
YDR496C	9.02E-07	8.59E-07	9.27E-07	5.61E-07	5.64E-07	5.58E-07	3.42E-07	3.38E-07	3.41E-07	2.91E-07	2.56E-07	2.83E-07	7.80E-07	7.17E-07	7.56E-07	7.24E-07
YDR511W	1.00E-06	1.07E-06	1.21E-06	5.73E-07	6.49E-07	6.10E-07	3.18E-07	3.35E-07	3.30E-07	2.21E-07	2.35E-07	2.26E-07	8.73E-07	8.48E-07	9.45E-07	9.95E-07
YDR512C	1.44E-07	NA	1.94E-07	2.49E-07	2.43E-07	NA	9.12E-08	1.19E-07	8.26E-08	8.59E-08	NA	NA	2.08E-07	1.84E-07	2.07E-07	2.46E-07
YDR516C	3.18E-06	2.79E-06	3.77E-06	1.88E-06	1.93E-06	1.80E-06	8.10E-07	7.68E-07	7.80E-07	5.97E-07	6.14E-07	6.72E-07	1.56E-06	1.42E-06	1.60E-06	1.49E-06
YDR517W	NA	8.68E-07	1.25E-06	6.46E-07	9.86E-07	7.39E-07	4.95E-07	4.02E-07	4.44E-07	2.92E-07	3.89E-07	4.19E-07	5.18E-07	6.31E-07	5.66E-07	4.77E-07
YDR527W	6.74E-09	8.25E-09	9.88E-09	5.85E-09	4.99E-09	6.04E-09	4.55E-09	3.54E-09	6.32E-09	6.28E-09	3.55E-09	6.42E-09	3.90E-09	7.02E-09	3.95E-09	5.19E-09
YDR531W	7.71E-07	7.67E-07	9.32E-07	1.08E-06	1.09E-06	9.91E-07	5.45E-07	6.33E-07	4.47E-07	4.96E-07	4.05E-07	5.19E-07	3.39E-07	2.94E-07	2.94E-07	3.02E-07
YDR532C	NA	NA	NA	NA	NA	NA	NA	NA	NA	NA	NA	NA	NA	NA	NA	NA
YDR533C	6.83E-07	8.09E-07	1.24E-06	1.07E-06	1.01E-06	1.07E-06	2.33E-06	2.18E-06	2.18E-06	2.33E-06	2.56E-06	2.53E-06	4.18E-07	4.54E-07	3.15E-07	3.13E-07
YMR107W	9.37E-07	1.11E-06	1.63E-06	6.45E-07	5.31E-07	5.44E-07	NA	6.77E-08	NA	1.79E-08	NA	NA	NA	4.24E-08	NA	NA
YMR109W	3.48E-07	3.21E-07	4.48E-07	5.09E-07	5.02E-07	5.43E-07	3.51E-07	3.62E-07	3.76E-07	2.77E-07	2.98E-07	3.22E-07	2.64E-07	2.51E-07	2.72E-07	3.14E-07
YMR110C	1.09E-06	1.13E-06	1.24E-06	1.14E-06	1.18E-06	1.23E-06	6.83E-07	6.74E-07	6.86E-07	5.32E-07	4.95E-07	5.46E-07	2.93E-07	2.46E-07	3.12E-07	3.29E-07
YMR115W	7.59E-08	6.21E-08	6.08E-08	5.20E-08	7.36E-08	6.71E-08	3.36E-08	4.56E-08	3.06E-08	2.63E-08	2.71E-08	4.48E-08	4.75E-08	4.68E-08	6.00E-08	4.51E-08
YLR208W	7.47E-06	7.96E-06	7.66E-06	8.59E-06	8.53E-06	8.91E-06	5.42E-06	5.07E-06	5.20E-06	4.32E-06	4.68E-06	4.75E-06	4.99E-06	4.90E-06	5.14E-06	4.30E-06
YML094W	7.72E-07	8.28E-07	6.93E-07	8.55E-07	8.09E-07	9.24E-07	5.06E-07	5.27E-07	5.31E-07	4.18E-07	5.03E-07	5.33E-07	4.97E-07	5.32E-07	5.18E-07	4.99E-07
YML093W	1.13E-08	NA	NA	NA	NA	NA	NA	NA	NA	NA	NA	NA	1.65E-08	NA	9.57E-09	1.13E-08
YML082W	NA	NA	NA	NA	NA	NA	NA	NA	NA	NA	NA	NA	NA	NA	NA	NA
YDR116C	5.57E-07	5.97E-07	4.67E-07	3.42E-07	3.35E-07	3.41E-07	2.51E-07	2.34E-07	2.32E-07	1.74E-07	1.77E-07	1.95E-07	7.68E-07	7.46E-07	8.11E-07	8.39E-07
YDR117C	3.24E-07	NA	3.26E-07	2.82E-07	3.26E-07	2.92E-07	1.89E-07	2.15E-07	1.78E-07	1.35E-07	1.53E-07	1.77E-07	1.47E-07	NA	2.18E-07	NA
YDR119W	NA	NA	NA	NA	NA	NA	NA	8.97E-08	NA	NA	8.50E-08	NA	NA	NA	NA	NA
YDR121W	2.39E-07	2.08E-07	2.57E-07	2.13E-07	2.12E-07	2.49E-07	1.32E-07	1.24E-07	1.22E-07	1.12E-07	1.32E-07	1.23E-07	9.67E-08	9.29E-08	1.05E-07	9.05E-08
YML071C	NA	1.03E-08	NA	NA	2.60E-08	NA	NA	9.93E-09	NA	NA	7.49E-09	8.05E-09	1.13E-08	NA	NA	8.45E-09
YML069W	1.10E-06	1.14E-06	1.23E-06	1.35E-06	1.39E-06	1.50E-06	9.26E-07	9.54E-07	9.55E-07	8.07E-07	8.43E-07	8.34E-07	7.31E-07	6.67E-07	7.34E-07	6.83E-07
YMR049C	5.75E-07	4.98E-07	4.48E-07	3.56E-07	3.81E-07	3.89E-07	2.12E-07	2.05E-07	2.16E-07	1.74E-07	1.62E-07	1.84E-07	4.71E-07	4.05E-07	4.32E-07	4.26E-07
YLR005W	NA	NA	NA	NA	NA	NA	NA	2.17E-08	NA	NA	NA	NA	NA	NA	NA	2.49E-08
YML050W	5.71E-08	5.40E-08	4.59E-08	3.51E-08	3.17E-08	3.65E-08	1.49E-08	2.11E-08	2.26E-08	1.43E-08	1.52E-08	1.56E-08	3.85E-08	4.26E-08	5.03E-08	5.13E-08
YML049C	NA	NA	NA	NA	NA	NA	NA	NA	NA	NA	NA	NA	NA	NA	NA	NA
YML048W	4.91E-06	4.73E-06	4.54E-06	6.66E-06	6.17E-06	6.68E-06	3.54E-06	3.47E-06	3.64E-06	2.54E-06	2.68E-06	2.81E-06	2.06E-06	1.96E-06	2.50E-06	3.01E-06
YMR062C	2.50E-06	2.84E-06	2.58E-06	2.70E-06	2.51E-06	2.83E-06	1.29E-06	1.46E-06	1.37E-06	1.19E-06	1.32E-06	1.26E-06	1.44E-06	1.48E-06	1.37E-06	1.42E-06
YER027C	3.17E-07	NA	3.81E-07	3.35E-07	3.21E-07	NA	NA	2.82E-07	2.38E-07	2.03E-07	3.66E-07	2.89E-07	3.77E-07	3.73E-07	3.55E-07	NA
YMR071C	NA	NA	3.70E-07	NA	7.33E-07	NA	4.46E-07	NA	4.69E-07	3.45E-07	NA	3.74E-07	NA	NA	NA	2.92E-07
YMR073C	3.71E-07	2.50E-07	NA	NA	2.49E-07	2.92E-07	1.52E-07	1.67E-07	1.83E-07	1.26E-07	NA	1.50E-07	2.05E-07	1.91E-07	2.10E-07	NA
YMR074C	1.62E-06	1.61E-06	1.69E-06	1.20E-06	1.24E-06	1.25E-06	7.62E-07	7.69E-07	7.37E-07	5.83E-07	6.36E-07	6.28E-07	1.27E-06	1.37E-06	1.25E-06	1.21E-06
YMR075W	NA	NA	NA	NA	NA	NA	NA	NA	NA	NA	NA	NA	NA	NA	NA	NA
YMR250W	1.09E-07	1.62E-07	3.18E-07	NA	NA	1.52E-07	1.39E-07	1.26E-07	1.29E-07	1.14E-07	1.15E-07	1.11E-07	3.70E-08	NA	NA	3.04E-08
YMR258C	NA	NA	4.80E-07	NA	NA	NA	2.16E-07	NA	NA	NA	NA	1.64E-07	NA	NA	NA	NA
YMR315W	6.12E-06	6.44E-06	5.63E-06	5.48E-06	5.16E-06	5.47E-06	2.08E-06	2.45E-06	2.08E-06	1.68E-06	1.82E-06	1.86E-06	2.71E-06	2.71E-06	2.66E-06	2.59E-06
YMR318C	8.49E-06	8.09E-06	6.81E-06	7.90E-06	7.93E-06	8.26E-06	2.46E-06	2.58E-06	2.56E-06	2.10E-06	2.21E-06	2.52E-06	5.68E-06	5.67E-06	5.67E-06	5.45E-06
YDR221W	NA	NA	NA	3.88E-07	NA	3.30E-07	4.05E-07	2.77E-07	NA	2.16E-07	1.87E-07	2.20E-07	1.28E-07	1.47E-07	NA	1.52E-07
YDR229W	1.50E-07	1.36E-07	1.29E-07	1.29E-07	1.38E-07	1.25E-07	9.71E-08	9.02E-08	9.83E-08	8.03E-08	9.13E-08	8.13E-08	NA	3.52E-08	4.38E-08	NA
YDR231C	3.64E-07	3.54E-07	2.52E-07	2.05E-07	2.34E-07	1.95E-07	1.46E-07	1.31E-07	1.23E-07	9.61E-08	8.53E-08	9.31E-08	1.74E-07	1.59E-07	2.24E-07	1.86E-07
YDR233C	9.24E-06	8.49E-06	7.75E-06	8.82E-06	8.13E-06	8.95E-06	6.36E-06	6.25E-06	6.34E-06	4.56E-06	5.13E-06	5.11E-06	2.59E-06	2.40E-06	3.35E-06	3.84E-06
YMR305C	5.81E-08	4.19E-08	4.63E-08	4.16E-08	3.90E-08	4.40E-08	2.03E-08	2.06E-08	1.96E-08	1.66E-08	1.66E-08	1.60E-08	2.08E-08	2.07E-08	2.06E-08	1.71E-08
YML058W	2.88E-07	3.14E-07	3.63E-07	4.66E-07	4.61E-07	5.03E-07	3.45E-07	3.04E-07	2.87E-07	2.55E-07	2.05E-07	2.20E-07	2.00E-07	1.71E-07	1.99E-07	2.26E-07
YML055W	9.12E-07	8.44E-07	9.35E-07	1.43E-06	1.46E-06	1.47E-06	9.88E-07	8.65E-07	9.93E-07	6.92E-07	6.84E-07	8.19E-07	4.63E-07	4.18E-07	5.76E-07	6.49E-07
YMR226C	5.24E-06	5.49E-06	5.25E-06	1.02E-05	1.06E-05	1.11E-05	9.23E-06	9.52E-06	9.37E-06	7.85E-06	8.61E-06	8.60E-06	3.72E-06	3.77E-06	3.85E-06	3.72E-06
YMR229C	8.63E-07	7.86E-07	8.05E-07	7.89E-07	7.69E-07	8.61E-07	4.32E-07	3.89E-07	4.00E-07	3.25E-07	3.29E-07	3.24E-07	1.19E-06	1.20E-06	1.07E-06	1.24E-06
YMR237W	2.62E-07	2.35E-07	3.07E-07	3.30E-07	3.22E-07	3.66E-07	2.31E-07	2.27E-07	2.61E-07	1.83E-07	1.79E-07	2.06E-07	1.77E-07	1.61E-07	2.13E-07	2.35E-07
YMR029C	1.71E-07	1.45E-07	1.51E-07	1.90E-07	1.70E-07	2.09E-07	1.51E-07	1.50E-07	1.50E-07	1.25E-07	1.01E-07	1.20E-07	1.03E-07	1.02E-07	1.06E-07	1.02E-07
YMR031C	2.23E-06	2.27E-06	2.37E-06	4.59E-06	4.53E-06	4.55E-06	3.08E-06	3.04E-06	3.09E-06	2.51E-06	2.81E-06	2.74E-06	9.03E-07	8.50E-07	9.68E-07	9.31E-07
YMR033W	2.35E-07	1.64E-07	2.24E-07	2.71E-07	2.79E-07	2.34E-07	2.07E-07	2.05E-07	1.87E-07	1.67E-07	1.51E-07	1.60E-07	2.72E-07	2.31E-07	2.26E-07	2.34E-07
YDL088C	7.37E-08	7.22E-08	6.24E-08	7.09E-08	6.47E-08	9.10E-08	5.15E-08	4.92E-08	4.45E-08	4.52E-08	4.73E-08	4.13E-08	5.14E-08	5.04E-08	5.25E-08	4.49E-08
YAR002C-A	1.66E-06	1.60E-06	1.65E-06	2.10E-06	1.93E-06	2.10E-06	1.60E-06	1.60E-06	1.63E-06	1.11E-06	1.17E-06	1.26E-06	1.41E-06	9.95E-07	1.24E-06	1.08E-06
YDR334W	NA	NA	NA	NA	NA	NA	NA	NA	NA	NA	NA	NA	NA	NA	NA	NA
YDR339C	1.90E-08	1.08E-08	2.41E-08	NA	1.04E-08	NA	NA	NA	NA	5.65E-09	6.92E-09	NA	1.59E-08	NA	1.21E-08	1.38E-08
YDR341C	3.55E-06	3.42E-06	4.24E-06	2.75E-06	2.79E-06	2.85E-06	1.84E-06	1.77E-06	1.85E-06	1.60E-06	1.45E-06	1.58E-06	2.33E-06	2.29E-06	2.25E-06	2.26E-06
YDR346C	1.48E-06	1.53E-06	1.64E-06	1.24E-06	1.23E-06	1.33E-06	7.48E-07	7.48E-07	7.74E-07	7.06E-07	6.07E-07	6.58E-07	7.26E-07	6.89E-07	7.52E-07	7.31E-07
YDR348C	1.67E-07	1.44E-07	1.69E-07	1.43E-07	1.28E-07	1.41E-07	1.13E-07	9.27E-08	8.17E-08	9.16E-08	7.80E-08	1.00E-07	1.39E-07	1.13E-07	1.07E-07	1.05E-07
YDR289C	4.16E-07	4.48E-07	4.39E-07	3.80E-07	4.18E-07	4.26E-07	2.12E-07	2.14E-07	2.12E-07	1.77E-07	1.81E-07	1.94E-07	1.49E-07	1.57E-07	1.66E-07	1.50E-07
YDR294C	1.20E-06	1.08E-06	1.60E-06	1.49E-06	1.38E-06	1.41E-06	6.86E-07	6.81E-07	7.74E-07	4.61E-07	5.16E-07	5.31E-07	5.51E-07	3.82E-07	5.26E-07	5.19E-07
YDR266C	NA	NA	NA	NA	NA	NA	NA	NA	NA	NA	NA	NA	NA	NA	NA	NA
YDR267C	3.47E-07	3.21E-07	2.78E-07	1.05E-07	NA	2.37E-07	1.69E-07	1.26E-07	1.30E-07	1.06E-07	9.86E-08	1.43E-07	8.24E-08	8.76E-08	NA	1.09E-07
YDR272W	1.07E-06	1.07E-06	9.59E-07	1.18E-06	1.20E-06	1.42E-06	9.58E-07	9.06E-07	9.64E-07	6.85E-07	7.98E-07	7.97E-07	6.05E-07	5.82E-07	6.52E-07	6.09E-07
YDR280W	1.81E-07	1.49E-07	1.49E-07	1.30E-07	1.14E-07	1.26E-07	7.69E-08	1.02E-07	9.72E-08	9.33E-08	9.35E-08	9.71E-08	7.60E-08	NA	1.30E-07	4.76E-08
YLR192C	5.25E-06	5.19E-06	5.77E-06	5.41E-06	5.45E-06	6.09E-06	3.65E-06	3.58E-06	3.33E-06	2.72E-06	2.98E-06	3.24E-06	3.56E-06	3.49E-06	3.74E-06	3.50E-06
YLR199C	7.77E-08	9.85E-08	8.53E-08	7.40E-08	9.78E-08	9.62E-08	5.55E-08	5.46E-08	5.87E-08	3.81E-08	4.98E-08	4.56E-08	NA	3.12E-08	3.30E-08	3.34E-08
YLR201C	5.36E-08	1.32E-07	3.78E-08	2.99E-08	NA	NA	3.95E-08	4.43E-08	4.09E-08	4.96E-08	4.80E-08	7.20E-08	NA	NA	NA	NA
YLR206W	2.10E-07	2.47E-07	2.83E-07	3.14E-07	3.28E-07	3.10E-07	2.75E-07	2.76E-07	2.87E-07	1.83E-07	2.24E-07	2.00E-07	9.08E-08	1.17E-07	1.21E-07	1.31E-07
YLR207W	NA	NA	NA	NA	NA	NA	NA	NA	NA	NA	NA	NA	NA	NA	NA	NA
YLR209C	1.46E-06	1.43E-06	1.26E-06	1.34E-06	1.26E-06	1.56E-06	1.05E-06	1.06E-06	9.11E-07	8.15E-07	9.87E-07	8.87E-07	7.23E-07	7.46E-07	8.28E-07	8.20E-07
YLR215C	4.80E-08	7.96E-08	NA	NA	7.27E-08	5.28E-08	NA	NA	3.45E-08	2.28E-08	1.79E-08	NA	5.32E-08	3.60E-08	NA	5.38E-08
YLR219W	1.98E-07	1.57E-07	1.81E-07	1.84E-07	2.11E-07	1.45E-07	1.02E-07	1.38E-07	1.15E-07	1.18E-07	8.94E-08	1.27E-07	6.40E-08	5.73E-08	NA	5.11E-08
YLR283W	NA	NA	NA	NA	NA	NA	NA	NA	NA	NA	NA	NA	NA	NA	NA	NA
YLR284C	4.34E-07	4.54E-07	3.51E-07	5.77E-07	5.09E-07	6.02E-07	1.07E-07	1.27E-07	NA	9.50E-08	NA	NA	4.28E-08	NA	4.53E-08	NA
YLR285W	2.43E-07	2.39E-07	3.08E-07	2.76E-07	3.04E-07	3.25E-07	1.92E-07	1.77E-07	1.82E-07	1.44E-07	1.64E-07	2.11E-07	1.94E-07	2.27E-07	2.08E-07	2.00E-07
YLR287C	2.14E-07	2.07E-07	1.73E-07	2.21E-07	2.74E-07	2.56E-07	1.39E-07	1.35E-07	1.59E-07	1.22E-07	1.15E-07	1.25E-07	1.21E-07	1.18E-07	1.10E-07	1.18E-07
YLR290C	1.80E-07	1.39E-07	2.20E-07	1.76E-07	NA	1.93E-07	1.25E-07	1.31E-07	1.54E-07	1.00E-07	1.04E-07	9.80E-08	5.56E-08	7.21E-08	NA	6.01E-08
YLR298C	NA	NA	NA	1.12E-08	1.22E-08	1.37E-08	7.74E-09	1.06E-08	7.94E-09	7.43E-09	9.26E-09	1.13E-08	NA	NA	NA	NA
YLR299W	7.51E-08	7.52E-08	6.43E-08	1.19E-07	1.35E-07	1.86E-07	1.11E-07	1.26E-07	1.29E-07	NA	1.13E-07	9.89E-08	NA	NA	1.23E-08	NA
YLR301W	4.31E-06	4.40E-06	5.11E-06	6.65E-06	6.74E-06	7.32E-06	4.40E-06	4.41E-06	4.21E-06	4.05E-06	4.25E-06	4.32E-06	3.08E-06	3.22E-06	3.17E-06	2.95E-06
YLR359W	1.32E-05	1.20E-05	1.32E-05	9.99E-06	1.05E-05	1.06E-05	7.08E-06	6.80E-06	6.90E-06	5.82E-06	5.41E-06	6.00E-06	1.08E-05	1.06E-05	1.12E-05	1.07E-05
YLR364W	3.75E-06	3.86E-06	4.84E-06	2.00E-06	2.19E-06	2.28E-06	1.75E-06	1.71E-06	1.78E-06	1.62E-06	1.47E-06	1.85E-06	4.10E-06	3.83E-06	4.06E-06	4.34E-06
YLR369W	6.37E-07	6.24E-07	6.48E-07	6.22E-07	6.21E-07	6.52E-07	4.38E-07	4.20E-07	4.43E-07	3.74E-07	3.31E-07	3.21E-07	3.81E-07	3.45E-07	3.56E-07	3.49E-07
YLR370C	9.66E-07	1.06E-06	1.01E-06	1.15E-06	1.27E-06	1.31E-06	8.13E-07	8.23E-07	8.43E-07	6.65E-07	6.95E-07	6.70E-07	5.71E-07	5.38E-07	5.31E-07	4.90E-07
YLR373C	NA	1.82E-08	NA	4.81E-08	3.34E-08	NA	NA	NA	NA	NA	NA	NA	NA	NA	NA	1.72E-08
YLR221C	4.07E-08	4.33E-08	3.69E-08	2.96E-08	3.32E-08	3.53E-08	1.90E-08	2.01E-08	1.88E-08	1.48E-08	1.35E-08	1.49E-08	3.44E-08	3.48E-08	3.59E-08	2.62E-08
YLR222C	1.76E-07	2.14E-07	1.90E-07	1.41E-07	1.48E-07	1.70E-07	8.59E-08	8.83E-08	8.32E-08	6.76E-08	7.38E-08	6.14E-08	2.78E-07	2.73E-07	2.46E-07	2.48E-07
YLR226W	NA	NA	8.08E-08	NA	NA	6.59E-08	5.70E-08	NA	NA	NA	3.19E-08	NA	NA	NA	NA	NA
YLR231C	8.52E-07	8.84E-07	1.12E-06	1.29E-06	1.32E-06	1.37E-06	9.53E-07	9.52E-07	9.95E-07	8.27E-07	7.48E-07	8.10E-07	4.23E-07	4.12E-07	4.91E-07	4.76E-07
YLR237W	NA	NA	8.08E-09	9.40E-09	NA	9.56E-09	4.77E-09	4.47E-09	4.62E-09	2.79E-09	NA	2.31E-09	4.28E-09	NA	5.70E-09	7.50E-09
YLR239C	NA	NA	NA	NA	NA	NA	NA	NA	NA	NA	NA	NA	NA	NA	NA	NA
YLR389C	1.81E-07	1.45E-07	1.59E-07	2.09E-07	2.07E-07	2.02E-07	1.33E-07	1.37E-07	1.36E-07	1.06E-07	1.02E-07	1.13E-07	1.90E-07	1.75E-07	1.83E-07	1.72E-07
YLR390W	5.13E-08	NA	3.87E-08	3.37E-08	NA	NA	NA	NA	NA	1.71E-08	1.28E-08	NA	NA	NA	7.89E-08	NA
YLR401C	9.87E-08	NA	9.26E-08	7.71E-08	4.22E-08	7.17E-08	2.97E-08	NA	NA	2.34E-08	2.94E-08	3.10E-08	1.01E-07	1.06E-07	1.01E-07	1.28E-07
YLR409C	2.81E-07	3.16E-07	2.88E-07	2.29E-07	2.24E-07	3.32E-07	1.32E-07	1.25E-07	1.30E-07	1.15E-07	1.10E-07	8.86E-08	3.96E-07	3.51E-07	3.12E-07	3.87E-07
YPR098C	NA	2.43E-06	4.63E-07	6.71E-07	NA	6.37E-07	NA	NA	NA	2.83E-07	NA	2.55E-07	2.14E-07	NA	NA	NA
YPR100W	5.77E-07	5.09E-07	5.28E-07	3.62E-07	3.72E-07	4.35E-07	2.95E-07	2.73E-07	2.48E-07	1.65E-07	1.88E-07	2.12E-07	8.58E-07	8.09E-07	8.34E-07	8.98E-07
YPR105C	NA	NA	NA	NA	NA	2.77E-07	NA	NA	NA	NA	NA	NA	NA	1.07E-07	NA	NA
YPR108W	1.87E-06	1.92E-06	1.91E-06	2.09E-06	2.16E-06	2.27E-06	1.53E-06	1.49E-06	1.42E-06	1.25E-06	1.12E-06	1.13E-06	1.24E-06	1.12E-06	1.24E-06	1.19E-06
YPR112C	8.39E-08	7.63E-08	7.52E-08	6.41E-08	6.97E-08	1.07E-07	4.10E-08	3.69E-08	4.07E-08	3.60E-08	3.58E-08	4.65E-08	7.46E-08	7.33E-08	7.35E-08	8.32E-08
YPR115W	NA	NA	NA	NA	1.00E-08	NA	NA	7.40E-09	NA	4.73E-09	6.60E-09	9.13E-09	1.02E-08	1.03E-08	1.13E-08	NA
YLR336C	NA	4.89E-08	NA	NA	7.68E-08	NA	5.84E-08	5.22E-08	NA	NA	4.86E-08	NA	NA	3.31E-08	2.73E-08	3.59E-08
YLR345W	3.34E-07	3.88E-07	4.08E-07	NA	4.32E-07	4.59E-07	NA	2.44E-07	3.04E-07	2.06E-07	1.81E-07	1.75E-07	1.29E-07	NA	1.50E-07	1.98E-07
YLR347C	6.05E-07	5.59E-07	6.50E-07	7.25E-07	7.36E-07	6.80E-07	5.15E-07	5.52E-07	5.76E-07	4.09E-07	4.20E-07	4.34E-07	4.45E-07	4.07E-07	4.47E-07	5.21E-07
YLR257W	2.80E-07	3.03E-07	3.28E-07	1.48E-06	1.46E-06	1.35E-06	1.02E-06	9.55E-07	1.08E-06	8.86E-07	7.95E-07	7.28E-07	1.92E-07	2.03E-07	2.10E-07	1.86E-07
YLR260W	NA	NA	NA	NA	NA	NA	NA	NA	NA	NA	NA	NA	NA	NA	NA	5.54E-09
YLR270W	2.48E-06	2.65E-06	2.84E-06	2.99E-06	3.29E-06	3.00E-06	2.35E-06	2.39E-06	2.37E-06	2.10E-06	1.93E-06	2.04E-06	9.50E-07	9.36E-07	9.95E-07	9.27E-07
YLR312C	NA	9.63E-08	NA	1.27E-07	1.08E-07	1.17E-07	NA	9.61E-08	8.40E-08	5.79E-08	7.38E-08	7.59E-08	NA	NA	NA	NA
YLR321C	5.57E-08	9.98E-08	1.15E-07	1.39E-07	9.68E-08	1.09E-07	NA	1.07E-07	NA	7.81E-08	NA	4.25E-08	5.43E-08	5.27E-08	4.96E-08	1.07E-07
YLR324W	1.06E-07	1.11E-07	1.31E-07	1.60E-07	1.29E-07	1.63E-07	1.04E-07	8.96E-08	9.23E-08	6.49E-08	7.10E-08	7.36E-08	4.48E-08	3.78E-08	6.28E-08	5.85E-08
YLR327C	NA	5.92E-06	6.68E-06	NA	NA	NA	NA	NA	NA	NA	NA	NA	NA	NA	NA	NA
YLR455W	2.31E-08	NA	NA	2.32E-08	NA	NA	1.70E-08	1.95E-08	3.55E-08	1.68E-08	1.86E-08	2.57E-08	1.51E-08	1.44E-08	3.45E-08	NA
YLR449W	4.63E-07	4.50E-07	4.59E-07	3.73E-07	3.94E-07	4.12E-07	2.77E-07	2.92E-07	2.58E-07	2.21E-07	2.50E-07	2.63E-07	2.82E-07	2.76E-07	2.69E-07	2.54E-07
YPR169W	4.34E-08	4.87E-08	3.38E-08	2.43E-08	NA	2.59E-08	NA	NA	2.51E-08	NA	1.96E-08	2.88E-08	4.04E-08	2.52E-08	4.30E-08	4.10E-08
YLR275W	9.57E-07	9.89E-07	8.94E-07	1.09E-06	9.78E-07	1.41E-06	7.24E-07	7.87E-07	5.92E-07	5.24E-07	NA	6.12E-07	4.58E-07	5.92E-07	5.06E-07	6.06E-07
YLR276C	2.43E-07	2.28E-07	2.51E-07	2.25E-07	2.50E-07	2.36E-07	1.41E-07	1.28E-07	1.30E-07	1.05E-07	1.03E-07	1.12E-07	2.84E-07	2.47E-07	2.88E-07	2.89E-07
YLR277C	NA	NA	NA	NA	NA	NA	9.32E-09	NA	NA	NA	NA	NA	5.37E-09	NA	NA	NA
YLR166C	NA	NA	NA	NA	NA	NA	NA	NA	NA	2.90E-08	NA	NA	NA	NA	NA	NA
YLR179C	4.68E-06	4.61E-06	6.65E-06	4.29E-06	4.81E-06	4.81E-06	1.95E-06	1.84E-06	2.08E-06	1.70E-06	1.90E-06	2.11E-06	3.84E-06	3.79E-06	4.05E-06	4.11E-06
YLR181C	1.80E-07	1.73E-07	1.91E-07	2.01E-07	1.96E-07	1.98E-07	1.12E-07	1.04E-07	1.22E-07	1.01E-07	8.79E-08	8.71E-08	7.59E-08	6.66E-08	6.93E-08	7.34E-08
YLR186W	7.39E-07	7.76E-07	6.88E-07	7.51E-07	7.01E-07	7.52E-07	3.31E-07	3.53E-07	3.42E-07	2.69E-07	3.24E-07	3.34E-07	5.59E-07	5.43E-07	5.15E-07	5.21E-07
YLR189C	NA	NA	NA	NA	NA	NA	NA	NA	NA	NA	1.68E-08	9.87E-09	NA	NA	NA	NA
YDR358W	2.16E-07	1.94E-07	2.72E-07	2.27E-07	2.40E-07	2.38E-07	1.50E-07	1.63E-07	1.45E-07	1.37E-07	9.91E-08	1.23E-07	6.02E-08	7.04E-08	5.91E-08	6.42E-08
YDR361C	8.67E-07	7.92E-07	9.88E-07	7.27E-07	6.63E-07	8.12E-07	4.72E-07	4.71E-07	4.70E-07	3.60E-07	4.00E-07	4.28E-07	4.95E-07	5.05E-07	4.74E-07	4.78E-07
YDR365C	1.59E-08	1.18E-08	1.88E-08	1.47E-08	8.65E-09	1.36E-08	1.34E-08	1.16E-08	1.11E-08	1.06E-08	1.34E-08	1.23E-08	2.42E-08	2.52E-08	2.21E-08	2.35E-08
YDR372C	6.42E-07	6.93E-07	7.97E-07	8.12E-07	7.72E-07	8.66E-07	5.06E-07	4.79E-07	4.96E-07	4.45E-07	3.89E-07	4.27E-07	5.25E-07	4.63E-07	4.68E-07	4.89E-07
YDR377W	2.90E-06	2.64E-06	2.37E-06	2.47E-06	2.60E-06	2.59E-06	1.82E-06	2.22E-06	2.09E-06	1.33E-06	1.22E-06	1.27E-06	2.09E-06	1.98E-06	2.27E-06	2.10E-06
YDR378C	2.49E-07	NA	3.13E-07	3.27E-07	NA	3.38E-07	2.03E-07	1.75E-07	1.85E-07	NA	1.80E-07	2.19E-07	1.90E-07	1.51E-07	NA	NA
YDR379W	NA	5.52E-09	NA	NA	8.11E-09	1.39E-08	9.89E-09	NA	NA	NA	4.77E-09	NA	NA	NA	NA	4.86E-09
YLR427W	2.86E-08	NA	NA	3.22E-08	NA	5.03E-08	1.79E-08	2.53E-08	NA	1.47E-08	2.01E-08	NA	NA	1.55E-08	NA	1.98E-08
YLR429W	1.35E-06	1.33E-06	1.30E-06	1.22E-06	1.18E-06	1.26E-06	8.46E-07	8.58E-07	7.87E-07	6.59E-07	7.19E-07	7.19E-07	9.91E-07	1.09E-06	1.03E-06	9.43E-07
YPR156C	1.59E-07	NA	1.66E-07	9.77E-08	NA	1.64E-07	1.52E-07	1.37E-07	8.24E-08	9.74E-08	NA	1.19E-07	NA	NA	NA	NA
YLR357W	NA	NA	2.55E-08	NA	NA	3.96E-08	2.45E-08	2.54E-08	1.98E-08	2.27E-08	1.70E-08	1.75E-08	2.34E-08	2.77E-08	2.58E-08	3.08E-08
YPR118W	1.40E-06	1.53E-06	1.37E-06	1.59E-06	1.57E-06	1.63E-06	8.30E-07	8.56E-07	8.46E-07	7.34E-07	7.24E-07	7.84E-07	8.15E-07	7.77E-07	7.76E-07	7.80E-07
YPR125W	1.39E-07	1.38E-07	1.45E-07	2.04E-07	1.96E-07	2.24E-07	1.37E-07	1.33E-07	1.17E-07	1.01E-07	1.03E-07	9.65E-08	1.17E-07	1.04E-07	9.54E-08	9.75E-08
YPR127W	4.37E-07	5.04E-07	9.54E-07	1.19E-06	1.02E-06	1.06E-06	6.41E-07	6.64E-07	6.61E-07	5.10E-07	5.07E-07	4.03E-07	7.68E-08	7.95E-08	9.01E-08	8.08E-08
YPR128C	NA	NA	2.46E-08	4.54E-08	3.74E-08	2.57E-08	3.07E-08	2.45E-08	3.00E-08	1.86E-08	2.28E-08	2.94E-08	NA	NA	1.49E-08	1.85E-08
YPR131C	NA	4.58E-08	4.26E-08	NA	NA	5.45E-08	3.88E-08	2.95E-08	3.42E-08	NA	3.61E-08	2.35E-08	NA	NA	3.58E-08	3.15E-08
YPR133C	6.69E-07	6.74E-07	6.15E-07	7.84E-07	7.58E-07	8.26E-07	4.88E-07	4.77E-07	4.63E-07	3.81E-07	4.77E-07	4.34E-07	3.60E-07	3.85E-07	3.84E-07	3.69E-07
YPR137W	2.75E-07	3.04E-07	2.91E-07	2.56E-07	2.98E-07	2.32E-07	1.50E-07	1.35E-07	1.39E-07	1.20E-07	1.16E-07	1.27E-07	2.75E-07	2.59E-07	2.48E-07	2.51E-07
YPR139C	2.01E-07	1.92E-07	2.50E-07	3.46E-07	4.59E-07	3.38E-07	2.46E-07	2.44E-07	2.72E-07	NA	2.14E-07	2.16E-07	1.52E-07	NA	1.73E-07	NA
YPR140W	NA	NA	NA	NA	NA	NA	NA	NA	NA	NA	NA	NA	NA	NA	NA	NA
YPR143W	6.24E-07	6.41E-07	6.32E-07	6.86E-07	6.92E-07	7.39E-07	4.06E-07	4.14E-07	4.62E-07	2.84E-07	3.38E-07	3.43E-07	5.36E-07	4.76E-07	6.31E-07	5.26E-07
YPR148C	4.02E-07	4.14E-07	3.53E-07	4.55E-07	4.76E-07	4.94E-07	3.04E-07	2.94E-07	2.82E-07	2.42E-07	2.40E-07	2.52E-07	1.91E-07	2.08E-07	2.17E-07	1.99E-07
YPR152C	NA	NA	NA	NA	NA	NA	NA	NA	NA	NA	NA	NA	NA	NA	NA	NA
YLR241W	1.34E-08	NA	1.30E-08	2.68E-08	2.13E-08	2.60E-08	1.46E-08	1.53E-08	1.83E-08	1.38E-08	1.61E-08	NA	7.83E-09	7.06E-09	8.58E-09	1.37E-08
YLR243W	2.19E-07	2.08E-07	2.45E-07	2.16E-07	1.75E-07	NA	1.08E-07	1.21E-07	1.02E-07	1.02E-07	NA	1.04E-07	1.32E-07	1.24E-07	NA	1.05E-07
YLR253W	NA	NA	NA	NA	NA	NA	NA	NA	NA	NA	NA	NA	NA	NA	NA	NA
YPR193C	7.04E-08	NA	NA	NA	NA	NA	NA	NA	NA	3.33E-08	NA	NA	NA	NA	NA	NA
YPR172W	1.79E-06	2.09E-06	2.13E-06	2.11E-06	2.12E-06	2.30E-06	1.47E-06	1.48E-06	1.43E-06	1.22E-06	1.26E-06	1.17E-06	7.07E-07	7.42E-07	8.04E-07	7.33E-07
YPR174C	NA	NA	NA	NA	NA	NA	NA	NA	NA	NA	NA	NA	NA	NA	NA	NA
YPR180W	3.04E-07	3.35E-07	3.30E-07	3.60E-07	3.22E-07	3.15E-07	1.92E-07	1.95E-07	2.12E-07	1.77E-07	1.62E-07	1.93E-07	1.54E-07	1.51E-07	8.36E-08	1.24E-07
YPR184W	2.34E-07	2.22E-07	3.39E-07	4.17E-07	3.62E-07	3.58E-07	2.31E-07	2.13E-07	2.36E-07	1.59E-07	1.56E-07	1.72E-07	NA	NA	NA	8.54E-08
YDR295C	5.88E-08	4.50E-08	NA	NA	5.56E-08	NA	NA	NA	NA	NA	NA	NA	NA	NA	NA	NA
YDR296W	6.56E-07	6.88E-07	6.98E-07	4.34E-07	5.37E-07	4.40E-07	3.35E-07	3.02E-07	2.66E-07	1.89E-07	2.07E-07	2.29E-07	1.09E-06	1.11E-06	1.04E-06	1.17E-06
YDR299W	1.15E-07	1.18E-07	1.18E-07	8.93E-08	8.79E-08	1.08E-07	4.99E-08	5.40E-08	5.10E-08	4.26E-08	4.90E-08	4.77E-08	9.94E-08	9.84E-08	1.00E-07	1.06E-07
YDR301W	NA	NA	NA	NA	NA	NA	NA	NA	1.49E-08	NA	9.20E-09	NA	NA	NA	NA	NA
YDR303C	2.03E-08	1.85E-08	1.95E-08	3.37E-08	NA	3.33E-08	2.22E-08	2.22E-08	1.88E-08	1.63E-08	1.70E-08	1.82E-08	NA	1.22E-08	2.00E-08	1.95E-08
YDR313C	5.46E-08	5.23E-08	7.54E-08	9.93E-08	8.84E-08	1.16E-07	7.24E-08	8.83E-08	6.56E-08	5.44E-08	7.86E-08	5.45E-08	1.41E-08	1.21E-08	1.78E-08	2.03E-08
YDR316W	NA	NA	NA	NA	NA	NA	NA	NA	NA	NA	NA	NA	1.16E-07	1.12E-07	7.99E-08	1.48E-07
YLR431C	2.55E-08	NA	NA	NA	2.69E-08	NA	NA	NA	NA	1.47E-08	NA	NA	NA	NA	NA	NA
YLR436C	NA	NA	1.10E-08	NA	NA	NA	NA	NA	6.68E-09	NA	NA	5.74E-09	NA	NA	NA	NA
YDR320C	NA	1.07E-07	NA	NA	9.35E-08	1.15E-07	NA	NA	NA	NA	NA	NA	NA	NA	NA	5.17E-08
YDR322W	3.88E-07	3.38E-07	3.78E-07	2.32E-07	2.23E-07	2.65E-07	1.63E-07	1.36E-07	1.80E-07	1.02E-07	1.21E-07	1.33E-07	4.95E-07	4.29E-07	5.03E-07	4.45E-07
YDR324C	3.24E-07	NA	6.08E-07	8.76E-07	2.37E-07	8.88E-07	1.35E-07	5.86E-07	5.61E-07	4.09E-07	4.55E-07	4.59E-07	3.08E-07	2.68E-07	4.16E-07	3.08E-07
YDR330W	1.15E-07	1.56E-07	1.94E-07	9.48E-08	8.89E-08	8.55E-08	5.74E-08	7.17E-08	5.57E-08	5.14E-08	5.27E-08	5.85E-08	6.09E-08	6.22E-08	1.95E-07	5.55E-08
YLR410W	5.66E-07	5.02E-07	5.88E-07	5.13E-07	5.15E-07	5.66E-07	4.06E-07	3.82E-07	3.79E-07	3.05E-07	2.95E-07	3.20E-07	4.31E-07	4.18E-07	4.01E-07	4.44E-07
YLR411W	NA	NA	NA	8.55E-08	NA	NA	NA	NA	NA	NA	NA	NA	8.38E-08	1.04E-07	NA	NA
YLR417W	NA	2.75E-07	2.03E-07	2.89E-07	2.92E-07	NA	2.00E-07	NA	NA	1.62E-07	NA	NA	NA	1.78E-07	1.99E-07	2.04E-07
YLR418C	2.47E-07	2.50E-07	2.20E-07	2.65E-07	2.95E-07	2.88E-07	2.00E-07	1.84E-07	1.77E-07	1.58E-07	1.55E-07	1.60E-07	1.21E-07	1.24E-07	1.39E-07	1.31E-07
YLR419W	5.02E-08	4.06E-08	4.87E-08	9.51E-08	6.74E-08	7.56E-08	4.73E-08	NA	4.41E-08	NA	4.74E-08	NA	NA	2.77E-08	3.19E-08	4.29E-08
YLR309C	3.94E-08	3.82E-08	4.12E-08	4.75E-08	4.98E-08	5.15E-08	2.26E-08	3.54E-08	3.11E-08	2.55E-08	2.30E-08	2.98E-08	3.63E-08	4.20E-08	2.97E-08	3.51E-08
YLR380W	6.63E-07	6.78E-07	6.37E-07	8.26E-07	8.30E-07	7.66E-07	6.19E-07	6.13E-07	5.34E-07	4.02E-07	5.16E-07	4.77E-07	4.35E-07	4.33E-07	4.70E-07	4.32E-07
YLR384C	2.22E-07	1.91E-07	2.59E-07	2.31E-07	2.02E-07	1.68E-07	1.94E-07	1.52E-07	1.63E-07	1.22E-07	1.39E-07	1.30E-07	2.29E-07	2.39E-07	2.15E-07	2.48E-07
YLR386W	1.27E-08	1.18E-08	1.28E-08	1.75E-08	1.52E-08	1.70E-08	1.69E-08	1.25E-08	1.25E-08	1.38E-08	1.17E-08	1.18E-08	6.12E-09	5.58E-09	6.22E-09	7.90E-09
YLR387C	5.23E-07	4.85E-07	4.77E-07	3.49E-07	2.72E-07	3.38E-07	1.71E-07	2.04E-07	1.79E-07	1.51E-07	1.41E-07	1.58E-07	3.33E-07	3.42E-07	3.26E-07	3.17E-07
YPR081C	1.64E-08	2.58E-08	NA	8.85E-09	NA	NA	NA	5.74E-09	NA	NA	NA	NA	NA	NA	3.69E-09	NA
YPR082C	9.40E-08	NA	6.52E-08	8.31E-08	NA	5.81E-08	NA	NA	NA	NA	3.89E-08	4.21E-08	5.68E-08	NA	NA	NA
YPR091C	NA	NA	NA	NA	NA	NA	NA	NA	NA	NA	NA	NA	NA	NA	NA	NA
YPR097W	NA	2.87E-08	NA	NA	NA	3.97E-08	NA	1.87E-08	NA	NA	1.86E-08	NA	NA	1.61E-08	1.66E-08	NA
YPL188W	7.04E-07	7.70E-07	7.17E-07	7.25E-07	6.86E-07	7.37E-07	3.92E-07	4.02E-07	4.20E-07	3.23E-07	2.80E-07	3.11E-07	3.03E-07	2.91E-07	3.48E-07	3.01E-07
YLR006C	NA	NA	NA	NA	NA	NA	NA	NA	NA	NA	NA	NA	NA	NA	NA	NA
YDL027C	1.28E-07	1.40E-07	NA	NA	1.24E-07	NA	9.87E-08	8.68E-08	NA	4.69E-08	7.90E-08	NA	NA	NA	5.14E-08	7.42E-08
YDL043C	5.95E-08	4.57E-08	NA	NA	6.11E-08	NA	NA	NA	NA	NA	NA	NA	NA	NA	NA	2.92E-08
YDL053C	6.79E-07	6.06E-07	6.52E-07	5.97E-07	6.52E-07	7.19E-07	3.39E-07	3.76E-07	3.37E-07	2.94E-07	3.42E-07	3.89E-07	5.60E-07	5.68E-07	6.31E-07	6.25E-07
YDL057W	NA	NA	NA	NA	NA	NA	NA	NA	NA	9.88E-08	NA	NA	NA	NA	NA	NA
YDL060W	4.17E-07	4.48E-07	4.78E-07	2.58E-07	3.10E-07	3.21E-07	2.29E-07	1.72E-07	1.78E-07	2.08E-07	1.53E-07	1.58E-07	3.48E-07	3.20E-07	3.12E-07	3.30E-07
YDL063C	7.95E-08	9.15E-08	1.04E-07	9.00E-08	NA	7.00E-08	4.58E-08	4.03E-08	4.55E-08	3.38E-08	3.23E-08	3.22E-08	4.76E-08	3.63E-08	5.89E-08	9.05E-08
YDL065C	2.72E-08	2.62E-08	3.16E-08	2.45E-08	2.30E-08	2.50E-08	1.53E-08	1.49E-08	1.43E-08	1.03E-08	1.40E-08	1.28E-08	1.08E-08	1.14E-08	1.26E-08	1.16E-08
YDL072C	3.01E-07	2.93E-07	4.63E-07	5.42E-07	5.40E-07	5.15E-07	3.72E-07	3.23E-07	3.62E-07	2.12E-07	3.38E-07	2.75E-07	9.71E-08	1.82E-07	1.11E-07	2.92E-07
YDL074C	6.52E-08	9.94E-08	1.09E-07	1.05E-07	1.13E-07	1.18E-07	7.64E-08	6.20E-08	6.63E-08	6.88E-08	7.33E-08	5.90E-08	5.63E-08	4.55E-08	5.43E-08	4.93E-08
YDL077C	NA	NA	2.88E-08	NA	NA	NA	2.02E-08	NA	NA	NA	NA	1.67E-08	NA	NA	NA	NA
YDL084W	7.06E-06	7.03E-06	8.08E-06	8.01E-06	8.15E-06	9.14E-06	5.28E-06	5.52E-06	5.29E-06	4.65E-06	4.70E-06	4.98E-06	5.26E-06	5.06E-06	5.16E-06	5.00E-06
YDL085W	6.12E-07	5.57E-07	8.87E-07	4.41E-07	3.99E-07	4.08E-07	7.67E-08	9.29E-08	9.98E-08	1.62E-07	4.19E-08	NA	NA	NA	NA	NA
YDL086W	3.08E-06	3.04E-06	3.60E-06	2.51E-06	2.56E-06	2.55E-06	1.56E-06	1.69E-06	1.76E-06	1.38E-06	1.52E-06	1.52E-06	1.12E-06	1.06E-06	1.22E-06	1.06E-06
YDL087C	1.27E-08	NA	NA	NA	NA	NA	NA	NA	NA	9.04E-09	NA	NA	NA	NA	1.44E-08	NA
YDL112W	9.76E-08	9.19E-08	1.11E-07	1.07E-07	1.07E-07	1.10E-07	5.43E-08	NA	NA	4.40E-08	5.53E-08	4.56E-08	5.88E-08	4.98E-08	6.02E-08	6.38E-08
YDL113C	3.65E-08	5.15E-08	4.19E-08	2.65E-08	3.89E-08	2.54E-08	1.92E-08	2.28E-08	3.01E-08	2.19E-08	2.49E-08	3.79E-08	1.23E-08	1.16E-08	1.76E-08	2.43E-08
YDL115C	3.45E-08	3.65E-08	2.25E-08	3.07E-08	3.36E-08	3.32E-08	2.24E-08	2.60E-08	NA	NA	2.03E-08	1.37E-08	NA	NA	1.91E-08	NA
YDL120W	NA	2.42E-07	2.66E-07	NA	1.38E-07	1.91E-07	NA	1.04E-07	NA	8.12E-08	NA	9.05E-08	NA	2.63E-07	NA	2.96E-07
YDL121C	NA	1.43E-07	NA	1.05E-07	1.26E-07	2.08E-07	8.47E-08	6.09E-08	NA	6.26E-08	6.85E-08	7.95E-08	NA	1.25E-07	NA	1.29E-07
YDL124W	1.24E-05	1.30E-05	1.83E-05	9.34E-06	8.73E-06	8.92E-06	5.09E-06	5.13E-06	4.98E-06	4.22E-06	4.41E-06	4.56E-06	1.52E-06	1.51E-06	1.79E-06	1.61E-06
YDL144C	6.76E-07	6.12E-07	8.25E-07	6.03E-07	5.38E-07	5.52E-07	3.99E-07	3.41E-07	3.03E-07	3.13E-07	2.85E-07	2.52E-07	2.74E-07	2.35E-07	2.54E-07	2.46E-07
YDL213C	1.99E-07	1.94E-07	1.92E-07	1.52E-07	1.55E-07	1.67E-07	7.85E-08	8.20E-08	8.24E-08	7.45E-08	8.13E-08	8.51E-08	1.17E-07	1.10E-07	1.14E-07	1.18E-07
YDL219W	2.08E-06	2.02E-06	2.48E-06	1.69E-06	1.98E-06	2.02E-06	1.05E-06	1.19E-06	1.17E-06	9.00E-07	1.13E-06	1.08E-06	1.15E-06	1.09E-06	1.21E-06	9.88E-07
YDL223C	4.31E-08	5.24E-08	8.75E-08	5.68E-08	4.64E-08	4.73E-08	1.29E-08	1.33E-08	1.16E-08	8.70E-09	9.98E-09	7.54E-09	4.30E-09	4.17E-09	3.13E-09	NA
YDL224C	5.10E-08	5.46E-08	5.13E-08	7.48E-08	7.27E-08	7.40E-08	5.05E-08	4.60E-08	4.21E-08	3.74E-08	3.58E-08	4.15E-08	2.83E-08	3.18E-08	2.82E-08	4.15E-08
YDL225W	2.29E-07	2.32E-07	2.28E-07	1.72E-07	2.20E-07	1.94E-07	1.10E-07	1.21E-07	1.14E-07	7.97E-08	1.09E-07	1.15E-07	1.30E-07	9.88E-08	1.27E-07	1.19E-07
YDL235C	7.33E-07	5.41E-07	9.52E-07	5.56E-07	5.25E-07	6.42E-07	4.90E-07	4.06E-07	4.00E-07	3.31E-07	3.67E-07	3.35E-07	3.64E-07	3.39E-07	3.50E-07	2.85E-07
YDL237W	3.12E-07	3.11E-07	3.46E-07	4.97E-07	4.69E-07	4.92E-07	3.65E-07	3.09E-07	3.23E-07	2.64E-07	2.79E-07	3.07E-07	1.22E-07	9.39E-08	1.07E-07	1.15E-07
YLL010C	NA	4.24E-08	NA	5.52E-08	6.26E-08	5.03E-08	5.08E-08	4.43E-08	3.51E-08	3.87E-08	NA	5.37E-08	NA	2.45E-08	2.18E-08	2.33E-08
YLL012W	NA	NA	1.91E-08	NA	1.56E-08	NA	1.69E-08	1.69E-08	1.45E-08	1.18E-08	NA	NA	7.06E-09	8.06E-09	NA	7.44E-09
YLL013C	1.86E-07	1.94E-07	1.96E-07	1.91E-07	1.71E-07	1.89E-07	1.15E-07	1.17E-07	1.27E-07	8.42E-08	9.90E-08	8.73E-08	3.34E-07	3.24E-07	3.15E-07	3.51E-07
YLL028W	NA	NA	NA	NA	NA	NA	NA	NA	NA	NA	NA	NA	NA	NA	NA	1.99E-07
YLL029W	1.56E-06	1.38E-06	1.66E-06	1.33E-06	1.38E-06	1.68E-06	1.23E-06	1.04E-06	1.34E-06	9.33E-07	9.40E-07	9.63E-07	6.95E-07	8.07E-07	8.55E-07	7.38E-07
YLL034C	7.82E-08	8.26E-08	8.37E-08	1.07E-07	9.42E-08	8.85E-08	4.89E-08	5.10E-08	4.87E-08	4.31E-08	4.17E-08	3.98E-08	7.19E-08	8.21E-08	8.22E-08	8.46E-08
YLL035W	NA	NA	NA	NA	NA	NA	NA	NA	NA	NA	NA	NA	NA	NA	NA	NA
YLL040C	5.35E-08	5.27E-08	4.97E-08	6.43E-08	6.67E-08	6.64E-08	4.12E-08	4.20E-08	3.40E-08	3.95E-08	3.19E-08	2.56E-08	2.17E-08	2.82E-08	3.12E-08	3.79E-08
YLR001C	NA	NA	NA	NA	NA	NA	NA	NA	NA	NA	NA	NA	NA	NA	NA	NA
YLR002C	5.03E-08	5.35E-08	4.48E-08	4.87E-08	5.57E-08	5.85E-08	2.54E-08	3.47E-08	2.26E-08	2.19E-08	2.63E-08	2.66E-08	4.10E-08	4.45E-08	NA	5.30E-08
YLR003C	3.33E-07	3.71E-07	2.92E-07	3.41E-07	3.63E-07	3.67E-07	1.80E-07	2.02E-07	1.81E-07	1.62E-07	1.83E-07	1.87E-07	1.34E-07	1.36E-07	1.76E-07	1.43E-07
YLR008C	1.51E-06	1.73E-06	1.58E-06	1.14E-06	1.09E-06	1.19E-06	7.89E-07	7.32E-07	7.26E-07	5.13E-07	6.10E-07	6.13E-07	2.32E-06	2.24E-06	2.51E-06	2.33E-06
YLR009W	1.12E-06	1.13E-06	7.62E-07	8.40E-07	8.42E-07	8.35E-07	4.40E-07	5.05E-07	4.80E-07	3.55E-07	4.15E-07	4.08E-07	8.44E-07	9.88E-07	9.13E-07	8.13E-07
YLR011W	2.61E-07	2.90E-07	2.09E-07	3.00E-07	2.59E-07	2.95E-07	1.44E-07	1.51E-07	1.38E-07	1.29E-07	1.35E-07	1.41E-07	7.84E-08	NA	7.43E-08	9.79E-08
YLR017W	2.03E-06	1.73E-06	1.84E-06	2.02E-06	2.41E-06	1.97E-06	1.30E-06	1.29E-06	1.38E-06	1.14E-06	1.15E-06	1.26E-06	1.57E-06	1.75E-06	1.85E-06	1.75E-06
YLR019W	NA	NA	NA	NA	NA	NA	NA	NA	NA	NA	NA	NA	NA	NA	NA	NA
YLR021W	NA	1.86E-07	NA	1.08E-07	1.64E-07	NA	NA	NA	NA	NA	6.28E-08	NA	NA	1.06E-07	NA	NA
YLR022C	7.82E-08	8.80E-08	9.55E-08	8.21E-08	8.42E-08	9.07E-08	6.29E-08	6.58E-08	6.26E-08	5.34E-08	5.46E-08	5.79E-08	6.54E-08	7.17E-08	6.92E-08	5.85E-08
YLR033W	5.86E-08	6.96E-08	6.26E-08	9.12E-08	8.18E-08	7.89E-08	5.88E-08	6.69E-08	6.61E-08	5.33E-08	5.25E-08	5.37E-08	6.69E-08	5.77E-08	6.24E-08	6.05E-08
YLR074C	NA	3.99E-08	NA	NA	NA	1.68E-08	NA	7.95E-09	NA	NA	7.82E-09	NA	7.15E-08	5.53E-08	6.15E-08	NA
YLR077W	NA	4.79E-08	NA	NA	NA	NA	1.03E-08	NA	NA	NA	NA	NA	NA	NA	NA	NA
YOL008W	NA	NA	NA	NA	NA	NA	NA	NA	NA	NA	NA	NA	NA	NA	NA	NA
YOL010W	3.26E-07	3.20E-07	2.89E-07	2.17E-07	2.38E-07	2.37E-07	1.32E-07	1.33E-07	1.24E-07	1.03E-07	1.11E-07	1.04E-07	3.17E-07	3.30E-07	3.09E-07	3.08E-07
YOL018C	5.10E-08	NA	NA	1.21E-07	NA	1.45E-07	NA	NA	NA	3.76E-08	7.22E-08	NA	NA	NA	NA	NA
YOL021C	1.18E-07	1.73E-07	1.89E-07	1.39E-07	1.42E-07	1.10E-07	6.90E-08	9.35E-08	1.16E-07	7.19E-08	7.58E-08	7.69E-08	1.42E-07	1.25E-07	1.63E-07	1.78E-07
YOL027C	9.93E-07	9.59E-07	9.75E-07	9.07E-07	8.41E-07	8.58E-07	5.27E-07	4.76E-07	4.62E-07	3.94E-07	3.38E-07	3.69E-07	1.11E-06	1.00E-06	1.10E-06	1.10E-06
YOL030W	NA	NA	4.95E-07	1.31E-06	3.75E-07	1.91E-06	5.16E-07	NA	NA	6.70E-07	8.24E-07	5.87E-07	3.62E-07	NA	NA	4.89E-07
YOL031C	1.65E-07	NA	1.14E-07	NA	NA	1.75E-07	8.43E-08	1.11E-07	9.62E-08	NA	7.95E-08	1.15E-07	NA	NA	NA	NA
YOL032W	1.22E-06	1.38E-06	1.32E-06	1.33E-06	1.11E-06	1.24E-06	6.15E-07	6.41E-07	5.78E-07	4.88E-07	5.26E-07	4.99E-07	2.79E-07	2.74E-07	3.14E-07	3.10E-07
YOL041C	2.32E-07	2.42E-07	1.78E-07	2.16E-07	2.22E-07	2.29E-07	1.16E-07	1.15E-07	1.07E-07	8.91E-08	1.04E-07	1.01E-07	1.95E-07	1.84E-07	2.01E-07	1.93E-07
YOL042W	NA	3.72E-08	NA	NA	3.09E-08	NA	NA	2.24E-08	NA	NA	1.79E-08	2.63E-08	1.71E-08	1.86E-08	2.15E-08	1.91E-08
YOL049W	1.21E-06	1.17E-06	1.13E-06	1.13E-06	1.20E-06	1.24E-06	7.05E-07	7.51E-07	7.09E-07	5.81E-07	6.16E-07	6.28E-07	7.84E-07	7.67E-07	8.37E-07	7.76E-07
YOL053W	1.24E-07	1.36E-07	1.15E-07	1.06E-07	1.07E-07	NA	5.65E-08	NA	NA	NA	3.62E-08	3.68E-08	1.26E-07	9.40E-08	1.04E-07	1.29E-07
YOL057W	4.66E-07	4.33E-07	4.39E-07	6.64E-07	8.28E-07	6.86E-07	3.89E-07	4.42E-07	4.21E-07	3.72E-07	3.23E-07	3.69E-07	3.00E-07	2.75E-07	2.98E-07	2.84E-07
YOL070C	NA	NA	NA	9.47E-09	1.48E-08	NA	NA	NA	6.93E-09	NA	3.44E-09	NA	NA	NA	4.26E-09	NA
YOL071W	5.27E-07	5.58E-07	5.31E-07	4.83E-07	4.30E-07	4.82E-07	2.80E-07	2.79E-07	2.64E-07	1.83E-07	2.20E-07	2.06E-07	4.23E-07	3.70E-07	4.87E-07	4.31E-07
YOL077C	1.42E-06	1.45E-06	1.20E-06	1.25E-06	1.23E-06	1.24E-06	7.76E-07	7.44E-07	7.42E-07	6.52E-07	6.37E-07	6.83E-07	1.26E-06	1.30E-06	1.24E-06	1.24E-06
YOL080C	NA	NA	NA	NA	NA	NA	NA	NA	NA	NA	NA	NA	6.52E-08	4.33E-08	6.27E-08	NA
YOL109W	2.33E-05	2.40E-05	2.52E-05	2.99E-05	3.08E-05	3.16E-05	2.07E-05	2.18E-05	2.16E-05	1.86E-05	1.89E-05	1.89E-05	8.65E-06	8.33E-06	9.63E-06	9.06E-06
YOL135C	NA	NA	NA	NA	NA	NA	NA	NA	NA	NA	NA	NA	NA	NA	NA	NA
YOL142W	1.16E-07	1.07E-07	1.09E-07	1.05E-07	1.02E-07	1.33E-07	7.61E-08	5.85E-08	NA	5.07E-08	4.91E-08	5.52E-08	7.31E-08	5.49E-08	6.70E-08	5.67E-08
YOL144W	4.68E-08	4.32E-08	3.80E-08	3.26E-08	1.79E-08	3.30E-08	1.53E-08	1.75E-08	NA	1.99E-08	1.45E-08	NA	4.28E-08	4.20E-08	5.14E-08	3.85E-08
YOR042W	2.14E-07	2.42E-07	2.94E-07	2.86E-07	2.57E-07	2.98E-07	1.61E-07	1.52E-07	1.64E-07	1.18E-07	1.49E-07	1.37E-07	9.93E-08	9.95E-08	1.10E-07	9.07E-08
YOR051C	5.96E-07	6.23E-07	5.82E-07	7.35E-07	6.91E-07	7.19E-07	4.86E-07	4.98E-07	5.26E-07	4.53E-07	4.12E-07	4.13E-07	4.08E-07	4.23E-07	4.10E-07	4.19E-07
YOR052C	5.26E-08	6.05E-08	4.52E-08	6.46E-08	NA	NA	NA	3.80E-08	4.84E-08	3.94E-08	NA	4.26E-08	5.33E-08	5.39E-08	9.22E-08	NA
YOR054C	4.42E-08	5.03E-08	NA	4.03E-08	4.01E-08	4.47E-08	2.66E-08	2.51E-08	2.29E-08	2.04E-08	NA	1.98E-08	1.47E-08	1.26E-08	1.97E-08	1.41E-08
YOR056C	1.76E-07	NA	1.34E-07	1.39E-07	1.94E-07	1.60E-07	9.85E-08	1.18E-07	1.43E-07	8.98E-08	1.01E-07	7.63E-08	1.12E-07	1.35E-07	8.55E-08	1.62E-07
YOR057W	5.28E-07	5.15E-07	6.07E-07	5.44E-07	5.67E-07	5.24E-07	3.96E-07	3.72E-07	3.81E-07	3.29E-07	3.29E-07	3.19E-07	3.07E-07	2.99E-07	3.00E-07	2.74E-07
YOR059C	NA	4.56E-08	6.05E-08	NA	7.32E-08	NA	6.59E-08	NA	7.58E-08	5.71E-08	6.18E-08	NA	2.39E-08	NA	NA	3.23E-08
YOR175C	NA	NA	NA	NA	NA	NA	NA	NA	NA	NA	NA	NA	NA	NA	NA	NA
YOR180C	NA	NA	NA	NA	NA	3.33E-08	NA	NA	NA	NA	NA	NA	NA	NA	NA	NA
YOR195W	4.05E-09	NA	5.29E-09	4.23E-09	4.70E-09	4.20E-09	NA	NA	NA	NA	NA	NA	NA	NA	NA	NA
YOR197W	1.44E-06	1.48E-06	1.49E-06	1.34E-06	1.54E-06	1.42E-06	1.03E-06	9.87E-07	1.03E-06	8.65E-07	9.50E-07	9.65E-07	1.04E-06	9.64E-07	1.07E-06	9.70E-07
YOR238W	6.11E-08	6.23E-08	4.58E-08	NA	8.86E-08	8.84E-08	5.03E-08	4.78E-08	5.30E-08	4.06E-08	4.46E-08	3.79E-08	2.90E-08	2.75E-08	2.78E-08	2.69E-08
YOR241W	9.17E-07	1.16E-06	1.04E-06	1.20E-06	1.16E-06	1.37E-06	8.39E-07	8.29E-07	8.00E-07	6.79E-07	6.82E-07	6.91E-07	8.60E-07	9.13E-07	8.85E-07	8.88E-07
YOR243C	2.37E-07	2.18E-07	1.74E-07	2.48E-07	2.40E-07	2.40E-07	1.45E-07	1.58E-07	1.31E-07	1.19E-07	1.29E-07	1.25E-07	2.56E-07	2.27E-07	2.41E-07	2.51E-07
YOR250C	2.77E-07	2.16E-07	2.67E-07	2.51E-07	NA	2.31E-07	1.47E-07	1.58E-07	1.52E-07	1.31E-07	1.19E-07	1.60E-07	1.05E-07	1.41E-07	1.67E-07	NA
YOR251C	7.45E-07	7.06E-07	6.81E-07	9.31E-07	8.88E-07	9.05E-07	5.41E-07	5.99E-07	5.17E-07	3.96E-07	4.62E-07	4.22E-07	3.18E-07	3.05E-07	3.60E-07	3.14E-07
YOR252W	1.33E-07	1.30E-07	1.02E-07	1.07E-07	1.16E-07	1.23E-07	6.59E-08	6.78E-08	5.64E-08	4.40E-08	5.14E-08	5.91E-08	1.51E-07	1.40E-07	1.52E-07	1.43E-07
YOR253W	5.45E-07	4.49E-07	4.62E-07	5.18E-07	5.10E-07	5.10E-07	2.87E-07	2.82E-07	3.05E-07	2.07E-07	2.53E-07	2.99E-07	3.45E-07	3.02E-07	3.42E-07	3.18E-07
YOR261C	2.22E-06	2.43E-06	2.23E-06	2.44E-06	2.55E-06	2.63E-06	1.59E-06	1.59E-06	1.57E-06	1.36E-06	1.40E-06	1.40E-06	9.69E-07	9.44E-07	9.91E-07	9.71E-07
YOR262W	7.72E-08	NA	1.23E-07	NA	7.73E-08	NA	NA	8.20E-08	NA	5.38E-08	6.62E-08	NA	NA	NA	NA	NA
YOR267C	2.42E-07	1.93E-07	2.68E-07	2.08E-07	2.07E-07	2.12E-07	1.49E-07	1.40E-07	1.26E-07	1.17E-07	1.14E-07	1.15E-07	2.36E-07	2.11E-07	2.51E-07	2.41E-07
YOR286W	3.55E-06	3.68E-06	3.38E-06	3.78E-06	3.69E-06	3.90E-06	2.23E-06	2.43E-06	2.34E-06	1.73E-06	1.96E-06	2.11E-06	3.93E-06	3.83E-06	4.27E-06	4.01E-06
YOR293W	NA	1.11E-06	1.14E-06	NA	NA	1.25E-06	5.98E-07	5.72E-07	NA	NA	5.60E-07	NA	NA	1.45E-06	1.37E-06	NA
YOR294W	1.18E-07	1.39E-07	9.17E-08	1.06E-07	NA	9.96E-08	5.88E-08	5.97E-08	5.28E-08	4.15E-08	4.73E-08	4.36E-08	1.22E-07	1.00E-07	1.08E-07	9.83E-08
YOR304W	1.78E-07	1.43E-07	1.89E-07	1.91E-07	1.97E-07	2.16E-07	1.83E-07	1.88E-07	1.68E-07	1.41E-07	1.55E-07	1.42E-07	8.14E-08	8.33E-08	8.93E-08	1.05E-07
YOR352W	1.57E-07	1.75E-07	1.44E-07	1.38E-07	1.80E-07	1.08E-07	1.11E-07	1.43E-07	7.78E-08	8.70E-08	1.09E-07	5.97E-08	7.75E-08	4.71E-08	9.70E-08	7.02E-08
YOR354C	3.72E-07	3.15E-07	4.18E-07	1.79E-07	2.26E-07	2.43E-07	1.52E-07	1.99E-07	1.62E-07	1.05E-07	1.30E-07	1.49E-07	7.03E-07	6.38E-07	6.43E-07	7.00E-07
YOR356W	6.63E-07	6.57E-07	5.12E-07	4.49E-07	4.47E-07	4.45E-07	2.26E-07	2.16E-07	2.30E-07	1.70E-07	1.58E-07	1.57E-07	3.85E-07	3.81E-07	4.34E-07	3.70E-07
YOR357C	1.17E-06	1.17E-06	1.09E-06	1.40E-06	9.66E-07	1.55E-06	8.68E-07	7.37E-07	8.69E-07	7.24E-07	8.18E-07	8.69E-07	7.98E-07	8.38E-07	7.27E-07	7.61E-07
YPL178W	1.48E-06	1.64E-06	1.45E-06	1.74E-06	1.80E-06	1.96E-06	1.07E-06	1.02E-06	1.14E-06	9.39E-07	1.01E-06	9.51E-07	8.44E-07	9.09E-07	8.65E-07	8.19E-07
YPL180W	NA	3.16E-08	NA	NA	NA	NA	NA	NA	NA	1.63E-08	NA	2.71E-08	NA	NA	1.28E-08	1.49E-08
YPL183C	1.16E-07	1.02E-07	1.14E-07	1.06E-07	1.04E-07	1.33E-07	6.62E-08	6.90E-08	5.99E-08	4.55E-08	5.04E-08	5.39E-08	7.35E-08	8.54E-08	9.12E-08	1.20E-07
YPL184C	6.25E-07	5.40E-07	5.34E-07	7.44E-07	6.97E-07	7.00E-07	6.88E-07	5.89E-07	5.36E-07	4.36E-07	4.63E-07	4.54E-07	5.54E-07	6.07E-07	6.26E-07	5.20E-07
YPL186C	5.46E-08	7.26E-08	9.29E-08	1.13E-07	1.18E-07	1.07E-07	5.57E-08	5.47E-08	5.58E-08	3.59E-08	3.95E-08	3.89E-08	5.49E-09	NA	7.22E-09	3.80E-09
YPL195W	4.87E-08	3.85E-08	3.90E-08	7.04E-08	6.55E-08	7.18E-08	3.65E-08	3.38E-08	4.88E-08	3.17E-08	NA	3.44E-08	2.98E-08	NA	4.51E-08	4.55E-08
YPL199C	1.18E-07	1.13E-07	8.10E-08	1.46E-07	1.38E-07	1.56E-07	1.05E-07	1.21E-07	1.24E-07	1.03E-07	1.04E-07	1.30E-07	8.85E-08	8.87E-08	8.65E-08	8.61E-08
YPL206C	1.54E-07	2.33E-07	1.85E-07	9.25E-07	1.03E-06	8.64E-07	8.14E-07	7.38E-07	7.10E-07	4.09E-07	6.30E-07	5.59E-07	NA	NA	1.85E-07	2.28E-07
YPL207W	3.57E-08	3.77E-08	4.11E-08	4.28E-08	2.93E-08	4.16E-08	2.52E-08	2.25E-08	2.71E-08	1.68E-08	1.31E-08	1.99E-08	2.95E-08	2.25E-08	2.45E-08	3.31E-08
YPL208W	NA	5.98E-08	NA	NA	NA	NA	NA	NA	NA	NA	NA	NA	NA	NA	NA	3.66E-08
YPL211W	1.56E-06	1.45E-06	1.21E-06	1.20E-06	1.22E-06	1.20E-06	5.77E-07	6.56E-07	6.28E-07	4.65E-07	5.18E-07	5.71E-07	1.30E-06	1.31E-06	1.29E-06	1.28E-06
YPL217C	9.98E-08	1.03E-07	1.14E-07	9.92E-08	9.75E-08	NA	1.27E-07	7.31E-08	5.88E-08	6.71E-08	8.10E-08	7.54E-08	1.74E-07	1.66E-07	1.44E-07	1.90E-07
YPL222W	1.22E-07	1.23E-07	1.66E-07	1.34E-07	1.25E-07	1.26E-07	6.01E-08	5.86E-08	4.73E-08	5.51E-08	5.09E-08	4.29E-08	3.88E-08	NA	NA	5.15E-08
YPL225W	7.07E-06	7.26E-06	6.66E-06	8.23E-06	8.52E-06	8.42E-06	5.19E-06	5.02E-06	5.22E-06	4.44E-06	4.49E-06	4.63E-06	3.70E-06	3.56E-06	3.61E-06	3.63E-06
YPL226W	9.69E-07	9.93E-07	1.14E-06	1.39E-06	1.45E-06	1.46E-06	1.02E-06	1.05E-06	1.06E-06	9.08E-07	8.47E-07	9.16E-07	1.26E-06	1.29E-06	1.16E-06	1.29E-06
YPL260W	2.28E-06	2.49E-06	2.44E-06	1.91E-06	1.94E-06	2.10E-06	1.51E-06	1.47E-06	1.55E-06	1.22E-06	1.24E-06	1.45E-06	1.55E-06	1.53E-06	1.76E-06	1.69E-06
YPL263C	1.16E-07	NA	8.07E-08	1.18E-07	NA	7.56E-08	NA	6.83E-08	NA	5.68E-08	5.44E-08	NA	1.38E-07	1.43E-07	1.20E-07	1.39E-07
YNL045W	5.68E-07	6.48E-07	6.68E-07	6.56E-07	7.10E-07	6.65E-07	4.30E-07	4.11E-07	4.02E-07	3.48E-07	3.06E-07	3.35E-07	3.46E-07	3.50E-07	3.98E-07	3.81E-07
YOR091W	6.42E-07	5.26E-07	4.48E-07	3.79E-07	4.66E-07	4.96E-07	3.07E-07	2.94E-07	2.42E-07	2.09E-07	2.32E-07	2.67E-07	5.20E-07	5.50E-07	5.29E-07	4.54E-07
YPL236C	NA	NA	NA	4.86E-08	NA	NA	NA	NA	NA	NA	NA	NA	NA	NA	NA	NA
YDL201W	4.38E-07	4.34E-07	3.97E-07	3.29E-07	2.98E-07	3.59E-07	1.71E-07	1.87E-07	1.64E-07	1.49E-07	1.59E-07	1.50E-07	2.68E-07	2.58E-07	2.73E-07	2.65E-07
YOR289W	3.58E-07	4.49E-07	4.23E-07	4.80E-07	5.14E-07	5.21E-07	3.23E-07	3.22E-07	2.89E-07	2.38E-07	2.70E-07	2.51E-07	8.71E-08	NA	1.18E-07	7.86E-08
YOR281C	2.31E-07	1.90E-07	1.93E-07	2.15E-07	2.34E-07	2.30E-07	1.44E-07	1.37E-07	1.37E-07	1.01E-07	1.17E-07	1.29E-07	1.51E-07	1.49E-07	1.52E-07	1.47E-07
YDL132W	4.55E-07	4.47E-07	5.21E-07	5.67E-07	5.43E-07	5.04E-07	4.23E-07	3.76E-07	3.74E-07	2.81E-07	3.08E-07	3.10E-07	2.79E-07	2.43E-07	3.02E-07	3.57E-07
YLR106C	3.35E-08	3.99E-08	3.72E-08	3.14E-08	5.20E-08	3.86E-08	2.07E-08	3.03E-08	2.12E-08	1.87E-08	1.83E-08	2.02E-08	3.80E-08	2.67E-08	3.04E-08	3.39E-08
YOR272W	7.79E-07	7.64E-07	6.04E-07	5.43E-07	5.65E-07	5.35E-07	2.80E-07	3.13E-07	2.98E-07	2.54E-07	2.70E-07	2.95E-07	5.69E-07	5.70E-07	5.44E-07	5.51E-07
YDR056C	2.18E-07	2.09E-07	2.05E-07	1.43E-07	1.89E-07	1.29E-07	1.03E-07	1.06E-07	9.35E-08	8.08E-08	7.36E-08	8.00E-08	8.33E-08	8.19E-08	9.01E-08	9.41E-08
YPR029C	1.43E-07	1.40E-07	1.55E-07	1.80E-07	1.73E-07	1.78E-07	1.14E-07	1.16E-07	1.18E-07	7.94E-08	9.41E-08	1.03E-07	8.64E-08	6.33E-08	1.02E-07	1.06E-07
YOR271C	1.30E-06	1.06E-06	1.15E-06	1.77E-06	1.61E-06	1.83E-06	7.81E-07	8.90E-07	8.05E-07	7.73E-07	6.08E-07	6.82E-07	7.57E-07	7.04E-07	6.33E-07	5.49E-07
YDR167W	NA	NA	NA	NA	NA	NA	NA	NA	NA	NA	4.11E-08	NA	NA	NA	NA	NA
YPR006C	4.35E-06	4.60E-06	4.09E-06	3.07E-06	3.14E-06	3.23E-06	1.51E-07	1.05E-07	2.13E-07	NA	NA	2.81E-07	4.30E-07	3.62E-07	7.26E-07	5.02E-07
YOR215C	3.21E-06	3.50E-06	2.01E-06	3.60E-06	3.61E-06	3.61E-06	1.70E-06	1.62E-06	1.68E-06	1.26E-06	1.35E-06	1.41E-06	9.51E-07	9.51E-07	1.09E-06	9.34E-07
YOR275C	NA	NA	NA	NA	NA	NA	NA	NA	NA	NA	NA	NA	NA	NA	NA	NA
YDR515W	1.34E-07	1.70E-07	1.56E-07	1.33E-07	1.43E-07	1.17E-07	8.44E-08	6.90E-08	6.86E-08	5.17E-08	6.28E-08	5.24E-08	1.27E-07	1.23E-07	1.52E-07	1.39E-07
YLR051C	2.45E-07	1.49E-07	1.47E-07	NA	NA	1.95E-07	1.23E-07	1.96E-07	1.52E-07	8.87E-08	NA	9.54E-08	1.63E-07	1.66E-07	9.39E-08	1.44E-07
YPL148C	2.86E-08	NA	NA	NA	1.35E-08	2.31E-08	NA	NA	NA	NA	NA	NA	NA	NA	NA	NA
YPR032W	NA	NA	NA	NA	NA	NA	NA	NA	NA	NA	NA	NA	NA	NA	NA	NA
YOR283W	2.78E-07	2.69E-07	2.03E-07	6.58E-07	7.36E-07	8.35E-07	6.27E-07	6.47E-07	6.09E-07	5.74E-07	6.12E-07	5.29E-07	3.92E-07	3.51E-07	4.09E-07	4.67E-07
YOR220W	3.52E-07	5.07E-07	4.42E-07	4.29E-07	3.74E-07	4.21E-07	3.21E-07	3.36E-07	3.09E-07	2.76E-07	2.84E-07	3.14E-07	1.82E-07	1.82E-07	1.87E-07	1.84E-07
YPR045C	NA	1.82E-08	3.20E-08	NA	1.80E-08	NA	NA	9.04E-09	7.28E-09	NA	NA	NA	NA	NA	1.44E-08	1.54E-08
YDL166C	1.14E-07	1.13E-07	9.94E-08	1.03E-07	1.01E-07	9.85E-08	5.93E-08	5.78E-08	5.79E-08	5.28E-08	5.09E-08	6.31E-08	6.35E-08	5.67E-08	5.93E-08	6.19E-08
YDL193W	NA	8.86E-09	NA	NA	1.74E-08	NA	NA	NA	NA	NA	NA	NA	NA	NA	NA	NA
YOL151W	1.26E-06	1.29E-06	1.84E-06	3.31E-06	3.13E-06	3.24E-06	1.65E-06	1.68E-06	1.48E-06	1.29E-06	1.38E-06	1.27E-06	2.60E-07	2.67E-07	2.64E-07	2.41E-07
YDR027C	1.59E-08	1.32E-08	NA	2.56E-08	NA	NA	1.49E-08	NA	NA	1.23E-08	NA	2.06E-08	NA	8.41E-09	1.18E-08	NA
YLR095C	1.08E-07	1.36E-07	1.49E-07	2.11E-07	2.14E-07	2.33E-07	1.73E-07	NA	1.86E-07	1.24E-07	NA	1.52E-07	1.33E-07	1.37E-07	1.56E-07	7.79E-08
YPR069C	1.12E-05	1.15E-05	1.17E-05	2.22E-05	2.30E-05	2.32E-05	1.14E-05	1.18E-05	1.14E-05	8.96E-06	9.89E-06	1.09E-05	7.87E-06	7.92E-06	8.05E-06	7.70E-06
YPL146C	1.58E-07	1.38E-07	1.62E-07	1.35E-07	1.25E-07	1.45E-07	8.78E-08	8.82E-08	9.23E-08	7.49E-08	8.33E-08	8.91E-08	1.28E-07	1.28E-07	1.31E-07	1.20E-07
YDL157C	5.27E-08	5.78E-08	5.96E-08	3.57E-08	3.22E-08	3.49E-08	1.59E-08	1.70E-08	1.67E-08	1.25E-08	1.35E-08	1.51E-08	3.36E-08	3.09E-08	3.16E-08	2.98E-08
YOR006C	3.87E-07	3.66E-07	3.32E-07	4.58E-07	3.70E-07	3.63E-07	2.07E-07	2.64E-07	2.07E-07	1.69E-07	1.93E-07	1.55E-07	2.15E-07	NA	2.06E-07	1.64E-07
YOR320C	4.52E-08	3.19E-08	6.53E-08	9.73E-08	7.59E-08	8.93E-08	5.29E-08	NA	6.09E-08	4.63E-08	4.83E-08	5.87E-08	NA	2.42E-08	2.90E-08	4.21E-08
YDR021W	NA	NA	NA	NA	NA	NA	NA	NA	1.48E-08	NA	NA	NA	NA	NA	NA	NA
YDL025C	9.95E-08	1.02E-07	1.38E-07	NA	1.07E-07	NA	3.45E-08	NA	NA	5.81E-08	NA	NA	1.17E-07	9.60E-08	8.71E-08	6.44E-08
YLR115W	1.27E-08	1.36E-08	1.70E-08	NA	NA	1.61E-08	1.82E-08	9.55E-09	9.62E-09	9.53E-09	9.01E-09	NA	9.46E-09	9.06E-09	9.09E-09	NA
YOL097C	1.29E-06	1.37E-06	1.33E-06	1.12E-06	1.19E-06	1.18E-06	8.53E-07	7.44E-07	7.65E-07	6.35E-07	6.50E-07	7.25E-07	1.32E-06	1.35E-06	1.21E-06	1.28E-06
YLR330W	7.43E-07	7.76E-07	6.75E-07	8.39E-07	8.04E-07	7.68E-07	5.02E-07	5.08E-07	5.31E-07	4.15E-07	4.57E-07	4.81E-07	4.20E-07	3.66E-07	3.96E-07	3.98E-07
YOR007C	9.23E-06	9.20E-06	9.23E-06	1.06E-05	1.02E-05	1.10E-05	5.37E-06	5.64E-06	5.49E-06	4.16E-06	4.51E-06	4.47E-06	5.09E-06	4.89E-06	5.05E-06	4.74E-06
YDL131W	6.58E-06	5.98E-06	7.60E-06	5.12E-06	4.92E-06	5.15E-06	4.13E-06	4.21E-06	4.23E-06	3.70E-06	3.85E-06	4.02E-06	4.58E-06	5.22E-06	5.40E-06	5.08E-06
YOR173W	2.54E-06	3.14E-06	3.61E-06	3.69E-06	3.45E-06	3.37E-06	2.41E-06	2.41E-06	2.35E-06	1.85E-06	1.92E-06	1.81E-06	2.89E-07	2.55E-07	3.98E-07	3.23E-07
YDL005C	7.12E-08	NA	9.59E-08	9.00E-08	NA	1.03E-07	7.72E-08	7.54E-08	5.51E-08	5.19E-08	7.49E-08	6.35E-08	5.23E-08	4.76E-08	5.80E-08	NA
YOR164C	4.60E-07	4.80E-07	5.42E-07	7.01E-07	6.16E-07	6.74E-07	4.56E-07	4.36E-07	4.95E-07	3.41E-07	3.16E-07	3.55E-07	3.44E-07	3.27E-07	3.32E-07	3.32E-07
YLR363C	NA	NA	NA	NA	NA	NA	NA	NA	NA	NA	NA	NA	NA	NA	NA	NA
YPL230W	NA	NA	NA	NA	NA	NA	NA	NA	NA	NA	NA	NA	NA	NA	NA	NA
YLR066W	9.92E-07	1.02E-06	1.11E-06	1.50E-06	1.58E-06	1.53E-06	9.00E-07	9.41E-07	1.01E-06	7.56E-07	7.63E-07	7.65E-07	6.96E-07	7.38E-07	6.78E-07	7.06E-07
YOR284W	9.17E-08	9.04E-08	1.02E-07	8.91E-08	1.39E-07	1.05E-07	9.21E-08	NA	NA	6.19E-08	5.84E-08	5.62E-08	4.66E-08	NA	4.01E-08	NA
YDL153C	8.57E-08	1.04E-07	9.03E-08	5.95E-08	8.37E-08	6.82E-08	3.80E-08	4.46E-08	3.66E-08	3.68E-08	3.58E-08	4.10E-08	7.98E-08	7.81E-08	7.87E-08	8.47E-08
YOR001W	1.25E-07	1.23E-07	1.09E-07	1.08E-07	1.02E-07	7.68E-08	5.91E-08	6.49E-08	6.08E-08	5.97E-08	4.52E-08	5.36E-08	9.79E-08	8.49E-08	1.10E-07	1.16E-07
YPL150W	NA	NA	NA	NA	NA	NA	NA	NA	NA	NA	NA	NA	NA	NA	NA	NA
YDR312W	2.74E-08	2.83E-08	2.04E-08	2.06E-08	2.21E-08	2.03E-08	1.09E-08	1.33E-08	1.39E-08	7.26E-09	1.14E-08	1.21E-08	1.66E-08	1.85E-08	1.60E-08	1.78E-08
YDL100C	6.11E-06	6.10E-06	7.43E-06	5.59E-06	5.63E-06	5.56E-06	3.81E-06	3.61E-06	3.51E-06	3.13E-06	2.99E-06	3.42E-06	3.11E-06	3.17E-06	3.31E-06	3.19E-06
YLR050C	NA	NA	1.77E-07	1.95E-07	NA	1.64E-07	1.40E-07	1.44E-07	1.11E-07	9.85E-08	8.51E-08	NA	NA	NA	NA	NA
YDR063W	5.08E-07	5.16E-07	4.96E-07	6.05E-07	6.43E-07	6.07E-07	3.91E-07	4.00E-07	4.17E-07	3.11E-07	3.59E-07	3.49E-07	2.28E-07	2.22E-07	2.35E-07	2.14E-07
YDR381W	8.92E-06	9.22E-06	8.60E-06	1.07E-05	1.22E-05	1.09E-05	7.61E-06	7.15E-06	6.94E-06	6.08E-06	6.48E-06	6.69E-06	5.97E-06	5.91E-06	6.21E-06	6.00E-06
YPR063C	8.88E-07	7.76E-07	9.07E-07	1.63E-06	1.39E-06	1.75E-06	1.21E-06	1.10E-06	1.09E-06	8.71E-07	8.25E-07	7.84E-07	7.71E-07	7.75E-07	6.62E-07	5.81E-07
YLL023C	NA	3.78E-07	4.81E-07	8.91E-07	7.18E-07	6.95E-07	5.20E-07	4.30E-07	5.53E-07	3.63E-07	3.99E-07	3.34E-07	NA	NA	1.96E-07	1.94E-07
YDL004W	3.55E-06	3.46E-06	3.06E-06	3.25E-06	3.22E-06	3.45E-06	2.33E-06	2.40E-06	2.31E-06	1.66E-06	1.71E-06	1.84E-06	2.65E-06	2.45E-06	3.17E-06	2.82E-06
YOR108W	6.35E-07	5.99E-07	3.16E-07	4.17E-07	5.79E-07	2.64E-07	4.21E-07	1.48E-07	8.77E-08	NA	1.08E-07	1.56E-07	4.90E-07	3.99E-07	4.53E-07	4.75E-07
YDR060W	1.12E-07	9.59E-08	1.18E-07	9.59E-08	1.00E-07	9.17E-08	6.23E-08	5.80E-08	6.49E-08	4.10E-08	5.14E-08	5.42E-08	8.40E-08	7.28E-08	8.83E-08	1.08E-07
YPR062W	1.79E-06	1.45E-06	1.20E-06	1.18E-06	1.25E-06	1.60E-06	6.96E-07	7.86E-07	7.05E-07	5.56E-07	6.67E-07	7.10E-07	1.73E-06	1.80E-06	1.85E-06	1.54E-06
YPL245W	7.74E-08	1.19E-07	5.73E-08	NA	1.01E-07	NA	NA	NA	NA	4.96E-08	NA	NA	NA	8.48E-08	NA	8.81E-08
YOL089C	NA	NA	NA	NA	NA	NA	NA	NA	NA	NA	NA	NA	NA	NA	NA	NA
YPR048W	NA	NA	4.29E-08	NA	NA	NA	NA	NA	NA	NA	NA	1.62E-08	NA	3.35E-08	NA	3.70E-08
YPL252C	1.92E-07	1.84E-07	1.89E-07	1.30E-07	1.31E-07	1.53E-07	1.09E-07	1.15E-07	9.71E-08	7.04E-08	9.06E-08	9.07E-08	2.33E-07	2.28E-07	2.46E-07	2.41E-07
YLR116W	NA	2.47E-08	3.10E-06	3.36E-06	2.26E-08	2.89E-08	1.91E-06	NA	1.72E-08	1.33E-08	1.41E-08	NA	1.86E-08	1.40E-08	1.63E-08	5.86E-09
YOR095C	2.13E-06	2.23E-06	1.57E-06	7.31E-07	7.45E-07	8.70E-07	3.35E-07	3.59E-07	3.40E-07	2.46E-07	2.47E-07	2.71E-07	1.18E-06	1.13E-06	1.40E-06	1.25E-06
YDL099W	NA	NA	6.63E-08	4.82E-08	5.03E-08	5.81E-08	2.72E-08	3.19E-08	3.82E-08	1.84E-08	2.63E-08	2.58E-08	NA	2.16E-08	1.91E-08	1.91E-08
YOR119C	NA	NA	NA	NA	NA	NA	NA	NA	NA	NA	NA	NA	NA	NA	NA	NA
YPR040W	3.78E-07	3.05E-07	3.76E-07	4.98E-07	4.91E-07	4.74E-07	3.00E-07	2.77E-07	2.35E-07	2.58E-07	2.18E-07	2.00E-07	1.73E-07	1.48E-07	1.67E-07	1.54E-07
YPL006W	NA	NA	NA	NA	NA	NA	5.36E-09	NA	NA	NA	NA	NA	NA	NA	NA	NA
YOR022C	5.61E-09	8.11E-09	5.30E-09	NA	8.75E-09	6.06E-09	4.88E-09	3.22E-09	NA	2.68E-09	3.45E-09	3.43E-09	NA	2.83E-09	3.65E-09	NA
YLR057W	NA	1.59E-08	NA	1.15E-08	NA	NA	8.74E-09	NA	NA	6.85E-09	NA	6.97E-09	NA	NA	NA	NA
YOR229W	NA	NA	NA	6.88E-08	NA	NA	NA	NA	NA	3.66E-08	NA	NA	NA	NA	NA	NA
YPL212C	5.78E-07	5.13E-07	5.04E-07	5.56E-07	5.10E-07	5.46E-07	3.22E-07	3.42E-07	3.49E-07	2.85E-07	2.89E-07	2.93E-07	4.48E-07	4.56E-07	4.46E-07	4.07E-07
YPL198W	1.59E-06	1.86E-06	1.60E-06	1.80E-06	1.82E-06	1.71E-06	1.08E-06	8.91E-07	1.21E-06	7.11E-07	7.76E-07	7.40E-07	1.01E-06	9.77E-07	1.03E-06	1.05E-06
YLR129W	1.09E-07	1.07E-07	1.19E-07	9.49E-08	9.36E-08	1.01E-07	5.73E-08	5.62E-08	4.85E-08	4.86E-08	NA	4.25E-08	1.68E-07	1.28E-07	1.40E-07	1.67E-07
YPR042C	NA	NA	5.61E-08	NA	NA	NA	NA	5.10E-08	5.77E-08	5.23E-08	6.72E-08	6.67E-08	2.24E-08	NA	NA	NA
YDL091C	NA	NA	NA	NA	NA	NA	NA	NA	1.72E-07	NA	NA	1.35E-07	NA	NA	NA	NA
YPL004C	2.07E-05	1.97E-05	2.26E-05	3.48E-05	3.31E-05	3.68E-05	2.17E-05	2.27E-05	1.96E-05	1.84E-05	1.95E-05	1.79E-05	5.64E-06	5.29E-06	6.58E-06	5.84E-06
YOR154W	NA	NA	NA	NA	NA	NA	NA	NA	NA	NA	NA	NA	NA	NA	NA	NA
YPR020W	5.03E-06	4.53E-06	4.70E-06	3.92E-06	4.14E-06	4.45E-06	2.89E-06	2.78E-06	2.91E-06	1.97E-06	2.25E-06	2.11E-06	3.94E-06	3.93E-06	4.47E-06	4.12E-06
YOL100W	NA	NA	NA	NA	NA	NA	NA	NA	NA	NA	NA	NA	NA	NA	NA	NA
YOR138C	5.36E-08	5.78E-08	6.73E-08	7.18E-08	7.40E-08	6.42E-08	4.40E-08	5.15E-08	4.40E-08	3.22E-08	3.73E-08	3.83E-08	4.41E-08	5.31E-08	4.20E-08	3.84E-08
YPL144W	6.08E-07	NA	6.93E-07	6.71E-07	NA	NA	NA	3.52E-07	NA	2.71E-07	2.38E-07	NA	5.21E-07	4.70E-07	NA	3.93E-07
YOR171C	1.15E-07	1.00E-07	1.17E-07	1.04E-07	1.04E-07	8.49E-08	9.06E-08	NA	3.84E-08	8.20E-08	7.26E-08	8.13E-08	2.64E-07	2.74E-07	NA	NA
YDL147W	2.39E-06	2.46E-06	3.14E-06	3.08E-06	3.08E-06	3.04E-06	2.06E-06	1.95E-06	1.93E-06	1.74E-06	1.59E-06	1.70E-06	1.51E-06	1.41E-06	1.47E-06	1.53E-06
YPR011C	NA	NA	4.35E-08	NA	NA	2.74E-08	3.07E-08	2.30E-08	3.25E-08	2.12E-08	NA	NA	NA	3.33E-08	NA	NA
YLR093C	5.87E-07	NA	8.37E-07	7.07E-07	NA	8.97E-07	5.28E-07	4.68E-07	4.59E-07	2.96E-07	NA	3.34E-07	NA	2.38E-07	2.96E-07	1.88E-07
YDR507C	1.22E-07	9.16E-08	1.38E-07	1.53E-07	1.56E-07	1.76E-07	1.00E-07	9.96E-08	9.30E-08	7.99E-08	7.82E-08	9.20E-08	1.16E-07	1.20E-07	1.23E-07	1.20E-07
YOL061W	2.45E-06	2.40E-06	2.59E-06	2.21E-06	2.31E-06	2.38E-06	1.68E-06	1.49E-06	1.45E-06	1.33E-06	1.26E-06	1.34E-06	1.74E-06	1.76E-06	1.78E-06	1.76E-06
YLR086W	NA	NA	NA	NA	NA	NA	NA	NA	NA	NA	NA	NA	NA	NA	NA	NA
YPL246C	NA	2.49E-07	NA	4.70E-07	4.81E-07	NA	3.29E-07	2.30E-07	3.75E-07	2.10E-07	1.90E-07	2.69E-07	1.41E-07	1.09E-07	1.73E-07	2.56E-07
YOR109W	1.34E-07	1.24E-07	2.40E-07	1.85E-07	1.60E-07	1.95E-07	1.28E-07	1.21E-07	1.23E-07	8.15E-08	9.87E-08	1.05E-07	1.42E-07	9.04E-08	1.11E-07	1.14E-07
YOL102C	3.05E-07	2.80E-07	2.19E-07	4.10E-07	3.32E-07	4.10E-07	2.28E-07	1.88E-07	2.06E-07	1.72E-07	1.71E-07	1.80E-07	1.55E-07	1.56E-07	1.52E-07	1.45E-07
YOR227W	2.55E-07	2.98E-07	2.93E-07	3.51E-07	2.95E-07	3.42E-07	2.85E-07	2.35E-07	1.96E-07	1.70E-07	1.66E-07	2.17E-07	1.43E-07	1.14E-07	2.03E-07	2.12E-07
YDL111C	NA	NA	NA	NA	NA	NA	NA	NA	NA	NA	NA	NA	NA	NA	NA	NA
YPL242C	NA	NA	4.76E-07	5.45E-07	NA	5.45E-07	2.66E-07	2.63E-07	2.89E-07	3.42E-07	3.42E-07	4.04E-07	4.37E-07	4.78E-07	5.89E-07	NA
YOR221C	1.93E-07	NA	1.87E-07	2.05E-07	2.02E-07	2.06E-07	9.69E-08	1.11E-07	1.05E-07	7.93E-08	8.34E-08	8.12E-08	7.44E-08	6.51E-08	7.87E-08	8.56E-08
YOL111C	1.40E-06	1.44E-06	1.36E-06	1.69E-06	1.68E-06	1.74E-06	1.01E-06	1.06E-06	1.04E-06	7.83E-07	9.24E-07	9.28E-07	7.13E-07	7.14E-07	6.79E-07	7.17E-07
YLR126C	NA	NA	NA	NA	NA	NA	NA	NA	NA	NA	NA	NA	NA	NA	NA	NA
YOR100C	7.99E-07	6.79E-07	7.53E-07	7.18E-07	7.87E-07	7.18E-07	4.24E-07	8.11E-07	1.48E-06	4.73E-07	1.01E-06	1.02E-06	3.05E-07	9.26E-07	7.21E-07	3.28E-07
YLR063W	NA	NA	NA	NA	NA	NA	NA	NA	NA	NA	NA	NA	NA	NA	NA	NA
YOL083W	NA	NA	NA	NA	NA	NA	NA	NA	NA	NA	NA	NA	NA	NA	NA	NA
YOL060C	NA	NA	NA	NA	NA	1.41E-08	1.25E-08	NA	1.08E-08	NA	NA	9.99E-09	NA	NA	NA	NA
YDR061W	5.16E-07	4.88E-07	6.64E-07	3.78E-07	3.75E-07	3.94E-07	2.89E-07	2.79E-07	2.84E-07	2.23E-07	1.99E-07	2.27E-07	4.51E-07	4.10E-07	4.94E-07	4.47E-07
YOR285W	2.25E-05	2.52E-05	1.55E-05	1.64E-05	1.61E-05	1.63E-05	6.38E-06	6.43E-06	6.04E-06	4.27E-06	5.12E-06	4.68E-06	5.57E-06	5.04E-06	6.27E-06	5.70E-06
YDR510W	3.52E-06	3.25E-06	4.22E-06	2.45E-06	3.11E-06	3.16E-06	2.12E-06	1.96E-06	2.02E-06	1.66E-06	1.81E-06	1.97E-06	1.73E-06	1.58E-06	1.82E-06	1.74E-06
YPL007C	NA	NA	NA	NA	NA	NA	NA	NA	NA	NA	NA	NA	NA	NA	NA	NA
YOR021C	1.36E-06	1.37E-06	1.27E-06	9.51E-07	1.06E-06	1.08E-06	6.58E-07	7.44E-07	6.83E-07	5.64E-07	6.19E-07	6.28E-07	1.01E-06	1.03E-06	1.09E-06	1.09E-06
YPR070W	2.21E-08	2.52E-08	2.48E-08	2.57E-08	2.37E-08	2.90E-08	2.38E-08	1.72E-08	2.15E-08	1.83E-08	1.37E-08	1.51E-08	1.82E-08	2.61E-08	1.61E-08	NA
YOR087W	5.95E-07	2.76E-07	4.78E-07	8.51E-07	8.12E-07	1.02E-06	4.51E-07	5.46E-07	5.31E-07	3.03E-07	5.28E-07	4.47E-07	2.17E-07	2.18E-07	3.09E-07	3.52E-07
YDL217C	1.29E-07	1.90E-07	NA	9.73E-08	1.24E-07	NA	NA	NA	5.54E-08	3.62E-08	NA	NA	NA	NA	NA	1.17E-07
YDR171W	7.17E-06	7.85E-06	9.25E-06	9.32E-06	7.86E-06	8.48E-06	5.01E-06	4.92E-06	4.78E-06	3.90E-06	3.91E-06	3.64E-06	8.04E-07	7.77E-07	8.80E-07	7.59E-07
YDR262W	NA	3.80E-08	6.52E-08	7.69E-08	6.73E-08	8.43E-08	8.45E-08	7.70E-08	8.22E-08	5.68E-08	6.23E-08	4.99E-08	NA	NA	NA	NA
YDR032C	2.54E-05	2.46E-05	2.95E-05	3.52E-05	3.19E-05	3.35E-05	1.64E-05	1.73E-05	1.54E-05	1.33E-05	1.37E-05	1.31E-05	7.22E-06	6.88E-06	8.16E-06	7.21E-06
YOR004W	7.33E-08	NA	NA	6.65E-08	NA	7.06E-08	5.33E-08	4.24E-08	4.10E-08	4.02E-08	3.28E-08	NA	NA	NA	NA	NA
YPL001W	NA	1.39E-07	1.21E-07	1.19E-07	1.18E-07	1.87E-07	6.38E-08	7.97E-08	9.55E-08	8.90E-08	6.76E-08	7.67E-08	4.10E-08	4.43E-08	4.91E-08	5.27E-08
YOR174W	NA	6.06E-08	4.36E-08	4.87E-08	2.30E-09	5.07E-08	3.51E-08	3.53E-08	2.84E-08	2.73E-08	NA	2.49E-08	3.13E-08	3.22E-08	3.33E-08	3.47E-08
YPL249C	3.17E-08	2.56E-08	2.92E-08	3.61E-08	3.71E-08	3.47E-08	2.06E-08	2.31E-08	2.43E-08	1.92E-08	1.69E-08	1.84E-08	NA	NA	NA	1.67E-08
YLR295C	6.06E-07	6.54E-07	5.62E-07	5.10E-07	5.36E-07	6.07E-07	4.12E-07	4.02E-07	4.07E-07	2.74E-07	2.76E-07	2.98E-07	5.54E-07	5.08E-07	5.75E-07	5.20E-07
YLR118C	7.60E-07	7.62E-07	6.83E-07	9.63E-07	9.71E-07	1.10E-06	6.23E-07	6.67E-07	7.14E-07	5.04E-07	5.41E-07	5.98E-07	4.02E-07	4.14E-07	4.04E-07	3.93E-07
YDR055W	1.05E-08	1.72E-08	1.73E-08	1.13E-08	1.66E-08	1.18E-08	3.68E-09	3.77E-09	3.37E-09	2.13E-09	2.21E-09	7.41E-09	9.92E-09	4.70E-09	5.53E-09	5.93E-09
YOL066C	1.36E-07	9.77E-08	8.52E-08	9.56E-08	9.12E-08	1.15E-07	5.21E-08	6.62E-08	6.68E-08	4.80E-08	5.50E-08	5.69E-08	6.75E-08	6.09E-08	6.27E-08	6.56E-08
YOR230W	1.34E-05	1.46E-05	1.59E-05	1.81E-05	1.93E-05	1.83E-05	1.43E-05	1.34E-05	1.28E-05	1.08E-05	1.18E-05	1.14E-05	3.75E-06	3.80E-06	4.21E-06	3.84E-06
YLL003W	3.41E-07	NA	NA	6.05E-07	NA	NA	1.91E-07	NA	NA	NA	1.50E-07	2.76E-07	6.33E-07	6.54E-07	6.09E-07	7.00E-07
YLL022C	2.30E-07	2.31E-07	1.91E-07	2.62E-07	2.59E-07	2.82E-07	1.60E-07	1.52E-07	1.40E-07	1.17E-07	1.34E-07	1.40E-07	9.00E-08	9.30E-08	1.06E-07	9.20E-08
YPR155C	2.20E-07	2.12E-07	2.13E-07	3.23E-07	3.27E-07	3.32E-07	2.08E-07	1.84E-07	2.07E-07	1.24E-07	1.63E-07	1.36E-07	9.28E-08	7.14E-08	1.08E-07	1.62E-07
YOR130C	NA	NA	NA	NA	NA	NA	NA	NA	NA	NA	NA	NA	NA	NA	NA	NA
YDL097C	3.95E-06	4.08E-06	4.31E-06	4.25E-06	4.32E-06	4.24E-06	2.90E-06	2.82E-06	2.87E-06	2.31E-06	2.24E-06	2.45E-06	1.89E-06	1.77E-06	1.81E-06	1.76E-06
YOR311C	NA	NA	NA	NA	NA	NA	NA	NA	NA	NA	NA	NA	NA	NA	NA	NA
YOR141C	1.76E-07	1.70E-07	2.00E-07	2.41E-07	2.25E-07	2.40E-07	1.30E-07	1.36E-07	1.40E-07	1.17E-07	1.05E-07	1.13E-07	1.01E-07	1.13E-07	1.16E-07	1.28E-07
YOL076W	1.64E-07	1.77E-07	1.60E-07	2.08E-07	2.52E-07	2.15E-07	1.67E-07	1.50E-07	2.00E-07	1.34E-07	1.05E-07	1.15E-07	1.67E-07	1.12E-07	1.44E-07	2.21E-07
YDL031W	1.81E-07	1.72E-07	1.85E-07	1.28E-07	1.21E-07	1.19E-07	7.55E-08	7.72E-08	8.44E-08	6.37E-08	5.91E-08	6.18E-08	1.70E-07	1.77E-07	1.67E-07	1.74E-07
YLR080W	NA	NA	1.10E-07	NA	NA	NA	NA	NA	NA	NA	NA	NA	NA	NA	NA	NA
YOL093W	9.00E-08	9.96E-08	9.15E-08	8.38E-08	9.18E-08	9.14E-08	5.19E-08	4.84E-08	4.63E-08	3.75E-08	4.50E-08	4.55E-08	5.92E-08	5.98E-08	5.80E-08	5.45E-08
YPR028W	1.22E-06	1.03E-06	1.86E-06	3.02E-06	3.09E-06	2.64E-06	2.50E-06	2.34E-06	2.35E-06	1.92E-06	1.94E-06	2.21E-06	9.00E-07	8.37E-07	1.04E-06	1.47E-06
YOR288C	2.10E-07	1.44E-07	2.21E-07	1.57E-07	2.37E-07	1.93E-07	1.06E-07	1.17E-07	1.17E-07	8.10E-08	9.16E-08	9.28E-08	1.16E-07	1.32E-07	NA	1.15E-07
YOR084W	7.81E-07	8.19E-07	6.82E-07	3.92E-07	4.01E-07	4.32E-07	1.31E-07	1.28E-07	1.26E-07	7.22E-08	6.84E-08	7.55E-08	2.36E-07	2.24E-07	2.89E-07	2.56E-07
YPR034W	3.30E-07	3.01E-07	2.84E-07	3.35E-07	3.19E-07	3.62E-07	2.34E-07	2.39E-07	2.45E-07	1.91E-07	2.02E-07	1.99E-07	2.63E-07	2.56E-07	2.60E-07	2.46E-07
YDL046W	4.00E-07	4.09E-07	4.95E-07	6.39E-07	7.31E-07	6.67E-07	3.44E-07	2.26E-07	3.58E-07	2.63E-07	3.25E-07	2.53E-07	9.83E-08	9.97E-08	1.17E-07	9.73E-08
YOR110W	9.50E-09	9.70E-09	7.45E-09	NA	NA	NA	1.45E-08	NA	8.67E-09	6.50E-09	NA	4.34E-09	NA	NA	NA	NA
YPL151C	NA	NA	2.92E-08	NA	NA	NA	1.54E-08	NA	NA	NA	1.89E-08	1.02E-08	NA	2.59E-08	NA	NA
YDR169C	4.98E-08	4.51E-08	5.79E-08	5.49E-08	5.64E-08	6.13E-08	4.10E-08	4.59E-08	4.34E-08	3.37E-08	4.16E-08	3.92E-08	3.00E-08	2.96E-08	3.13E-08	3.05E-08
YPR002W	8.20E-06	8.14E-06	6.76E-06	3.98E-06	4.60E-06	4.24E-06	3.30E-07	3.32E-07	3.19E-07	1.48E-07	3.65E-07	1.67E-07	1.98E-06	1.82E-06	2.64E-06	2.17E-06
YLR143W	NA	3.77E-08	2.74E-08	NA	NA	4.14E-08	2.45E-08	2.23E-08	NA	2.01E-08	1.57E-08	NA	2.43E-08	2.21E-08	2.66E-08	2.75E-08
YPR023C	8.14E-08	7.91E-08	8.93E-08	9.47E-08	1.08E-07	1.09E-07	8.62E-08	NA	5.80E-08	6.71E-08	NA	5.50E-08	6.91E-08	6.28E-08	NA	8.24E-08
YDL135C	2.98E-06	3.12E-06	3.87E-06	2.83E-06	2.55E-06	2.99E-06	1.54E-06	1.47E-06	1.47E-06	1.21E-06	1.29E-06	1.21E-06	1.06E-06	1.07E-06	1.26E-06	1.24E-06
YDL204W	2.77E-07	2.92E-07	4.59E-07	3.54E-07	3.12E-07	2.84E-07	1.34E-07	1.29E-07	1.39E-07	1.02E-07	1.07E-07	1.04E-07	NA	1.61E-07	NA	NA
YLR018C	NA	NA	NA	NA	NA	NA	NA	1.15E-07	NA	8.90E-08	1.01E-07	NA	7.46E-08	7.50E-08	NA	1.20E-07
YOR181W	7.82E-07	7.19E-07	7.92E-07	8.98E-07	8.46E-07	8.52E-07	5.91E-07	6.91E-07	5.19E-07	4.32E-07	5.14E-07	4.90E-07	4.49E-07	4.40E-07	5.41E-07	5.00E-07
YDR071C	1.19E-05	1.28E-05	1.31E-05	1.15E-05	1.14E-05	1.22E-05	6.41E-06	6.67E-06	7.01E-06	5.43E-06	5.97E-06	6.35E-06	6.03E-06	5.80E-06	6.75E-06	6.08E-06
YDR214W	1.69E-05	1.79E-05	1.84E-05	1.17E-05	1.20E-05	1.23E-05	6.84E-06	6.75E-06	6.67E-06	5.01E-06	5.20E-06	4.97E-06	4.78E-06	4.64E-06	5.04E-06	4.80E-06
YDL019C	1.52E-07	1.65E-07	1.65E-07	2.09E-07	2.35E-07	2.26E-07	1.86E-07	1.95E-07	1.72E-07	1.60E-07	1.63E-07	1.53E-07	1.28E-07	1.11E-07	1.20E-07	1.41E-07
YLR100W	4.42E-07	4.12E-07	4.08E-07	7.42E-07	8.28E-07	6.88E-07	5.95E-07	5.57E-07	5.53E-07	3.99E-07	5.00E-07	4.91E-07	2.11E-07	1.79E-07	2.81E-07	3.27E-07
YOR112W	2.91E-07	3.06E-07	4.03E-07	3.83E-07	4.26E-07	4.28E-07	2.65E-07	2.58E-07	2.77E-07	1.90E-07	2.38E-07	2.20E-07	2.04E-07	1.59E-07	2.22E-07	2.62E-07
YDR067C	NA	NA	NA	NA	NA	NA	NA	NA	NA	NA	NA	NA	NA	NA	NA	NA
YLR146C	4.22E-08	4.44E-08	4.52E-08	2.65E-08	2.93E-08	3.17E-08	NA	2.06E-08	1.91E-08	NA	1.62E-08	1.49E-08	4.46E-08	4.86E-08	5.78E-08	5.13E-08
YDR368W	2.65E-06	2.76E-06	3.15E-06	3.43E-06	3.18E-06	3.35E-06	2.47E-06	2.66E-06	2.49E-06	2.22E-06	2.20E-06	2.42E-06	1.37E-06	1.36E-06	1.36E-06	1.34E-06
YLR197W	4.47E-06	4.56E-06	3.92E-06	2.74E-06	2.72E-06	2.79E-06	1.56E-06	1.49E-06	1.51E-06	1.28E-06	1.36E-06	1.48E-06	4.32E-06	4.25E-06	4.16E-06	4.09E-06
YOL147C	9.69E-07	9.94E-07	1.05E-06	1.40E-06	1.35E-06	1.35E-06	4.53E-07	4.82E-07	5.35E-07	3.48E-07	3.63E-07	3.59E-07	2.75E-07	2.46E-07	2.65E-07	2.96E-07
YOL124C	2.25E-07	NA	1.44E-07	NA	1.26E-07	NA	NA	8.15E-08	NA	NA	NA	NA	8.68E-08	NA	NA	NA
YPL235W	1.83E-06	1.93E-06	1.71E-06	1.74E-06	1.78E-06	1.91E-06	1.16E-06	1.12E-06	1.09E-06	9.86E-07	1.00E-06	9.87E-07	1.13E-06	1.15E-06	1.19E-06	1.09E-06
YOR086C	3.79E-07	3.83E-07	3.83E-07	5.87E-07	5.75E-07	5.90E-07	3.94E-07	4.05E-07	3.86E-07	2.97E-07	2.97E-07	3.15E-07	2.04E-07	2.16E-07	3.02E-07	3.14E-07
YDL175C	NA	NA	NA	NA	NA	NA	NA	1.99E-08	NA	NA	1.50E-08	NA	NA	NA	1.54E-08	NA
YPR004C	1.89E-06	1.99E-06	1.75E-06	1.74E-06	1.76E-06	1.74E-06	1.05E-06	1.09E-06	1.12E-06	8.40E-07	8.52E-07	9.05E-07	1.39E-06	1.36E-06	1.42E-06	1.47E-06
YPR021C	3.87E-08	4.32E-08	3.02E-08	1.99E-08	2.10E-08	2.32E-08	NA	NA	NA	NA	NA	NA	1.74E-08	NA	NA	NA
YPL002C	NA	NA	NA	NA	NA	NA	NA	NA	NA	NA	NA	NA	NA	NA	NA	NA
YOR131C	8.10E-07	7.61E-07	8.23E-07	7.31E-07	7.62E-07	8.29E-07	4.75E-07	4.95E-07	4.71E-07	3.84E-07	4.51E-07	4.67E-07	5.65E-07	5.70E-07	6.10E-07	6.15E-07
YOR150W	4.42E-07	3.95E-07	3.99E-07	3.26E-07	3.16E-07	2.98E-07	2.29E-07	1.71E-07	2.01E-07	1.86E-07	1.28E-07	1.69E-07	5.87E-07	5.63E-07	3.95E-07	5.88E-07
YDR017C	5.45E-09	9.49E-09	5.80E-09	6.10E-09	1.22E-08	6.20E-09	3.54E-09	8.81E-09	7.82E-09	2.90E-09	8.88E-09	3.46E-09	4.64E-09	5.13E-09	4.28E-09	4.06E-09
YPR018W	NA	2.93E-09	NA	NA	4.40E-09	NA	NA	NA	NA	NA	NA	NA	NA	NA	NA	2.84E-09
YOL098C	3.41E-07	3.16E-07	4.17E-07	3.96E-07	4.10E-07	4.14E-07	2.53E-07	2.34E-07	2.32E-07	1.78E-07	1.99E-07	1.97E-07	2.95E-07	2.89E-07	2.85E-07	3.12E-07
YOR310C	3.23E-06	3.59E-06	3.06E-06	2.23E-06	2.18E-06	2.21E-06	1.23E-06	1.22E-06	1.21E-06	9.69E-07	1.10E-06	1.26E-06	3.15E-06	3.00E-06	3.18E-06	3.31E-06
YLR114C	2.33E-08	1.84E-08	2.70E-08	2.98E-08	3.98E-08	3.03E-08	2.11E-08	1.93E-08	1.99E-08	1.61E-08	NA	1.56E-08	NA	NA	1.45E-08	NA
YDR257C	4.24E-07	4.95E-07	2.82E-07	NA	3.22E-07	3.14E-07	2.13E-07	2.07E-07	NA	1.51E-07	1.40E-07	1.57E-07	2.07E-07	1.68E-07	NA	2.34E-07
YDR255C	2.16E-08	NA	4.20E-08	NA	NA	NA	2.10E-08	1.93E-08	1.73E-08	1.62E-08	NA	NA	NA	NA	NA	NA
YLR085C	NA	NA	NA	NA	7.13E-08	NA	NA	NA	NA	NA	NA	NA	NA	NA	3.43E-08	NA
YOR090C	3.84E-08	3.19E-08	2.14E-08	NA	NA	NA	2.74E-08	NA	NA	NA	NA	NA	2.51E-08	NA	2.81E-08	NA
YDL110C	1.10E-06	1.28E-06	9.59E-07	9.05E-07	8.38E-07	8.35E-07	4.19E-07	4.13E-07	4.32E-07	3.25E-07	3.52E-07	2.91E-07	1.65E-07	1.74E-07	2.21E-07	2.09E-07
YPR072W	1.93E-07	1.82E-07	2.07E-07	1.98E-07	2.30E-07	2.09E-07	1.31E-07	1.44E-07	1.42E-07	1.19E-07	1.21E-07	1.20E-07	1.19E-07	1.16E-07	1.25E-07	1.24E-07
YDL173W	8.26E-07	1.05E-06	8.71E-07	6.48E-07	NA	7.35E-07	4.81E-07	4.70E-07	4.88E-07	3.33E-07	4.09E-07	4.14E-07	4.30E-07	NA	4.32E-07	4.86E-07
YOL149W	1.10E-07	1.06E-07	1.18E-07	1.17E-07	1.09E-07	1.37E-07	8.23E-08	7.69E-08	7.61E-08	5.63E-08	7.45E-08	6.88E-08	7.58E-08	8.05E-08	7.86E-08	7.29E-08
YDL161W	2.34E-07	2.09E-07	2.52E-07	1.94E-07	1.74E-07	1.85E-07	NA	1.71E-07	9.10E-08	7.16E-08	1.06E-07	1.16E-07	9.18E-08	7.92E-08	9.62E-08	8.94E-08
YPR016C	3.39E-06	3.30E-06	2.78E-06	2.17E-06	2.13E-06	2.50E-06	1.50E-06	1.53E-06	1.28E-06	1.10E-06	1.24E-06	1.16E-06	2.60E-06	2.49E-06	2.59E-06	2.48E-06
YLL062C	NA	8.18E-08	1.11E-07	1.40E-07	4.51E-08	NA	NA	NA	NA	NA	4.88E-08	NA	1.01E-07	NA	1.06E-07	9.61E-08
YPR049C	NA	NA	NA	NA	NA	NA	NA	1.20E-07	NA	NA	1.02E-07	NA	NA	3.50E-08	3.65E-08	NA
YPL009C	2.17E-07	2.22E-07	2.15E-07	2.44E-07	2.58E-07	2.61E-07	1.66E-07	1.71E-07	1.65E-07	1.38E-07	1.36E-07	1.34E-07	1.81E-07	1.85E-07	1.70E-07	1.88E-07
YPL079W	4.75E-06	4.58E-06	4.05E-06	4.56E-06	5.20E-06	4.05E-06	2.85E-06	2.97E-06	3.32E-06	2.19E-06	2.57E-06	2.13E-06	4.05E-06	4.20E-06	4.10E-06	4.10E-06
YMR113W	NA	NA	1.32E-07	NA	NA	1.73E-07	8.73E-08	9.41E-08	1.22E-07	1.02E-07	7.24E-08	8.45E-08	NA	1.07E-07	NA	NA
YDL171C	5.84E-07	5.18E-07	6.23E-07	3.26E-06	2.96E-06	3.03E-06	1.86E-06	1.85E-06	1.99E-06	1.31E-06	1.32E-06	1.39E-06	5.78E-07	5.35E-07	6.61E-07	7.63E-07
YDL082W	6.81E-07	6.86E-07	6.85E-07	5.51E-07	5.54E-07	5.27E-07	3.27E-07	3.38E-07	3.33E-07	2.55E-07	2.97E-07	3.05E-07	7.48E-07	7.34E-07	6.84E-07	7.27E-07
YOL012C	2.44E-06	2.71E-06	2.29E-06	3.69E-06	3.67E-06	3.93E-06	2.51E-06	2.60E-06	2.58E-06	2.25E-06	2.31E-06	2.40E-06	1.41E-06	1.35E-06	1.32E-06	1.32E-06
YLR440C	5.28E-08	4.01E-08	3.04E-08	NA	4.51E-08	NA	2.73E-08	NA	NA	NA	1.96E-08	1.54E-08	NA	2.26E-08	NA	3.56E-08
YML125C	NA	NA	NA	3.40E-07	3.31E-07	3.57E-07	2.67E-07	1.40E-07	2.24E-07	1.21E-07	1.46E-07	1.37E-07	1.33E-07	NA	1.85E-07	NA
YMR185W	NA	2.56E-09	NA	NA	NA	NA	NA	2.41E-09	2.75E-09	3.57E-09	2.84E-09	3.80E-09	NA	NA	NA	NA
YPR008W	NA	NA	NA	1.17E-07	1.06E-07	1.56E-07	8.48E-08	6.56E-08	7.30E-08	5.97E-08	NA	4.48E-08	NA	NA	5.85E-08	5.93E-08
YPL012W	1.50E-07	1.45E-07	1.70E-07	1.89E-07	1.57E-07	1.94E-07	1.06E-07	1.00E-07	1.14E-07	7.28E-08	9.03E-08	9.74E-08	1.39E-07	1.17E-07	1.64E-07	1.88E-07
YDR381C-A	1.47E-07	1.63E-07	1.85E-07	1.02E-07	1.12E-07	1.03E-07	7.32E-08	6.81E-08	7.12E-08	4.19E-08	5.81E-08	4.38E-08	1.63E-07	1.61E-07	1.93E-07	1.71E-07
YGR271C-A	2.65E-07	2.97E-07	2.08E-07	2.59E-07	2.99E-07	2.67E-07	1.36E-07	1.42E-07	1.38E-07	1.28E-07	1.35E-07	1.37E-07	2.08E-07	2.01E-07	2.33E-07	2.32E-07
YBL029C-A	4.27E-07	4.36E-07	4.76E-07	5.43E-07	5.28E-07	5.26E-07	4.05E-07	4.15E-07	3.91E-07	3.18E-07	3.92E-07	3.65E-07	1.33E-07	1.26E-07	1.55E-07	1.22E-07
YLR262C-A	6.37E-06	6.55E-06	6.47E-06	4.34E-06	5.17E-06	4.39E-06	2.42E-06	2.80E-06	2.69E-06	2.31E-06	2.32E-06	2.48E-06	4.36E-06	4.21E-06	4.92E-06	4.81E-06
YGR169C-A	NA	NA	NA	NA	1.29E-06	2.24E-06	NA	NA	1.42E-06	5.68E-07	NA	1.08E-06	NA	NA	NA	NA
YBR255C-A	5.93E-08	7.40E-08	5.30E-08	6.43E-08	5.73E-08	4.24E-08	2.79E-08	2.44E-08	2.70E-08	2.09E-08	NA	2.03E-08	3.41E-08	2.43E-08	2.98E-08	2.93E-08
YDR379C-A	3.87E-07	3.23E-07	3.39E-07	9.71E-08	1.13E-07	7.95E-08	1.45E-07	1.41E-07	1.30E-07	1.02E-07	1.06E-07	1.07E-07	1.50E-07	1.75E-07	2.18E-07	1.76E-07
YAL044W-A	3.51E-07	3.05E-07	1.60E-07	2.27E-07	2.21E-07	2.54E-07	1.22E-07	1.11E-07	1.17E-07	8.35E-08	NA	8.96E-08	1.66E-07	1.65E-07	1.98E-07	NA
YJL133C-A	1.05E-06	9.94E-07	3.73E-07	NA	6.46E-07	6.86E-07	2.75E-07	3.09E-07	NA	NA	1.83E-07	1.46E-07	8.96E-07	9.89E-07	9.55E-07	6.82E-07
YBL059C-A	5.83E-07	6.50E-07	5.09E-07	4.18E-07	3.21E-07	3.64E-07	2.04E-07	2.43E-07	2.84E-07	1.71E-07	1.82E-07	1.83E-07	5.94E-07	5.87E-07	7.74E-07	5.82E-07
YJL062W-A	2.20E-07	2.45E-07	2.33E-07	1.53E-07	1.52E-07	1.31E-07	8.55E-08	8.85E-08	8.00E-08	6.91E-08	7.20E-08	7.72E-08	2.51E-07	2.48E-07	2.46E-07	2.41E-07
YOR167C	4.88E-05	5.48E-05	4.84E-05	5.43E-05	5.37E-05	5.38E-05	3.63E-05	3.40E-05	3.38E-05	2.12E-05	2.71E-05	2.28E-05	4.87E-05	4.72E-05	5.26E-05	4.49E-05
YIL002W-A	1.35E-07	9.70E-08	4.76E-08	NA	9.99E-08	NA	7.52E-08	NA	7.95E-08	NA	NA	NA	9.28E-08	NA	9.21E-08	1.06E-07
YOR020W-A	3.31E-07	3.61E-07	3.19E-07	4.61E-07	4.82E-07	4.62E-07	3.65E-07	3.72E-07	3.41E-07	2.97E-07	3.11E-07	2.70E-07	9.96E-08	1.46E-07	1.18E-07	1.04E-07
YKR095W-A	3.87E-07	3.97E-07	NA	3.95E-07	3.50E-07	4.32E-07	1.75E-07	2.06E-07	5.04E-08	1.34E-07	1.50E-07	3.95E-08	2.17E-07	1.61E-07	NA	1.92E-07
YNR034W-A	6.06E-06	7.78E-06	1.11E-05	1.10E-05	8.20E-06	8.56E-06	5.63E-07	6.24E-07	8.44E-07	3.34E-07	3.75E-07	NA	7.47E-07	7.88E-07	1.05E-06	8.68E-07
YMR244C-A	3.40E-06	3.58E-06	3.03E-06	2.96E-06	3.11E-06	3.13E-06	1.94E-06	2.02E-06	1.85E-06	1.53E-06	1.60E-06	1.45E-06	2.38E-06	2.27E-06	2.56E-06	2.46E-06
YNR032C-A	4.00E-07	4.37E-07	5.48E-07	7.28E-07	7.74E-07	6.96E-07	4.34E-07	6.02E-07	5.56E-07	3.92E-07	4.22E-07	4.24E-07	3.08E-07	NA	NA	2.70E-07
YHR072W-A	4.66E-06	4.82E-06	4.11E-06	4.17E-06	4.24E-06	5.00E-06	2.29E-06	2.47E-06	2.22E-06	1.84E-06	2.28E-06	2.22E-06	3.82E-06	3.99E-06	3.97E-06	3.54E-06
YER048W-A	2.26E-06	2.61E-06	2.35E-06	2.27E-06	2.96E-06	2.66E-06	1.51E-06	1.43E-06	1.58E-06	1.16E-06	1.26E-06	1.30E-06	1.80E-06	1.92E-06	2.02E-06	2.02E-06
YKL033W-A	5.95E-07	4.96E-07	4.25E-07	4.30E-07	3.96E-07	4.47E-07	2.24E-07	2.25E-07	2.03E-07	2.21E-07	2.25E-07	2.09E-07	2.69E-07	2.71E-07	2.70E-07	2.97E-07
YDR397C	4.42E-08	6.74E-08	5.76E-08	7.68E-08	6.12E-08	4.99E-08	4.48E-08	4.42E-08	3.54E-08	1.95E-08	4.64E-08	4.22E-08	5.25E-08	4.22E-08	4.25E-08	4.35E-08
YOL025W	NA	NA	1.48E-07	NA	1.45E-07	1.81E-07	1.31E-07	1.21E-07	9.93E-08	7.63E-08	8.78E-08	8.25E-08	3.67E-08	3.21E-08	7.04E-08	3.84E-08
YOR069W	1.47E-07	1.73E-07	1.37E-07	1.78E-07	1.39E-07	1.33E-07	9.55E-08	1.06E-07	1.06E-07	7.13E-08	1.07E-07	9.10E-08	7.71E-08	5.60E-08	7.77E-08	6.18E-08
YCL026C-B	3.37E-06	2.99E-06	2.57E-06	9.24E-07	9.74E-07	1.01E-06	5.00E-07	4.27E-07	3.76E-07	2.92E-07	2.82E-07	4.01E-07	8.29E-07	8.56E-07	1.02E-06	8.20E-07
YCL057C-A	1.18E-07	1.22E-07	1.07E-07	1.17E-07	1.05E-07	1.10E-07	7.35E-08	6.99E-08	6.63E-08	4.63E-08	4.83E-08	5.90E-08	7.79E-08	6.39E-08	4.49E-08	4.82E-08
YOR319W	NA	4.50E-08	NA	NA	2.60E-08	6.78E-08	4.61E-08	4.57E-08	4.30E-08	3.09E-08	3.05E-08	2.39E-08	NA	NA	3.00E-08	3.27E-08
YOL062C	NA	8.29E-08	NA	NA	1.00E-07	1.08E-07	5.96E-08	6.28E-08	5.58E-08	5.86E-08	NA	4.73E-08	6.01E-08	6.84E-08	6.78E-08	5.10E-08
YOR160W	NA	3.97E-08	4.32E-08	4.87E-08	NA	NA	NA	5.78E-08	NA	NA	NA	7.45E-08	NA	NA	NA	4.37E-08
YDL015C	1.44E-06	1.50E-06	1.66E-06	2.90E-06	3.11E-06	2.22E-06	2.21E-06	2.15E-06	2.17E-06	1.52E-06	1.55E-06	1.83E-06	1.07E-06	1.17E-06	1.35E-06	1.30E-06
YDL148C	1.38E-07	1.16E-07	1.61E-07	1.17E-07	1.20E-07	1.21E-07	7.53E-08	7.38E-08	6.06E-08	5.42E-08	6.84E-08	7.24E-08	1.08E-07	1.02E-07	1.21E-07	1.88E-07
YOR111W	2.88E-08	NA	2.32E-08	NA	NA	3.21E-08	NA	1.63E-08	1.56E-08	NA	1.85E-08	1.51E-08	NA	NA	NA	NA
YOR145C	2.52E-07	1.93E-07	2.14E-07	1.98E-07	2.36E-07	2.96E-07	1.75E-07	1.66E-07	1.89E-07	1.62E-07	1.50E-07	1.27E-07	2.37E-07	2.50E-07	2.81E-07	2.49E-07
YDR057W	NA	1.59E-07	1.10E-07	9.66E-08	1.35E-07	1.22E-07	9.11E-08	NA	8.51E-08	4.86E-08	6.69E-08	NA	4.94E-08	4.71E-08	6.90E-08	6.66E-08
YOL087C	1.63E-09	NA	NA	4.44E-09	NA	NA	NA	3.19E-09	NA	2.01E-09	NA	1.19E-09	NA	NA	NA	2.85E-09
YPL169C	4.66E-07	3.94E-07	4.40E-07	4.55E-07	4.06E-07	4.95E-07	3.11E-07	3.15E-07	2.96E-07	3.02E-07	2.67E-07	3.11E-07	4.54E-07	4.47E-07	4.66E-07	4.34E-07
YDR487C	6.40E-06	6.73E-06	7.27E-06	5.14E-06	5.83E-06	5.91E-06	2.96E-06	3.23E-06	3.06E-06	2.14E-06	2.43E-06	2.56E-06	4.61E-06	4.36E-06	4.54E-06	4.21E-06
YLR262C	7.07E-07	7.71E-07	8.23E-07	9.60E-07	1.01E-06	1.06E-06	7.11E-07	5.64E-07	6.26E-07	4.30E-07	5.62E-07	5.56E-07	3.85E-07	NA	4.93E-07	6.21E-07
YOR165W	4.32E-07	4.15E-07	4.60E-07	4.46E-07	4.26E-07	4.38E-07	2.85E-07	2.99E-07	3.03E-07	2.27E-07	2.34E-07	2.49E-07	2.29E-07	2.24E-07	3.31E-07	3.59E-07
YDR051C	4.18E-07	4.02E-07	4.27E-07	3.59E-07	3.40E-07	3.31E-07	2.19E-07	2.44E-07	2.46E-07	1.83E-07	1.65E-07	1.73E-07	2.64E-07	2.77E-07	2.88E-07	2.71E-07
YOR222W	1.13E-06	1.01E-06	9.70E-07	1.85E-06	1.56E-06	1.57E-06	1.11E-06	1.09E-06	1.09E-06	9.52E-07	8.81E-07	9.21E-07	1.15E-06	1.09E-06	8.70E-07	9.31E-07
YOR155C	7.72E-07	8.59E-07	7.91E-07	7.67E-07	7.95E-07	7.31E-07	5.00E-07	4.84E-07	4.66E-07	4.03E-07	3.81E-07	3.80E-07	4.88E-07	4.51E-07	3.91E-07	4.74E-07
YOL088C	4.74E-07	5.15E-07	6.13E-07	8.39E-07	9.28E-07	8.65E-07	4.64E-07	5.27E-07	4.91E-07	3.75E-07	4.43E-07	4.84E-07	1.79E-07	1.68E-07	1.97E-07	1.68E-07
YOR163W	7.00E-08	8.23E-08	7.88E-08	1.08E-07	8.95E-08	1.14E-07	5.90E-08	5.91E-08	5.81E-08	5.00E-08	6.23E-08	4.87E-08	3.00E-08	NA	3.53E-08	NA
YPR066W	NA	NA	NA	NA	2.47E-08	NA	NA	NA	NA	1.91E-08	NA	NA	NA	NA	NA	NA
YOR280C	3.73E-07	4.26E-07	3.73E-07	4.19E-07	4.28E-07	4.12E-07	2.48E-07	2.71E-07	2.37E-07	1.95E-07	1.91E-07	1.90E-07	1.64E-07	1.85E-07	1.92E-07	1.34E-07
YOL123W	9.75E-07	1.05E-06	9.91E-07	1.21E-06	1.17E-06	1.21E-06	8.21E-07	8.36E-07	8.01E-07	6.55E-07	7.30E-07	8.04E-07	6.58E-07	6.53E-07	6.90E-07	6.75E-07
YOR115C	NA	9.13E-08	NA	8.88E-08	1.30E-07	NA	NA	NA	1.26E-07	NA	NA	6.82E-08	NA	NA	NA	6.88E-08
YHR132W-A	NA	NA	NA	NA	NA	NA	NA	NA	NA	NA	NA	NA	3.97E-07	NA	NA	NA
